domain,item,compustat_field,crsp_field,factset_field,source,stage,column,basis,target,sprint,reference,origin
"01 Security master, symbology",(domain),,stocknames,Symbology,"submissions (formerNames, 8-A, 25, 15), cover-page `dei` tags, FINRA names, 13F/FTD/N-PORT CUSIPs, OpenFIGI, GLEIF",identity_table; security_master,link_tier,"member_equity cells per year, PIT tiers (strict + name) and any tier",PIT links ≥ 95% of member_equity cells from 2019; CUSIP/ISIN/FIGI/LEI histories; exchange and share-code history,S2,"CRSP stocknames, CCM links, FactSet Symbology",plan 1.1 #1
"02 Daily prices, returns, shares, market cap",(domain),,DSF/MSF,,TickerHistory3 (vendor),prices; panel,ret|close|shares_out|me_company,member_equity cells per year,validated returns; daily shares by class; 1990+ only if U4 bought,S3,CRSP DSF/MSF,plan 1.1 #2
"03 Distributions, corporate actions",(domain),,DSE,CA,"vendor factors, XBRL dividends declared, 8-K / EX-99, Form 10",corporate_actions,kind|split_ratio|implied_cash,member-line cash dividends from 2019,"declare, record and pay dates; spin-off ratios",S3,"CRSP DSE, FactSet CA",plan 1.1 #3
04 Delisting returns,(domain),,DLRET,,"8-K 1.01/2.01, DEFM14A, SC TO-T, Form 25",delisting,dlret|cause,M&A delistings from 2018 with exact DLRET,"exact for cash deals, flagged imputation for the rest",S3,CRSP DLRET,plan 1.1 #4
05 Index membership,(domain),,,,"rule-based proxies, public reconstitution and change lists",,,public reconstitution lists where available,R1000/R2000/R3000 and S&P 500 proxies,S3,"S&P, Russell constituents",plan 1.1 #5
"06 Fundamentals, annual and quarterly",(domain),FUNDA/FUNDQ,,FF,"CompanyFacts, FSDS (NUM/PRE)",fundamentals; export_fundamental_events,,"items at >= 90% of top-3000 cells, FY2015-2025",≥ 110 items at ≥ 90% (tier-1 gate); stretch 250,S4,"Compustat FUNDA/FUNDQ, FactSet FF",plan 1.1 #6
"07 Footnotes, segments",(domain),Segments,,,SEC *Financial Statement and Notes* data sets,notes,,multi-segment 10-K filers,"segments, debt maturities, leases, pension, SBC, tax",S4,"Compustat Segments, pension, debt schedules",plan 1.1 #7
"08 Bank, insurer, REIT and utility formats",(domain),Bank / FS,,,"FFIEC Call Reports, FR Y-9C, XBRL, EX-99 FFO",fundamentals,fin_template,linked bank holding companies,"bank items (loans, deposits, NII, provisions, capital); FFO",S4,Compustat Bank / FS,plan 1.1 #8
09 FX for non-USD filers,(domain),,,FX,FRED H.10,reference,usd_per_ccy,non-USD filer events whose currency H.10 covers,"converted, flagged",S4,FactSet FX,plan 1.1 #9
10 Institutional and fund ownership,(domain),,,Ownership,"13F, N-PORT, Form ADV, 13D/13G",thirteenf,inst_shares,member_equity cells per year; 13F SH value per quarter,"+ mutual funds, filer type, activist stakes",S5,FactSet Ownership,plan 1.1 #10
11 Insiders,(domain),,,Insiders,"Forms 3/4/5, 144",insider,insider_last_code,member_equity cells per year,"+ Form 144, net-buying measures",S5,FactSet Insiders,plan 1.1 #11
"12 Short interest, fails, lending",(domain),,,,"FINRA SI and short volume, SEC FTD, Reg SHO",short_interest; short_volume; ftd; regsho_threshold; borrow_proxy,si_shares|sv_total_volume,member_equity cells per year,Reg SHO complete; lending via license adapter,"S5, S8","FINRA, Markit",plan 1.1 #12
13 Events,(domain),,,,"8-K, S-4, DEFM14A, SC TO, 425, Form 10, S-1, 424B, 6-K",sec_filings; earnings_calendar,earn_last_utc,member_equity issuers per year; hand-checked samples,"M&A deals, IPO/SEO, buybacks, dividends, guidance, halts, governance",S6,"StreetAccount, SDC-lite",plan 1.1 #13
14 Classification,(domain),,,,"SIC, SIC→NAICS crosswalk, FF, 10-K text (TNIC-style)",fundamentals,grp_ff49,linked issuers with a SIC,"+ NAICS (approximate), text industries",S7,"GICS, RBICS",plan 1.1 #14
15 Filing text,(domain),,,Filings,EDGAR documents,sec_filings,,"member_equity cells, PIT","risk-factor and MD&A change, length, readability",S7,FactSet Filings,plan 1.1 #15
16 Estimates,(domain),,,Estimates,none free (guidance extraction as substitute),,,license adapter contract tests (mock),license adapter + guidance substitute,"S6, S8","I/B/E/S, FactSet Estimates",plan 1.1 #16
17 Options,(domain),,,,atx-vol / vendor,prices; panel,iv_atm_21d,optionable member lines,"skew, volume, OI (atx-vol or license)",S8,OptionMetrics,plan 1.1 #17
"18 Macro, rates, FX, factors",(domain),,,,"FRED, Treasury, French/JKP/OSAP",reference,,series complete 2010+,"yield curve, FX, VIX, factor files",S1,"FRED, French",plan 1.1 #18
19 Characteristic library,(domain),,,,computed,characteristics; panel,,"characteristics with definitions, clocks, staleness","≥ 250 characteristics, replicated",S9,"JKP, OSAP",plan 1.1 #19
20 Operations,(domain),,,,own,lake,,"unattended daily runs, SLO snapshots","daily incremental, SLOs, reproducible releases",S10,vendor SLAs,plan 1.1 #20
"06 Fundamentals, annual and quarterly",revenue,sale|revt|saleq|revtq,,FF_SALES,"SEC Company Facts / FSDS (us-gaap RevenueFromContractWithCustomerExcludingAssessedTax, RevenueFromContractWithCustomerIncludingAssessedTax, Revenues)",fundamentals,sale_q|sale_ttm,"member_equity cells linked to a USD filer, ex-structural (metrics); all filing events (fundamentals)","sale_ttm >= 0.96 (mega-alpha section 2, linked-USD non-structural); >= 0.90 of top-3000 by market cap, every FY2015-FY2025 (spec gate, S4 exit)",S4,total revenues,spec income
"06 Fundamentals, annual and quarterly",cost_of_revenue,cogs|cogsq,,FF_COGS,"SEC Company Facts / FSDS (us-gaap CostOfGoodsAndServicesSold, CostOfRevenue, CostOfGoodsSold)",fundamentals,cogs_q|cogs_ttm,"member_equity cells linked to a USD filer, ex-structural (metrics); all filing events (fundamentals)",">= 0.90 of top-3000 by market cap, every FY2015-FY2025 (spec gate, S4 exit)",S4,,spec income
"06 Fundamentals, annual and quarterly",gross_profit,gp,,FF_GROSS_INC,SEC Company Facts / FSDS (us-gaap GrossProfit),fundamentals,gp_q|gp_ttm,"member_equity cells linked to a USD filer, ex-structural (metrics); all filing events (fundamentals)","gp_ttm >= 0.90 (mega-alpha section 2, linked-USD non-structural); >= 0.90 of top-3000 by market cap, every FY2015-FY2025 (spec gate, S4 exit)",S4,derived if missing: revenue - cost_of_revenue,spec income
"06 Fundamentals, annual and quarterly",sga_expense,xsga|xsgaq,,FF_SGA,"SEC Company Facts / FSDS (us-gaap SellingGeneralAndAdministrativeExpense, OtherSellingGeneralAndAdministrativeExpense)",fundamentals,xsga_q|xsga_ttm,"member_equity cells linked to a USD filer, ex-structural (metrics); all filing events (fundamentals)",">= 0.90 of top-3000 by market cap, every FY2015-FY2025 (spec gate, S4 exit)",S4,,spec income
"06 Fundamentals, annual and quarterly",rd_expense,xrd|xrdq,,FF_RD_EXP,"SEC Company Facts / FSDS (us-gaap ResearchAndDevelopmentExpense, ResearchAndDevelopmentExpenseExcludingAcquiredInProcessCost, ResearchAndDevelopmentExpenseSoftwareExcludingAcquiredInProcessCost)",fundamentals,xrd_ttm,"member_equity cells linked to a USD filer, ex-structural (metrics); all filing events (fundamentals)","xrd_ttm >= 0.95 (mega-alpha section 2, linked-USD non-structural); >= 0.90 of top-3000 by market cap, every FY2015-FY2025 (spec gate, S4 exit)",S4,,spec income
"06 Fundamentals, annual and quarterly",depreciation_amortization,dp|dpq,,FF_DEP_AMORT_EXP,"SEC Company Facts / FSDS (us-gaap DepreciationAndAmortization, DepreciationDepletionAndAmortizationNonproduction, CostOfGoodsAndServicesSoldDepreciationAndAmortization)",fundamentals,dp_q|dp_ttm,"member_equity cells linked to a USD filer, ex-structural (metrics); all filing events (fundamentals)",">= 0.90 of top-3000 by market cap, every FY2015-FY2025 (spec gate, S4 exit)",S4,,spec income
"06 Fundamentals, annual and quarterly",operating_income,oiadp|oiadpq,,FF_OPER_INC,SEC Company Facts / FSDS (us-gaap OperatingIncomeLoss),fundamentals,oi_q|oi_ttm,"member_equity cells linked to a USD filer, ex-structural (metrics); all filing events (fundamentals)","oi_ttm >= 0.92 (mega-alpha section 2, linked-USD non-structural); >= 0.90 of top-3000 by market cap, every FY2015-FY2025 (spec gate, S4 exit)",S4,,spec income
"06 Fundamentals, annual and quarterly",ebitda,oibdp|oibdpq,,FF_EBITDA_OPER,SEC Company Facts / FSDS,fundamentals,ebitda_q|ebitda_ttm,"member_equity cells linked to a USD filer, ex-structural (metrics); all filing events (fundamentals)",">= 0.90 of top-3000 by market cap, every FY2015-FY2025 (spec gate, S4 exit)",S4,derived: operating_income + depreciation_amortization,spec income
"06 Fundamentals, annual and quarterly",interest_expense,xint|xintq,,FF_INT_EXP_TOT,"SEC Company Facts / FSDS (us-gaap InterestExpense, InterestExpenseNonoperating, InterestAndDebtExpense)",fundamentals,xint_q|xint_ttm,"member_equity cells linked to a USD filer, ex-structural (metrics); all filing events (fundamentals)",">= 0.90 of top-3000 by market cap, every FY2015-FY2025 (spec gate, S4 exit)",S4,,spec income
"06 Fundamentals, annual and quarterly",nonoperating_income,nopi,,FF_NON_OPER_INC,SEC Company Facts / FSDS (us-gaap NonoperatingIncomeExpense),,,"member_equity cells linked to a USD filer, ex-structural (metrics); all filing events (fundamentals)",">= 0.90 of top-3000 by market cap, every FY2015-FY2025 (spec gate, S4 exit)",S4,,spec income
"06 Fundamentals, annual and quarterly",special_items,spi,,FF_SPECIAL_ITEMS,"SEC Company Facts / FSDS (us-gaap RestructuringCharges, AssetImpairmentCharges, GoodwillAndIntangibleAssetImpairmentCharge)",,,"member_equity cells linked to a USD filer, ex-structural (metrics); all filing events (fundamentals)",">= 0.90 of top-3000 by market cap, every FY2015-FY2025 (spec gate, S4 exit)",S4,,spec income
"06 Fundamentals, annual and quarterly",pretax_income,pi|piq,,FF_PRETAX_INC,"SEC Company Facts / FSDS (us-gaap IncomeLossFromContinuingOperationsBeforeIncomeTaxesExtraordinaryItemsNoncontrollingInterest, IncomeLossFromContinuingOperationsBeforeIncomeTaxesMinorityInterestAndIncomeLossFromEquityMethodInvestments)",,,"member_equity cells linked to a USD filer, ex-structural (metrics); all filing events (fundamentals)",">= 0.90 of top-3000 by market cap, every FY2015-FY2025 (spec gate, S4 exit)",S4,,spec income
"06 Fundamentals, annual and quarterly",income_tax,txt|txtq,,FF_INC_TAX,"SEC Company Facts / FSDS (us-gaap IncomeTaxExpenseBenefit, IncomeTaxExpenseBenefitContinuingOperations)",fundamentals,txt_q,"member_equity cells linked to a USD filer, ex-structural (metrics); all filing events (fundamentals)","txt_q >= 0.95 (mega-alpha section 2, linked-USD non-structural); >= 0.90 of top-3000 by market cap, every FY2015-FY2025 (spec gate, S4 exit)",S4,,spec income
"06 Fundamentals, annual and quarterly",income_before_extraordinary,ib|ibq,,FF_NET_INC,"SEC Company Facts / FSDS (us-gaap IncomeLossFromContinuingOperations, IncomeLossFromContinuingOperationsIncludingPortionAttributableToNoncontrollingInterest)",,,"member_equity cells linked to a USD filer, ex-structural (metrics); all filing events (fundamentals)",">= 0.90 of top-3000 by market cap, every FY2015-FY2025 (spec gate, S4 exit)",S4,,spec income
"06 Fundamentals, annual and quarterly",minority_interest_income,mii,,FF_MIN_INT_INC,"SEC Company Facts / FSDS (us-gaap NetIncomeLossAttributableToNoncontrollingInterest, MinorityInterestInNetIncomeLoss, NetIncomeLossAttributableToRedeemableNoncontrollingInterest)",,,"member_equity cells linked to a USD filer, ex-structural (metrics); all filing events (fundamentals)",">= 0.90 of top-3000 by market cap, every FY2015-FY2025 (spec gate, S4 exit)",S4,,spec income
"06 Fundamentals, annual and quarterly",net_income,ni|niq,,FF_NET_INC_TOT,"SEC Company Facts / FSDS (us-gaap NetIncomeLoss, ProfitLoss)",fundamentals,ni_q|ni_ttm,"member_equity cells linked to a USD filer, ex-structural (metrics); all filing events (fundamentals)",">= 0.90 of top-3000 by market cap, every FY2015-FY2025 (spec gate, S4 exit)",S4,,spec income
"06 Fundamentals, annual and quarterly",net_income_common,ibcom|ibcomq,,FF_NET_INC_AVAIL,"SEC Company Facts / FSDS (us-gaap NetIncomeLossAvailableToCommonStockholdersBasic, NetIncomeLossAvailableToCommonStockholdersDiluted)",,,"member_equity cells linked to a USD filer, ex-structural (metrics); all filing events (fundamentals)",">= 0.90 of top-3000 by market cap, every FY2015-FY2025 (spec gate, S4 exit)",S4,after preferred dividends,spec income
"06 Fundamentals, annual and quarterly",discontinued_operations,do,,,SEC Company Facts / FSDS,,,"member_equity cells linked to a USD filer, ex-structural (metrics); all filing events (fundamentals)",">= 0.90 of top-3000 by market cap, every FY2015-FY2025 (spec gate, S4 exit)",S4,,spec income
"06 Fundamentals, annual and quarterly",extraordinary_items,xido,,FF_NET_INC_DISC,"SEC Company Facts / FSDS (us-gaap IncomeLossFromDiscontinuedOperationsNetOfTax, IncomeLossFromDiscontinuedOperationsNetOfTaxAttributableToReportingEntity, DiscontinuedOperationIncomeLossFromDiscontinuedOperationNetOfTax)",,,"member_equity cells linked to a USD filer, ex-structural (metrics); all filing events (fundamentals)",">= 0.90 of top-3000 by market cap, every FY2015-FY2025 (spec gate, S4 exit)",S4,,spec income
"06 Fundamentals, annual and quarterly",eps_basic,epspx|epspxq,,FF_EPS_BASIC,"SEC Company Facts / FSDS (us-gaap EarningsPerShareBasic, EarningsPerShareBasicAndDiluted)",,,"member_equity cells linked to a USD filer, ex-structural (metrics); all filing events (fundamentals)",">= 0.90 of top-3000 by market cap, every FY2015-FY2025 (spec gate, S4 exit)",S4,,spec income
"06 Fundamentals, annual and quarterly",eps_diluted,epsfx|epsfxq,,FF_EPS_DIL,SEC Company Facts / FSDS (us-gaap EarningsPerShareDiluted),,,"member_equity cells linked to a USD filer, ex-structural (metrics); all filing events (fundamentals)",">= 0.90 of top-3000 by market cap, every FY2015-FY2025 (spec gate, S4 exit)",S4,,spec income
"06 Fundamentals, annual and quarterly",shares_basic_weighted,cshpri|cshprq,,FF_SHS_BASIC,"SEC Company Facts / FSDS (us-gaap WeightedAverageNumberOfSharesOutstandingBasic, WeightedAverageNumberOfSharesIssuedBasic)",,,"member_equity cells linked to a USD filer, ex-structural (metrics); all filing events (fundamentals)",">= 0.90 of top-3000 by market cap, every FY2015-FY2025 (spec gate, S4 exit)",S4,,spec income
"06 Fundamentals, annual and quarterly",shares_diluted_weighted,cshfd|cshfdq,,FF_SHS_DIL,SEC Company Facts / FSDS (us-gaap WeightedAverageNumberOfDilutedSharesOutstanding),,,"member_equity cells linked to a USD filer, ex-structural (metrics); all filing events (fundamentals)",">= 0.90 of top-3000 by market cap, every FY2015-FY2025 (spec gate, S4 exit)",S4,,spec income
"06 Fundamentals, annual and quarterly",dividends_common,dvc|dvcy,,FF_DIV_CASH|FF_DIV_COM,SEC Company Facts / FSDS (us-gaap PaymentsOfDividendsCommonStock),fundamentals,dvc_ttm,"member_equity cells linked to a USD filer, ex-structural (metrics); all filing events (fundamentals)",">= 0.90 of top-3000 by market cap, every FY2015-FY2025 (spec gate, S4 exit)",S4,,spec income
"06 Fundamentals, annual and quarterly",dividends_preferred,dvp|dvpy,,FF_DIV_PFD|FF_DIV_PFD_CF,"SEC Company Facts / FSDS (us-gaap PreferredStockDividends, PreferredStockDividendsAndOtherAdjustments, PreferredStockDividendsIncomeStatementImpact)",,,"member_equity cells linked to a USD filer, ex-structural (metrics); all filing events (fundamentals)",">= 0.90 of top-3000 by market cap, every FY2015-FY2025 (spec gate, S4 exit)",S4,,spec income
"06 Fundamentals, annual and quarterly",stock_compensation,stkco,,,SEC Company Facts / FSDS,,,"member_equity cells linked to a USD filer, ex-structural (metrics); all filing events (fundamentals)",">= 0.90 of top-3000 by market cap, every FY2015-FY2025 (spec gate, S4 exit)",S4,,spec income
"06 Fundamentals, annual and quarterly",cash_and_equivalents,che|cheq,,FF_CASH_ST,"SEC Company Facts / FSDS (us-gaap CashCashEquivalentsAndShortTermInvestments, CashCashEquivalentsRestrictedCashAndRestrictedCashEquivalents)",fundamentals,che,"member_equity cells linked to a USD filer, ex-structural (metrics); all filing events (fundamentals)",">= 0.90 of top-3000 by market cap, every FY2015-FY2025 (spec gate, S4 exit)",S4,,spec balance
"06 Fundamentals, annual and quarterly",short_term_investments,ivst,,FF_ST_INVEST,"SEC Company Facts / FSDS (us-gaap ShortTermInvestments, MarketableSecuritiesCurrent, AvailableForSaleSecuritiesCurrent)",,,"member_equity cells linked to a USD filer, ex-structural (metrics); all filing events (fundamentals)",">= 0.90 of top-3000 by market cap, every FY2015-FY2025 (spec gate, S4 exit)",S4,,spec balance
"06 Fundamentals, annual and quarterly",receivables,rect|rectq,,FF_RECV_NET,"SEC Company Facts / FSDS (us-gaap AccountsReceivableNetCurrent, ReceivablesNetCurrent, AccountsAndNotesReceivableNet)",fundamentals,rect,"member_equity cells linked to a USD filer, ex-structural (metrics); all filing events (fundamentals)",">= 0.90 of top-3000 by market cap, every FY2015-FY2025 (spec gate, S4 exit)",S4,,spec balance
"06 Fundamentals, annual and quarterly",inventory,invt|invtq,,FF_INVENT,"SEC Company Facts / FSDS (us-gaap InventoryNet, InventoryGross, InventoryNetOfAllowancesCustomerAdvancesAndProgressBillings)",fundamentals,invt,"member_equity cells linked to a USD filer, ex-structural (metrics); all filing events (fundamentals)",">= 0.90 of top-3000 by market cap, every FY2015-FY2025 (spec gate, S4 exit)",S4,,spec balance
"06 Fundamentals, annual and quarterly",other_current_assets,aco,,FF_OTH_CURR_ASSET,SEC Company Facts / FSDS (us-gaap OtherAssetsCurrent),,,"member_equity cells linked to a USD filer, ex-structural (metrics); all filing events (fundamentals)",">= 0.90 of top-3000 by market cap, every FY2015-FY2025 (spec gate, S4 exit)",S4,,spec balance
"06 Fundamentals, annual and quarterly",total_current_assets,act|actq,,FF_ASSETS_CURR,SEC Company Facts / FSDS (us-gaap AssetsCurrent),fundamentals,act,"member_equity cells linked to a USD filer, ex-structural (metrics); all filing events (fundamentals)",">= 0.90 of top-3000 by market cap, every FY2015-FY2025 (spec gate, S4 exit)",S4,,spec balance
"06 Fundamentals, annual and quarterly",ppe_gross,ppegt|ppegtq,,FF_PPE_GROSS,SEC Company Facts / FSDS (us-gaap PropertyPlantAndEquipmentGross),fundamentals,ppegt,"member_equity cells linked to a USD filer, ex-structural (metrics); all filing events (fundamentals)",">= 0.90 of top-3000 by market cap, every FY2015-FY2025 (spec gate, S4 exit)",S4,,spec balance
"06 Fundamentals, annual and quarterly",ppe_net,ppent|ppentq,,FF_PPE_NET,"SEC Company Facts / FSDS (us-gaap PropertyPlantAndEquipmentNet, PropertyPlantAndEquipmentAndFinanceLeaseRightOfUseAssetAfterAccumulatedDepreciationAndAmortization)",fundamentals,ppe,"member_equity cells linked to a USD filer, ex-structural (metrics); all filing events (fundamentals)",">= 0.90 of top-3000 by market cap, every FY2015-FY2025 (spec gate, S4 exit)",S4,,spec balance
"06 Fundamentals, annual and quarterly",goodwill,gdwl|gdwlq,,FF_INTANG_GW,"SEC Company Facts / FSDS (us-gaap Goodwill, GoodwillGross)",fundamentals,gdwl,"member_equity cells linked to a USD filer, ex-structural (metrics); all filing events (fundamentals)",">= 0.90 of top-3000 by market cap, every FY2015-FY2025 (spec gate, S4 exit)",S4,,spec balance
"06 Fundamentals, annual and quarterly",intangibles,intan|intanq,,FF_INTANG,SEC Company Facts / FSDS (us-gaap IntangibleAssetsNetIncludingGoodwill),fundamentals,intan,"member_equity cells linked to a USD filer, ex-structural (metrics); all filing events (fundamentals)",">= 0.90 of top-3000 by market cap, every FY2015-FY2025 (spec gate, S4 exit)",S4,,spec balance
"06 Fundamentals, annual and quarterly",long_term_investments,ivao,,FF_INVEST_LT,"SEC Company Facts / FSDS (us-gaap LongTermInvestments, EquityMethodInvestments, AvailableForSaleSecuritiesNoncurrent)",,,"member_equity cells linked to a USD filer, ex-structural (metrics); all filing events (fundamentals)",">= 0.90 of top-3000 by market cap, every FY2015-FY2025 (spec gate, S4 exit)",S4,,spec balance
"06 Fundamentals, annual and quarterly",other_assets,ao,,,SEC Company Facts / FSDS,,,"member_equity cells linked to a USD filer, ex-structural (metrics); all filing events (fundamentals)",">= 0.90 of top-3000 by market cap, every FY2015-FY2025 (spec gate, S4 exit)",S4,,spec balance
"06 Fundamentals, annual and quarterly",total_assets,at|atq,,FF_ASSETS,"SEC Company Facts / FSDS (us-gaap Assets, LiabilitiesAndStockholdersEquity)",fundamentals,at,"member_equity cells linked to a USD filer, ex-structural (metrics); all filing events (fundamentals)",">= 0.90 of top-3000 by market cap, every FY2015-FY2025 (spec gate, S4 exit)",S4,,spec balance
"06 Fundamentals, annual and quarterly",accounts_payable,ap|apq,,FF_PAYABLES,"SEC Company Facts / FSDS (us-gaap AccountsPayableCurrent, AccountsPayableAndAccruedLiabilitiesCurrent, AccountsPayableTradeCurrent)",fundamentals,ap,"member_equity cells linked to a USD filer, ex-structural (metrics); all filing events (fundamentals)",">= 0.90 of top-3000 by market cap, every FY2015-FY2025 (spec gate, S4 exit)",S4,,spec balance
"06 Fundamentals, annual and quarterly",short_term_debt,dlc|dlcq,,FF_DEBT_ST,"SEC Company Facts / FSDS (us-gaap ShortTermBorrowings, OtherShortTermBorrowings, CommercialPaper)",,,"member_equity cells linked to a USD filer, ex-structural (metrics); all filing events (fundamentals)",">= 0.90 of top-3000 by market cap, every FY2015-FY2025 (spec gate, S4 exit)",S4,,spec balance
"06 Fundamentals, annual and quarterly",taxes_payable,txp,,,"SEC Company Facts / FSDS (us-gaap TaxesPayableCurrent, AccruedIncomeTaxesCurrent, AccruedIncomeTaxes)",,,"member_equity cells linked to a USD filer, ex-structural (metrics); all filing events (fundamentals)",">= 0.90 of top-3000 by market cap, every FY2015-FY2025 (spec gate, S4 exit)",S4,,spec balance
"06 Fundamentals, annual and quarterly",other_current_liabilities,lco,,,"SEC Company Facts / FSDS (us-gaap OtherLiabilitiesCurrent, OtherAccruedLiabilitiesCurrent)",,,"member_equity cells linked to a USD filer, ex-structural (metrics); all filing events (fundamentals)",">= 0.90 of top-3000 by market cap, every FY2015-FY2025 (spec gate, S4 exit)",S4,,spec balance
"06 Fundamentals, annual and quarterly",total_current_liabilities,lct|lctq,,FF_LIAB_CURR,SEC Company Facts / FSDS (us-gaap LiabilitiesCurrent),fundamentals,lct,"member_equity cells linked to a USD filer, ex-structural (metrics); all filing events (fundamentals)",">= 0.90 of top-3000 by market cap, every FY2015-FY2025 (spec gate, S4 exit)",S4,,spec balance
"06 Fundamentals, annual and quarterly",long_term_debt,dltt|dlttq,,FF_DEBT_LT,"SEC Company Facts / FSDS (us-gaap LongTermDebtNoncurrent, LongTermDebtAndCapitalLeaseObligations, LongTermNotesPayable)",,,"member_equity cells linked to a USD filer, ex-structural (metrics); all filing events (fundamentals)",">= 0.90 of top-3000 by market cap, every FY2015-FY2025 (spec gate, S4 exit)",S4,,spec balance
"06 Fundamentals, annual and quarterly",deferred_taxes,txditc,,FF_DEFERRED_TX,"SEC Company Facts / FSDS (us-gaap DeferredIncomeTaxLiabilitiesNet, DeferredTaxLiabilitiesNoncurrent)",,,"member_equity cells linked to a USD filer, ex-structural (metrics); all filing events (fundamentals)",">= 0.90 of top-3000 by market cap, every FY2015-FY2025 (spec gate, S4 exit)",S4,,spec balance
"06 Fundamentals, annual and quarterly",other_liabilities,lo,,,SEC Company Facts / FSDS,,,"member_equity cells linked to a USD filer, ex-structural (metrics); all filing events (fundamentals)",">= 0.90 of top-3000 by market cap, every FY2015-FY2025 (spec gate, S4 exit)",S4,,spec balance
"06 Fundamentals, annual and quarterly",total_liabilities,lt|ltq,,FF_LIAB,SEC Company Facts / FSDS (us-gaap Liabilities),fundamentals,lt,"member_equity cells linked to a USD filer, ex-structural (metrics); all filing events (fundamentals)",">= 0.90 of top-3000 by market cap, every FY2015-FY2025 (spec gate, S4 exit)",S4,,spec balance
"06 Fundamentals, annual and quarterly",minority_interest,mib|mibq,,FF_MIN_INT_BS,SEC Company Facts / FSDS (us-gaap MinorityInterest),fundamentals,mib,"member_equity cells linked to a USD filer, ex-structural (metrics); all filing events (fundamentals)",">= 0.90 of top-3000 by market cap, every FY2015-FY2025 (spec gate, S4 exit)",S4,,spec balance
"06 Fundamentals, annual and quarterly",preferred_stock,pstk|pstkq,,FF_PREF_STK,"SEC Company Facts / FSDS (us-gaap PreferredStockValue, PreferredStockLiquidationPreferenceValue)",fundamentals,pstk,"member_equity cells linked to a USD filer, ex-structural (metrics); all filing events (fundamentals)",">= 0.90 of top-3000 by market cap, every FY2015-FY2025 (spec gate, S4 exit)",S4,,spec balance
"06 Fundamentals, annual and quarterly",common_equity,ceq|ceqq,,FF_COM_EQ_TOT,SEC Company Facts / FSDS,,,"member_equity cells linked to a USD filer, ex-structural (metrics); all filing events (fundamentals)",">= 0.90 of top-3000 by market cap, every FY2015-FY2025 (spec gate, S4 exit)",S4,,spec balance
"06 Fundamentals, annual and quarterly",retained_earnings,re|req,,FF_RETAIN_EARN,SEC Company Facts / FSDS (us-gaap RetainedEarningsAccumulatedDeficit),,,"member_equity cells linked to a USD filer, ex-structural (metrics); all filing events (fundamentals)",">= 0.90 of top-3000 by market cap, every FY2015-FY2025 (spec gate, S4 exit)",S4,,spec balance
"06 Fundamentals, annual and quarterly",treasury_stock,tstk|tstkq,,FF_TREAS_STK,"SEC Company Facts / FSDS (us-gaap TreasuryStockValue, TreasuryStockCommonValue)",,,"member_equity cells linked to a USD filer, ex-structural (metrics); all filing events (fundamentals)",">= 0.90 of top-3000 by market cap, every FY2015-FY2025 (spec gate, S4 exit)",S4,,spec balance
"06 Fundamentals, annual and quarterly",stockholders_equity,seq|seqq,,FF_EQ_TOT,SEC Company Facts / FSDS (us-gaap StockholdersEquity),fundamentals,seq,"member_equity cells linked to a USD filer, ex-structural (metrics); all filing events (fundamentals)",">= 0.90 of top-3000 by market cap, every FY2015-FY2025 (spec gate, S4 exit)",S4,,spec balance
"06 Fundamentals, annual and quarterly",shares_outstanding,csho|cshoq,,FF_SHS_OUTSTND,"SEC Company Facts / FSDS (us-gaap CommonStockSharesOutstanding, EntityCommonStockSharesOutstanding, CommonStockSharesIssued)",fundamentals,shrs_q,"member_equity cells linked to a USD filer, ex-structural (metrics); all filing events (fundamentals)","shrs_q >= 0.97 (mega-alpha section 2, linked-USD non-structural); >= 0.90 of top-3000 by market cap, every FY2015-FY2025 (spec gate, S4 exit)",S4,,spec balance
"06 Fundamentals, annual and quarterly",accumulated_depreciation,dpact,,,SEC Company Facts / FSDS (us-gaap AccumulatedDepreciationDepletionAndAmortizationPropertyPlantAndEquipment),,,"member_equity cells linked to a USD filer, ex-structural (metrics); all filing events (fundamentals)",">= 0.90 of top-3000 by market cap, every FY2015-FY2025 (spec gate, S4 exit)",S4,,spec balance
"06 Fundamentals, annual and quarterly",cfo,oancf|oancfy,,FF_CASH_FROM_OPER,SEC Company Facts / FSDS (us-gaap NetCashProvidedByUsedInOperatingActivities),fundamentals,cfo_ttm,"member_equity cells linked to a USD filer, ex-structural (metrics); all filing events (fundamentals)",">= 0.90 of top-3000 by market cap, every FY2015-FY2025 (spec gate, S4 exit)",S4,,spec cashflow
"06 Fundamentals, annual and quarterly",capex,capx|capxy,,FF_CAPEX,"SEC Company Facts / FSDS (us-gaap PaymentsToAcquirePropertyPlantAndEquipment, PaymentsForCapitalImprovements, PaymentsToAcquireMachineryAndEquipment)",fundamentals,capx_ttm,"member_equity cells linked to a USD filer, ex-structural (metrics); all filing events (fundamentals)","capx_ttm >= 0.95 (mega-alpha section 2, linked-USD non-structural); >= 0.90 of top-3000 by market cap, every FY2015-FY2025 (spec gate, S4 exit)",S4,,spec cashflow
"06 Fundamentals, annual and quarterly",acquisitions,aqc|aqcy,,FF_ACQUIS,"SEC Company Facts / FSDS (us-gaap PaymentsToAcquireBusinessesNetOfCashAcquired, PaymentsToAcquireBusinessesGross, PaymentsToAcquireBusinessesAndInterestInAffiliates)",,,"member_equity cells linked to a USD filer, ex-structural (metrics); all filing events (fundamentals)",">= 0.90 of top-3000 by market cap, every FY2015-FY2025 (spec gate, S4 exit)",S4,,spec cashflow
"06 Fundamentals, annual and quarterly",investing_cash_flow,ivncf|ivncfy,,FF_CASH_FROM_INVEST,"SEC Company Facts / FSDS (us-gaap NetCashProvidedByUsedInInvestingActivities, NetCashProvidedByUsedInInvestingActivitiesContinuingOperations)",,,"member_equity cells linked to a USD filer, ex-structural (metrics); all filing events (fundamentals)",">= 0.90 of top-3000 by market cap, every FY2015-FY2025 (spec gate, S4 exit)",S4,,spec cashflow
"06 Fundamentals, annual and quarterly",dividends_paid,dv,,,SEC Company Facts / FSDS (us-gaap PaymentsOfDividends),,,"member_equity cells linked to a USD filer, ex-structural (metrics); all filing events (fundamentals)",">= 0.90 of top-3000 by market cap, every FY2015-FY2025 (spec gate, S4 exit)",S4,,spec cashflow
"06 Fundamentals, annual and quarterly",share_repurchase,prstkc|prstkcy,,FF_STOCK_REPUR,"SEC Company Facts / FSDS (us-gaap PaymentsForRepurchaseOfCommonStock, PaymentsForRepurchaseOfEquity, TreasuryStockValueAcquiredCostMethod)",fundamentals,prstkc_ttm,"member_equity cells linked to a USD filer, ex-structural (metrics); all filing events (fundamentals)",">= 0.90 of top-3000 by market cap, every FY2015-FY2025 (spec gate, S4 exit)",S4,,spec cashflow
"06 Fundamentals, annual and quarterly",share_issuance,sstk|sstky,,FF_STOCK_ISSUE,"SEC Company Facts / FSDS (us-gaap ProceedsFromIssuanceOfCommonStock, ProceedsFromIssuanceOrSaleOfEquity, ProceedsFromStockOptionsExercised)",fundamentals,sstk_ttm,"member_equity cells linked to a USD filer, ex-structural (metrics); all filing events (fundamentals)",">= 0.90 of top-3000 by market cap, every FY2015-FY2025 (spec gate, S4 exit)",S4,,spec cashflow
"06 Fundamentals, annual and quarterly",debt_issuance,dltis,,FF_DEBT_ISSUE,"SEC Company Facts / FSDS (us-gaap ProceedsFromIssuanceOfLongTermDebt, ProceedsFromNotesPayable, ProceedsFromIssuanceOfSeniorLongTermDebt)",,,"member_equity cells linked to a USD filer, ex-structural (metrics); all filing events (fundamentals)",">= 0.90 of top-3000 by market cap, every FY2015-FY2025 (spec gate, S4 exit)",S4,,spec cashflow
"06 Fundamentals, annual and quarterly",debt_reduction,dltr,,FF_DEBT_REDUC,"SEC Company Facts / FSDS (us-gaap RepaymentsOfLongTermDebt, RepaymentsOfNotesPayable, RepaymentsOfSeniorDebt)",,,"member_equity cells linked to a USD filer, ex-structural (metrics); all filing events (fundamentals)",">= 0.90 of top-3000 by market cap, every FY2015-FY2025 (spec gate, S4 exit)",S4,,spec cashflow
"06 Fundamentals, annual and quarterly",financing_cash_flow,fincf|fincfy,,FF_CASH_FROM_FIN,"SEC Company Facts / FSDS (us-gaap NetCashProvidedByUsedInFinancingActivities, NetCashProvidedByUsedInFinancingActivitiesContinuingOperations)",,,"member_equity cells linked to a USD filer, ex-structural (metrics); all filing events (fundamentals)",">= 0.90 of top-3000 by market cap, every FY2015-FY2025 (spec gate, S4 exit)",S4,,spec cashflow
"06 Fundamentals, annual and quarterly",change_in_cash,chech,,FF_NET_CHG_CASH,"SEC Company Facts / FSDS (us-gaap CashCashEquivalentsRestrictedCashAndRestrictedCashEquivalentsPeriodIncreaseDecreaseIncludingExchangeRateEffect, CashAndCashEquivalentsPeriodIncreaseDecrease, CashCashEquivalentsRestrictedCashAndRestrictedCashEquivalentsPeriodIncreaseDecreaseExcludingExchangeRateEffect)",,,"member_equity cells linked to a USD filer, ex-structural (metrics); all filing events (fundamentals)",">= 0.90 of top-3000 by market cap, every FY2015-FY2025 (spec gate, S4 exit)",S4,,spec cashflow
"06 Fundamentals, annual and quarterly",cf_depreciation,dpc|dpcy,,FF_DEP_AMORT_CF,"SEC Company Facts / FSDS (us-gaap DepreciationDepletionAndAmortization, DepreciationAmortizationAndAccretionNet)",,,"member_equity cells linked to a USD filer, ex-structural (metrics); all filing events (fundamentals)",">= 0.90 of top-3000 by market cap, every FY2015-FY2025 (spec gate, S4 exit)",S4,,spec cashflow
"06 Fundamentals, annual and quarterly",cf_stock_compensation,sc,,,SEC Company Facts / FSDS,,,"member_equity cells linked to a USD filer, ex-structural (metrics); all filing events (fundamentals)",">= 0.90 of top-3000 by market cap, every FY2015-FY2025 (spec gate, S4 exit)",S4,,spec cashflow
"06 Fundamentals, annual and quarterly",deferred_tax_cf,txdc,,,SEC Company Facts / FSDS (us-gaap DeferredIncomeTaxesAndTaxCredits),,,"member_equity cells linked to a USD filer, ex-structural (metrics); all filing events (fundamentals)",">= 0.90 of top-3000 by market cap, every FY2015-FY2025 (spec gate, S4 exit)",S4,,spec cashflow
"06 Fundamentals, annual and quarterly",working_capital_change,wcapc,,FF_CHG_WC,SEC Company Facts / FSDS,,,"member_equity cells linked to a USD filer, ex-structural (metrics); all filing events (fundamentals)",">= 0.90 of top-3000 by market cap, every FY2015-FY2025 (spec gate, S4 exit)",S4,,spec cashflow
"08 Bank, insurer, REIT and utility formats",net_interest_income,,,FF_NET_INT_INC,SEC Company Facts / FSDS,,,linked issuers of the template,"bank loans, deposits, NII, provisions, CET1 for >= 95% of linked BHCs (S4.5)",S4,banks,spec bank
"08 Bank, insurer, REIT and utility formats",interest_income,,,FF_INT_INC,"SEC Company Facts / FSDS (us-gaap InterestIncome, InvestmentIncomeInterest, InvestmentIncomeInterestAndDividend)",,,linked issuers of the template,"bank loans, deposits, NII, provisions, CET1 for >= 95% of linked BHCs (S4.5)",S4,banks,spec bank
"08 Bank, insurer, REIT and utility formats",interest_expense_bank,intexp,,,SEC Company Facts / FSDS,,,linked issuers of the template,"bank loans, deposits, NII, provisions, CET1 for >= 95% of linked BHCs (S4.5)",S4,banks,spec bank
"08 Bank, insurer, REIT and utility formats",provision_for_loan_losses,pln,,FF_PROV_LOAN_LOSS,SEC Company Facts / FSDS (us-gaap ProvisionForLoanAndLeaseLosses),,,linked issuers of the template,"bank loans, deposits, NII, provisions, CET1 for >= 95% of linked BHCs (S4.5)",S4,banks,spec bank
"08 Bank, insurer, REIT and utility formats",loans_net,,,,SEC Company Facts / FSDS,,,linked issuers of the template,"bank loans, deposits, NII, provisions, CET1 for >= 95% of linked BHCs (S4.5)",S4,banks,spec bank
"08 Bank, insurer, REIT and utility formats",deposits,,,,SEC Company Facts / FSDS,,,linked issuers of the template,"bank loans, deposits, NII, provisions, CET1 for >= 95% of linked BHCs (S4.5)",S4,banks,spec bank
"08 Bank, insurer, REIT and utility formats",allowance_for_loan_losses,,,,SEC Company Facts / FSDS,,,linked issuers of the template,"bank loans, deposits, NII, provisions, CET1 for >= 95% of linked BHCs (S4.5)",S4,banks,spec bank
"08 Bank, insurer, REIT and utility formats",noninterest_income,,,,SEC Company Facts / FSDS,,,linked issuers of the template,"bank loans, deposits, NII, provisions, CET1 for >= 95% of linked BHCs (S4.5)",S4,banks,spec bank
"08 Bank, insurer, REIT and utility formats",noninterest_expense,,,,SEC Company Facts / FSDS,,,linked issuers of the template,"bank loans, deposits, NII, provisions, CET1 for >= 95% of linked BHCs (S4.5)",S4,banks,spec bank
"08 Bank, insurer, REIT and utility formats",premiums_earned,pncia,,FF_PREM_EARNED,SEC Company Facts / FSDS (us-gaap PremiumsEarnedNet),,,linked issuers of the template,"bank loans, deposits, NII, provisions, CET1 for >= 95% of linked BHCs (S4.5)",S4,insurers,spec insurance
"08 Bank, insurer, REIT and utility formats",benefits_and_claims,,,,SEC Company Facts / FSDS,,,linked issuers of the template,"bank loans, deposits, NII, provisions, CET1 for >= 95% of linked BHCs (S4.5)",S4,insurers,spec insurance
"08 Bank, insurer, REIT and utility formats",policy_reserves,,,,SEC Company Facts / FSDS,,,linked issuers of the template,"bank loans, deposits, NII, provisions, CET1 for >= 95% of linked BHCs (S4.5)",S4,insurers,spec insurance
"08 Bank, insurer, REIT and utility formats",investment_income_insurance,,,,SEC Company Facts / FSDS,,,linked issuers of the template,"bank loans, deposits, NII, provisions, CET1 for >= 95% of linked BHCs (S4.5)",S4,insurers,spec insurance
"08 Bank, insurer, REIT and utility formats",rental_revenue,,,,SEC Company Facts / FSDS,,,linked issuers of the template,"bank loans, deposits, NII, provisions, CET1 for >= 95% of linked BHCs (S4.5)",S4,REITs,spec reit
"08 Bank, insurer, REIT and utility formats",ffo,,,,SEC Company Facts / FSDS,,,linked issuers of the template,"bank loans, deposits, NII, provisions, CET1 for >= 95% of linked BHCs (S4.5)",S4,REITs,spec reit
"08 Bank, insurer, REIT and utility formats",real_estate_investments_net,,,,SEC Company Facts / FSDS,,,linked issuers of the template,"bank loans, deposits, NII, provisions, CET1 for >= 95% of linked BHCs (S4.5)",S4,REITs,spec reit
"06 Fundamentals, annual and quarterly",operating_lease_liabilities,,,,SEC Company Facts / FSDS,,,"member_equity cells linked to a USD filer, ex-structural (metrics); all filing events (fundamentals)",">= 0.90 of top-3000 by market cap, every FY2015-FY2025 (spec gate, S4 exit)",S4,all,spec supplemental
"06 Fundamentals, annual and quarterly",finance_lease_liabilities,,,,"SEC Company Facts / FSDS (us-gaap FinanceLeaseLiabilityNoncurrent, FinanceLeaseLiability, FinanceLeaseLiabilityCurrent)",,,"member_equity cells linked to a USD filer, ex-structural (metrics); all filing events (fundamentals)",">= 0.90 of top-3000 by market cap, every FY2015-FY2025 (spec gate, S4 exit)",S4,all,spec supplemental
"06 Fundamentals, annual and quarterly",capitalized_software,capsft,,,"SEC Company Facts / FSDS (us-gaap CapitalizedComputerSoftwareNet, CapitalizedComputerSoftwareGross)",,,"member_equity cells linked to a USD filer, ex-structural (metrics); all filing events (fundamentals)",">= 0.90 of top-3000 by market cap, every FY2015-FY2025 (spec gate, S4 exit)",S4,all,spec supplemental
"06 Fundamentals, annual and quarterly",employees,emp,,,SEC Company Facts / FSDS,,,"member_equity cells linked to a USD filer, ex-structural (metrics); all filing events (fundamentals)",">= 0.90 of top-3000 by market cap, every FY2015-FY2025 (spec gate, S4 exit)",S4,all (annual),spec supplemental
19 Characteristic library,flow_ttm,,,,computed (TTM/rollups),,,member_equity cells per year,>= 250 characteristics; OSAP median rho >= 0.90 on >= 80% (S9),S9,TTM/rollups,spec derived
19 Characteristic library,balance_avg2,,,,computed (TTM/rollups),,,member_equity cells per year,>= 250 characteristics; OSAP median rho >= 0.90 on >= 80% (S9),S9,TTM/rollups,spec derived
19 Characteristic library,eps_ttm,,,,computed (Per-share),,,member_equity cells per year,>= 250 characteristics; OSAP median rho >= 0.90 on >= 80% (S9),S9,Per-share,spec derived
19 Characteristic library,sales_per_share,,,FF_SALES_PS,computed (Per-share),,,member_equity cells per year,>= 250 characteristics; OSAP median rho >= 0.90 on >= 80% (S9),S9,Per-share,spec derived
19 Characteristic library,book_per_share,,,,computed (Per-share),,,member_equity cells per year,>= 250 characteristics; OSAP median rho >= 0.90 on >= 80% (S9),S9,Per-share,spec derived
19 Characteristic library,cfo_per_share,,,,computed (Per-share),,,member_equity cells per year,>= 250 characteristics; OSAP median rho >= 0.90 on >= 80% (S9),S9,Per-share,spec derived
19 Characteristic library,fcf_per_share,,,FF_FCF_PS,computed (Per-share),,,member_equity cells per year,>= 250 characteristics; OSAP median rho >= 0.90 on >= 80% (S9),S9,Per-share,spec derived
19 Characteristic library,dividends_per_share,,,,computed (Per-share),,,member_equity cells per year,>= 250 characteristics; OSAP median rho >= 0.90 on >= 80% (S9),S9,Per-share,spec derived
19 Characteristic library,market_cap,mkvalt|mkvaltq,,FF_MKT_CAP_TOT,computed (Market),panel,me_company,member_equity cells per year,>= 250 characteristics; OSAP median rho >= 0.90 on >= 80% (S9),S9,Market,spec derived
19 Characteristic library,enterprise_value,,,FF_EV,computed (Market),,,member_equity cells per year,>= 250 characteristics; OSAP median rho >= 0.90 on >= 80% (S9),S9,Market,spec derived
19 Characteristic library,ev_ebitda,,,FF_EV_EBITDA,computed (Market),,,member_equity cells per year,>= 250 characteristics; OSAP median rho >= 0.90 on >= 80% (S9),S9,Market,spec derived
19 Characteristic library,ev_sales,,,FF_EV_SALES,computed (Market),,,member_equity cells per year,>= 250 characteristics; OSAP median rho >= 0.90 on >= 80% (S9),S9,Market,spec derived
19 Characteristic library,pe_ttm,,,,computed (Market),,,member_equity cells per year,>= 250 characteristics; OSAP median rho >= 0.90 on >= 80% (S9),S9,Market,spec derived
19 Characteristic library,pb,,,,computed (Market),,,member_equity cells per year,>= 250 characteristics; OSAP median rho >= 0.90 on >= 80% (S9),S9,Market,spec derived
19 Characteristic library,ps_ttm,,,,computed (Market),,,member_equity cells per year,>= 250 characteristics; OSAP median rho >= 0.90 on >= 80% (S9),S9,Market,spec derived
19 Characteristic library,pcf_ttm,,,,computed (Market),,,member_equity cells per year,>= 250 characteristics; OSAP median rho >= 0.90 on >= 80% (S9),S9,Market,spec derived
19 Characteristic library,fcf_yield,,,,computed (Market),,,member_equity cells per year,>= 250 characteristics; OSAP median rho >= 0.90 on >= 80% (S9),S9,Market,spec derived
19 Characteristic library,dividend_yield,,,FF_DIV_YIELD,computed (Market),,,member_equity cells per year,>= 250 characteristics; OSAP median rho >= 0.90 on >= 80% (S9),S9,Market,spec derived
19 Characteristic library,earnings_yield,,,,computed (Market),,,member_equity cells per year,>= 250 characteristics; OSAP median rho >= 0.90 on >= 80% (S9),S9,Market,spec derived
19 Characteristic library,shareholder_yield,,,,computed (Market),,,member_equity cells per year,>= 250 characteristics; OSAP median rho >= 0.90 on >= 80% (S9),S9,Market,spec derived
19 Characteristic library,gross_margin,,,FF_GROSS_MARGIN,computed (Profitability),,,member_equity cells per year,>= 250 characteristics; OSAP median rho >= 0.90 on >= 80% (S9),S9,Profitability,spec derived
19 Characteristic library,operating_margin,,,FF_OPER_MARGIN,computed (Profitability),,,member_equity cells per year,>= 250 characteristics; OSAP median rho >= 0.90 on >= 80% (S9),S9,Profitability,spec derived
19 Characteristic library,net_margin,,,FF_NET_MARGIN,computed (Profitability),,,member_equity cells per year,>= 250 characteristics; OSAP median rho >= 0.90 on >= 80% (S9),S9,Profitability,spec derived
19 Characteristic library,ebitda_margin,,,FF_EBITDA_MARGIN,computed (Profitability),,,member_equity cells per year,>= 250 characteristics; OSAP median rho >= 0.90 on >= 80% (S9),S9,Profitability,spec derived
19 Characteristic library,roa,,,FF_ROA,computed (Profitability),characteristics,roa,member_equity cells per year,>= 250 characteristics; OSAP median rho >= 0.90 on >= 80% (S9),S9,Profitability,spec derived
19 Characteristic library,roe,,,FF_ROE,computed (Profitability),,,member_equity cells per year,>= 250 characteristics; OSAP median rho >= 0.90 on >= 80% (S9),S9,Profitability,spec derived
19 Characteristic library,roic,,,FF_ROIC,computed (Profitability),,,member_equity cells per year,>= 250 characteristics; OSAP median rho >= 0.90 on >= 80% (S9),S9,Profitability,spec derived
19 Characteristic library,roic_ex_goodwill,,,,computed (Profitability),,,member_equity cells per year,>= 250 characteristics; OSAP median rho >= 0.90 on >= 80% (S9),S9,Profitability,spec derived
19 Characteristic library,gross_profitability,,,,computed (Profitability),characteristics,gpa,member_equity cells per year,>= 250 characteristics; OSAP median rho >= 0.90 on >= 80% (S9),S9,Profitability,spec derived
19 Characteristic library,cash_profitability,,,,computed (Profitability),,,member_equity cells per year,>= 250 characteristics; OSAP median rho >= 0.90 on >= 80% (S9),S9,Profitability,spec derived
19 Characteristic library,asset_turnover,,,,computed (Profitability),,,member_equity cells per year,>= 250 characteristics; OSAP median rho >= 0.90 on >= 80% (S9),S9,Profitability,spec derived
19 Characteristic library,growth_revenue,,,,computed (Growth / rate-of-change),,,member_equity cells per year,>= 250 characteristics; OSAP median rho >= 0.90 on >= 80% (S9),S9,Growth / rate-of-change,spec derived
19 Characteristic library,growth_gross_profit,,,,computed (Growth / rate-of-change),,,member_equity cells per year,>= 250 characteristics; OSAP median rho >= 0.90 on >= 80% (S9),S9,Growth / rate-of-change,spec derived
19 Characteristic library,growth_operating_income,,,,computed (Growth / rate-of-change),,,member_equity cells per year,>= 250 characteristics; OSAP median rho >= 0.90 on >= 80% (S9),S9,Growth / rate-of-change,spec derived
19 Characteristic library,growth_net_income,,,,computed (Growth / rate-of-change),,,member_equity cells per year,>= 250 characteristics; OSAP median rho >= 0.90 on >= 80% (S9),S9,Growth / rate-of-change,spec derived
19 Characteristic library,growth_eps_diluted,,,,computed (Growth / rate-of-change),,,member_equity cells per year,>= 250 characteristics; OSAP median rho >= 0.90 on >= 80% (S9),S9,Growth / rate-of-change,spec derived
19 Characteristic library,growth_cfo,,,,computed (Growth / rate-of-change),,,member_equity cells per year,>= 250 characteristics; OSAP median rho >= 0.90 on >= 80% (S9),S9,Growth / rate-of-change,spec derived
19 Characteristic library,growth_fcf,,,,computed (Growth / rate-of-change),,,member_equity cells per year,>= 250 characteristics; OSAP median rho >= 0.90 on >= 80% (S9),S9,Growth / rate-of-change,spec derived
19 Characteristic library,growth_total_assets,,,,computed (Growth / rate-of-change),,,member_equity cells per year,>= 250 characteristics; OSAP median rho >= 0.90 on >= 80% (S9),S9,Growth / rate-of-change,spec derived
19 Characteristic library,growth_shares_outstanding,,,,computed (Growth / rate-of-change),,,member_equity cells per year,>= 250 characteristics; OSAP median rho >= 0.90 on >= 80% (S9),S9,Growth / rate-of-change,spec derived
19 Characteristic library,growth_book_value,,,,computed (Growth / rate-of-change),,,member_equity cells per year,>= 250 characteristics; OSAP median rho >= 0.90 on >= 80% (S9),S9,Growth / rate-of-change,spec derived
19 Characteristic library,growth_capex,,,,computed (Growth / rate-of-change),,,member_equity cells per year,>= 250 characteristics; OSAP median rho >= 0.90 on >= 80% (S9),S9,Growth / rate-of-change,spec derived
19 Characteristic library,growth_employees,,,,computed (Growth / rate-of-change),,,member_equity cells per year,>= 250 characteristics; OSAP median rho >= 0.90 on >= 80% (S9),S9,Growth / rate-of-change,spec derived
19 Characteristic library,total_debt,,,,computed (Leverage / liquidity),,,member_equity cells per year,>= 250 characteristics; OSAP median rho >= 0.90 on >= 80% (S9),S9,Leverage / liquidity,spec derived
19 Characteristic library,net_debt,,,,computed (Leverage / liquidity),,,member_equity cells per year,>= 250 characteristics; OSAP median rho >= 0.90 on >= 80% (S9),S9,Leverage / liquidity,spec derived
19 Characteristic library,debt_to_equity,,,,computed (Leverage / liquidity),,,member_equity cells per year,>= 250 characteristics; OSAP median rho >= 0.90 on >= 80% (S9),S9,Leverage / liquidity,spec derived
19 Characteristic library,debt_to_assets,,,,computed (Leverage / liquidity),,,member_equity cells per year,>= 250 characteristics; OSAP median rho >= 0.90 on >= 80% (S9),S9,Leverage / liquidity,spec derived
19 Characteristic library,net_debt_ebitda,,,,computed (Leverage / liquidity),,,member_equity cells per year,>= 250 characteristics; OSAP median rho >= 0.90 on >= 80% (S9),S9,Leverage / liquidity,spec derived
19 Characteristic library,interest_coverage,,,FF_INT_COVER,computed (Leverage / liquidity),,,member_equity cells per year,>= 250 characteristics; OSAP median rho >= 0.90 on >= 80% (S9),S9,Leverage / liquidity,spec derived
19 Characteristic library,current_ratio,,,FF_CURR_RATIO,computed (Leverage / liquidity),,,member_equity cells per year,>= 250 characteristics; OSAP median rho >= 0.90 on >= 80% (S9),S9,Leverage / liquidity,spec derived
19 Characteristic library,quick_ratio,,,,computed (Leverage / liquidity),,,member_equity cells per year,>= 250 characteristics; OSAP median rho >= 0.90 on >= 80% (S9),S9,Leverage / liquidity,spec derived
19 Characteristic library,cash_ratio,,,,computed (Leverage / liquidity),,,member_equity cells per year,>= 250 characteristics; OSAP median rho >= 0.90 on >= 80% (S9),S9,Leverage / liquidity,spec derived
19 Characteristic library,total_accruals,,,,computed (Quality / accruals),,,member_equity cells per year,>= 250 characteristics; OSAP median rho >= 0.90 on >= 80% (S9),S9,Quality / accruals,spec derived
19 Characteristic library,percent_accruals,,,,computed (Quality / accruals),,,member_equity cells per year,>= 250 characteristics; OSAP median rho >= 0.90 on >= 80% (S9),S9,Quality / accruals,spec derived
19 Characteristic library,noa,,,,computed (Quality / accruals),fundamentals,noa,member_equity cells per year,>= 250 characteristics; OSAP median rho >= 0.90 on >= 80% (S9),S9,Quality / accruals,spec derived
19 Characteristic library,delta_noa,,,,computed (Quality / accruals),,,member_equity cells per year,>= 250 characteristics; OSAP median rho >= 0.90 on >= 80% (S9),S9,Quality / accruals,spec derived
19 Characteristic library,piotroski_f,,,,computed (Quality / accruals),fundamentals,fscore,member_equity cells per year,>= 250 characteristics; OSAP median rho >= 0.90 on >= 80% (S9),S9,Quality / accruals,spec derived
19 Characteristic library,altman_z,,,,computed (Quality / accruals),,,member_equity cells per year,>= 250 characteristics; OSAP median rho >= 0.90 on >= 80% (S9),S9,Quality / accruals,spec derived
19 Characteristic library,beneish_m,,,,computed (Quality / accruals),,,member_equity cells per year,>= 250 characteristics; OSAP median rho >= 0.90 on >= 80% (S9),S9,Quality / accruals,spec derived
19 Characteristic library,ohlson_o,,,,computed (Quality / accruals),,,member_equity cells per year,>= 250 characteristics; OSAP median rho >= 0.90 on >= 80% (S9),S9,Quality / accruals,spec derived
19 Characteristic library,earnings_variability,,,,computed (Quality / accruals),,,member_equity cells per year,>= 250 characteristics; OSAP median rho >= 0.90 on >= 80% (S9),S9,Quality / accruals,spec derived
19 Characteristic library,asset_growth,,,,computed (Investment),characteristics,asset_growth,member_equity cells per year,>= 250 characteristics; OSAP median rho >= 0.90 on >= 80% (S9),S9,Investment,spec derived
19 Characteristic library,capex_to_depreciation,,,,computed (Investment),,,member_equity cells per year,>= 250 characteristics; OSAP median rho >= 0.90 on >= 80% (S9),S9,Investment,spec derived
19 Characteristic library,capex_to_sales,,,,computed (Investment),,,member_equity cells per year,>= 250 characteristics; OSAP median rho >= 0.90 on >= 80% (S9),S9,Investment,spec derived
19 Characteristic library,external_financing,,,,computed (Investment),,,member_equity cells per year,>= 250 characteristics; OSAP median rho >= 0.90 on >= 80% (S9),S9,Investment,spec derived
19 Characteristic library,net_equity_issuance,,,,computed (Investment),,,member_equity cells per year,>= 250 characteristics; OSAP median rho >= 0.90 on >= 80% (S9),S9,Investment,spec derived
19 Characteristic library,net_debt_issuance,,,,computed (Investment),,,member_equity cells per year,>= 250 characteristics; OSAP median rho >= 0.90 on >= 80% (S9),S9,Investment,spec derived
19 Characteristic library,payout_ratio,,,,computed (Payout),,,member_equity cells per year,>= 250 characteristics; OSAP median rho >= 0.90 on >= 80% (S9),S9,Payout,spec derived
19 Characteristic library,buyback_yield,,,,computed (Payout),,,member_equity cells per year,>= 250 characteristics; OSAP median rho >= 0.90 on >= 80% (S9),S9,Payout,spec derived
19 Characteristic library,total_payout_yield,,,,computed (Payout),,,member_equity cells per year,>= 250 characteristics; OSAP median rho >= 0.90 on >= 80% (S9),S9,Payout,spec derived
"06 Fundamentals, annual and quarterly",selling_expense_only,,,FF_SGA_SELL,"SEC Company Facts / FSDS (us-gaap SellingAndMarketingExpense, SellingExpense)",,,"member_equity cells linked to a USD filer, ex-structural (metrics); all filing events (fundamentals)",">= 0.90 of top-3000 by market cap, every FY2015-FY2025 (spec gate, S4 exit)",S4,bloomberg IS_SELLING_EXP,seed 1006
"06 Fundamentals, annual and quarterly",g_and_a_expense_only,,,FF_SGA_GEN_ADMIN,"SEC Company Facts / FSDS (us-gaap GeneralAndAdministrativeExpense, OtherGeneralAndAdministrativeExpense)",,,"member_equity cells linked to a USD filer, ex-structural (metrics); all filing events (fundamentals)",">= 0.90 of top-3000 by market cap, every FY2015-FY2025 (spec gate, S4 exit)",S4,bloomberg IS_GEN_ADMIN_EXP,seed 1007
"06 Fundamentals, annual and quarterly",advertising,xad,,FF_SGA_MKT,"SEC Company Facts / FSDS (us-gaap AdvertisingExpense, MarketingAndAdvertisingExpense)",,,"member_equity cells linked to a USD filer, ex-structural (metrics); all filing events (fundamentals)",">= 0.90 of top-3000 by market cap, every FY2015-FY2025 (spec gate, S4 exit)",S4,,seed 1009
"06 Fundamentals, annual and quarterly",operating_expenses_total,,,FF_OPER_EXP,"SEC Company Facts / FSDS (us-gaap OperatingExpenses, CostsAndExpenses, OperatingCostsAndExpenses)",,,"member_equity cells linked to a USD filer, ex-structural (metrics); all filing events (fundamentals)",">= 0.90 of top-3000 by market cap, every FY2015-FY2025 (spec gate, S4 exit)",S4,bloomberg IS_OPER_EXPN; ciq IQ_OPER_EXP; sharadar opex,seed 1010
"06 Fundamentals, annual and quarterly",depreciation_only,,,,"SEC Company Facts / FSDS (us-gaap Depreciation, DepreciationNonproduction)",,,"member_equity cells linked to a USD filer, ex-structural (metrics); all filing events (fundamentals)",">= 0.90 of top-3000 by market cap, every FY2015-FY2025 (spec gate, S4 exit)",S4,bloomberg IS_DEPRECIATION_EXP,seed 1012
"06 Fundamentals, annual and quarterly",amortization_of_intangibles,am,,FF_AMORT_EXP,"SEC Company Facts / FSDS (us-gaap AmortizationOfIntangibleAssets, FiniteLivedIntangibleAssetsAmortizationExpense)",,,"member_equity cells linked to a USD filer, ex-structural (metrics); all filing events (fundamentals)",">= 0.90 of top-3000 by market cap, every FY2015-FY2025 (spec gate, S4 exit)",S4,bloomberg IS_AMORT_EXP,seed 1013
"06 Fundamentals, annual and quarterly",ebitda_standardised,ebitda,,FF_EBITDA,SEC Company Facts / FSDS,,,"member_equity cells linked to a USD filer, ex-structural (metrics); all filing events (fundamentals)",">= 0.90 of top-3000 by market cap, every FY2015-FY2025 (spec gate, S4 exit)",S4,bloomberg EBITDA; ciq IQ_EBITDA|dataItemId=164; sharadar ebitda; worldscope 01266,seed 1016
"06 Fundamentals, annual and quarterly",ebit__1017,ebit,,FF_EBIT,SEC Company Facts / FSDS,,,"member_equity cells linked to a USD filer, ex-structural (metrics); all filing events (fundamentals)",">= 0.90 of top-3000 by market cap, every FY2015-FY2025 (spec gate, S4 exit)",S4,bloomberg EBIT; ciq IQ_EBIT|dataItemId=21; sharadar ebit; worldscope 01254,seed 1017
"06 Fundamentals, annual and quarterly",interest_expense_debt_only,,,FF_INT_EXP_DEBT,"SEC Company Facts / FSDS (us-gaap InterestExpenseDebt, InterestExpenseLongTermDebt)",,,"member_equity cells linked to a USD filer, ex-structural (metrics); all filing events (fundamentals)",">= 0.90 of top-3000 by market cap, every FY2015-FY2025 (spec gate, S4 exit)",S4,,seed 1019
"06 Fundamentals, annual and quarterly",current_tax,txc,,FF_INC_TAX_CURR,SEC Company Facts / FSDS (us-gaap CurrentIncomeTaxExpenseBenefit),,,"member_equity cells linked to a USD filer, ex-structural (metrics); all filing events (fundamentals)",">= 0.90 of top-3000 by market cap, every FY2015-FY2025 (spec gate, S4 exit)",S4,bloomberg IS_CURRENT_TAX_EXPENSE,seed 1025
"06 Fundamentals, annual and quarterly",deferred_tax,txdi,,FF_INC_TAX_DEFER,"SEC Company Facts / FSDS (us-gaap DeferredIncomeTaxExpenseBenefit, DeferredOtherTaxExpenseBenefit)",,,"member_equity cells linked to a USD filer, ex-structural (metrics); all filing events (fundamentals)",">= 0.90 of top-3000 by market cap, every FY2015-FY2025 (spec gate, S4 exit)",S4,bloomberg IS_DEFERRED_TAX_EXPENSE,seed 1026
"06 Fundamentals, annual and quarterly",equity_in_affiliates,,,FF_EQ_AFF_INC,SEC Company Facts / FSDS (us-gaap IncomeLossFromEquityMethodInvestments),,,"member_equity cells linked to a USD filer, ex-structural (metrics); all filing events (fundamentals)",">= 0.90 of top-3000 by market cap, every FY2015-FY2025 (spec gate, S4 exit)",S4,,seed 1028
"06 Fundamentals, annual and quarterly",eps_basic_incl_extra,epspi|epspiq,,FF_EPS_BASIC_EXT,SEC Company Facts / FSDS (us-gaap IncomeLossFromContinuingOperationsPerBasicShare),,,"member_equity cells linked to a USD filer, ex-structural (metrics); all filing events (fundamentals)",">= 0.90 of top-3000 by market cap, every FY2015-FY2025 (spec gate, S4 exit)",S4,bloomberg IS_EPS_CONT_OPS; ciq IQ_BASIC_EPS_INCL_EXTRA|dataItemId=1000,seed 1036
"06 Fundamentals, annual and quarterly",eps_diluted_incl_extra,epsfi|epsfiq,,FF_EPS_DIL_EXT,SEC Company Facts / FSDS (us-gaap IncomeLossFromContinuingOperationsPerDilutedShare),,,"member_equity cells linked to a USD filer, ex-structural (metrics); all filing events (fundamentals)",">= 0.90 of top-3000 by market cap, every FY2015-FY2025 (spec gate, S4 exit)",S4,bloomberg IS_DIL_EPS_CONT_OPS; ciq IQ_EPS_INCL_EXTRA|dataItemId=15,seed 1037
"06 Fundamentals, annual and quarterly",eps_diluted_ltm,epsf12,,FF_EPS_DIL,SEC Company Facts / FSDS,,,"member_equity cells linked to a USD filer, ex-structural (metrics); all filing events (fundamentals)",">= 0.90 of top-3000 by market cap, every FY2015-FY2025 (spec gate, S4 exit)",S4,bloomberg TRAIL_12M_DIL_EPS_CONT_OPS,seed 1038
"06 Fundamentals, annual and quarterly",normalised_income,,,,SEC Company Facts / FSDS,,,"member_equity cells linked to a USD filer, ex-structural (metrics); all filing events (fundamentals)",">= 0.90 of top-3000 by market cap, every FY2015-FY2025 (spec gate, S4 exit)",S4,bloomberg IS_NORMALIZED_INCOME|NORMALIZED_INCOME,seed 1042
"06 Fundamentals, annual and quarterly",common_dividends_declared_per_share,dvpsx_f,,FF_DIV_PS,SEC Company Facts / FSDS,,,"member_equity cells linked to a USD filer, ex-structural (metrics); all filing events (fundamentals)",">= 0.90 of top-3000 by market cap, every FY2015-FY2025 (spec gate, S4 exit)",S4,bloomberg DPS; ciq IQ_DPS; sharadar dps,seed 1043
"06 Fundamentals, annual and quarterly",entity_public_float_shares,,,,SEC Company Facts / FSDS (us-gaap EntityPublicFloat),,,"member_equity cells linked to a USD filer, ex-structural (metrics); all filing events (fundamentals)",">= 0.90 of top-3000 by market cap, every FY2015-FY2025 (spec gate, S4 exit)",S4,,seed 1045
"06 Fundamentals, annual and quarterly",treasury_stock_shares,,,,SEC Company Facts / FSDS (us-gaap TreasuryStockShares),,,"member_equity cells linked to a USD filer, ex-structural (metrics); all filing events (fundamentals)",">= 0.90 of top-3000 by market cap, every FY2015-FY2025 (spec gate, S4 exit)",S4,,seed 1046
"06 Fundamentals, annual and quarterly",class_a_common_shares_outstanding,,,,SEC Company Facts / FSDS (us-gaap ClassACommonStockSharesOutstanding),,,"member_equity cells linked to a USD filer, ex-structural (metrics); all filing events (fundamentals)",">= 0.90 of top-3000 by market cap, every FY2015-FY2025 (spec gate, S4 exit)",S4,,seed 1047
"06 Fundamentals, annual and quarterly",class_b_common_shares_outstanding,,,,SEC Company Facts / FSDS (us-gaap ClassBCommonStockSharesOutstanding),,,"member_equity cells linked to a USD filer, ex-structural (metrics); all filing events (fundamentals)",">= 0.90 of top-3000 by market cap, every FY2015-FY2025 (spec gate, S4 exit)",S4,,seed 1048
"06 Fundamentals, annual and quarterly",class_c_common_shares_outstanding,,,,SEC Company Facts / FSDS (us-gaap ClassCCommonStockSharesOutstanding),,,"member_equity cells linked to a USD filer, ex-structural (metrics); all filing events (fundamentals)",">= 0.90 of top-3000 by market cap, every FY2015-FY2025 (spec gate, S4 exit)",S4,,seed 1049
"06 Fundamentals, annual and quarterly",class_d_common_shares_outstanding,,,,SEC Company Facts / FSDS (us-gaap ClassDCommonStockSharesOutstanding),,,"member_equity cells linked to a USD filer, ex-structural (metrics); all filing events (fundamentals)",">= 0.90 of top-3000 by market cap, every FY2015-FY2025 (spec gate, S4 exit)",S4,,seed 1050
"06 Fundamentals, annual and quarterly",cash_only,ch|chq,,FF_CASH,"SEC Company Facts / FSDS (us-gaap Cash, CashAndCashEquivalentsAtCarryingValue, CashAndDueFromBanks)",,,"member_equity cells linked to a USD filer, ex-structural (metrics); all filing events (fundamentals)",">= 0.90 of top-3000 by market cap, every FY2015-FY2025 (spec gate, S4 exit)",S4,bloomberg BS_CASH; ciq IQ_CASH; worldscope 02003,seed 1104
"06 Fundamentals, annual and quarterly",prepaid_expense,,,FF_PREPAID,"SEC Company Facts / FSDS (us-gaap PrepaidExpenseCurrent, PrepaidExpenseAndOtherAssetsCurrent)",,,"member_equity cells linked to a USD filer, ex-structural (metrics); all filing events (fundamentals)",">= 0.90 of top-3000 by market cap, every FY2015-FY2025 (spec gate, S4 exit)",S4,,seed 1108
"06 Fundamentals, annual and quarterly",other_intangibles,,,FF_INTANG_OTH,"SEC Company Facts / FSDS (us-gaap IntangibleAssetsNetExcludingGoodwill, FiniteLivedIntangibleAssetsNet, IndefiniteLivedIntangibleAssetsExcludingGoodwill)",,,"member_equity cells linked to a USD filer, ex-structural (metrics); all filing events (fundamentals)",">= 0.90 of top-3000 by market cap, every FY2015-FY2025 (spec gate, S4 exit)",S4,bloomberg BS_OTHER_INTANG_ASSETS; ciq IQ_OTHER_INTAN; worldscope 02649,seed 1115
"06 Fundamentals, annual and quarterly",operating_lease_rou_asset,,,,SEC Company Facts / FSDS (us-gaap OperatingLeaseRightOfUseAsset),,,"member_equity cells linked to a USD filer, ex-structural (metrics); all filing events (fundamentals)",">= 0.90 of top-3000 by market cap, every FY2015-FY2025 (spec gate, S4 exit)",S4,,seed 1116
"06 Fundamentals, annual and quarterly",deferred_tax_assets,,,,"SEC Company Facts / FSDS (us-gaap DeferredIncomeTaxAssetsNet, DeferredTaxAssetsNetNoncurrent)",,,"member_equity cells linked to a USD filer, ex-structural (metrics); all filing events (fundamentals)",">= 0.90 of top-3000 by market cap, every FY2015-FY2025 (spec gate, S4 exit)",S4,sharadar taxassets,seed 1118
"06 Fundamentals, annual and quarterly",other_lt_assets,,,FF_OTH_LT_ASSET,"SEC Company Facts / FSDS (us-gaap OtherAssetsNoncurrent, OtherAssets)",,,"member_equity cells linked to a USD filer, ex-structural (metrics); all filing events (fundamentals)",">= 0.90 of top-3000 by market cap, every FY2015-FY2025 (spec gate, S4 exit)",S4,,seed 1119
"06 Fundamentals, annual and quarterly",accrued_liabilities,,,,"SEC Company Facts / FSDS (us-gaap AccruedLiabilitiesCurrent, EmployeeRelatedLiabilitiesCurrent)",,,"member_equity cells linked to a USD filer, ex-structural (metrics); all filing events (fundamentals)",">= 0.90 of top-3000 by market cap, every FY2015-FY2025 (spec gate, S4 exit)",S4,,seed 1204
"06 Fundamentals, annual and quarterly",current_portion_of_lt_debt,dd1,,,"SEC Company Facts / FSDS (us-gaap LongTermDebtCurrent, LongTermDebtAndCapitalLeaseObligationsCurrent)",,,"member_equity cells linked to a USD filer, ex-structural (metrics); all filing events (fundamentals)",">= 0.90 of top-3000 by market cap, every FY2015-FY2025 (spec gate, S4 exit)",S4,bloomberg BS_CUR_PORTION_LT_DEBT,seed 1206
"06 Fundamentals, annual and quarterly",total_debt,,,FF_DEBT,SEC Company Facts / FSDS,fundamentals,debt,"member_equity cells linked to a USD filer, ex-structural (metrics); all filing events (fundamentals)",">= 0.90 of top-3000 by market cap, every FY2015-FY2025 (spec gate, S4 exit)",S4,bloomberg SHORT_AND_LONG_TERM_DEBT; ciq IQ_TOTAL_DEBT|dataItemId=1005; sharadar debt,seed 1208
"06 Fundamentals, annual and quarterly",operating_lease_liability,,,FF_OPER_LEASES_PV,"SEC Company Facts / FSDS (us-gaap OperatingLeaseLiabilityNoncurrent, OperatingLeaseLiability, OperatingLeaseLiabilityCurrent)",,,"member_equity cells linked to a USD filer, ex-structural (metrics); all filing events (fundamentals)",">= 0.90 of top-3000 by market cap, every FY2015-FY2025 (spec gate, S4 exit)",S4,bloomberg BS_OPER_LEASE_LIAB,seed 1209
"06 Fundamentals, annual and quarterly",deferred_revenue,,,,"SEC Company Facts / FSDS (us-gaap DeferredRevenue, DeferredRevenueCurrent, ContractWithCustomerLiabilityCurrent)",fundamentals,drev,"member_equity cells linked to a USD filer, ex-structural (metrics); all filing events (fundamentals)",">= 0.90 of top-3000 by market cap, every FY2015-FY2025 (spec gate, S4 exit)",S4,sharadar deferredrev,seed 1210
"06 Fundamentals, annual and quarterly",other_lt_liabilities,,,FF_OTH_LT_LIAB,"SEC Company Facts / FSDS (us-gaap OtherLiabilitiesNoncurrent, OtherLiabilities)",,,"member_equity cells linked to a USD filer, ex-structural (metrics); all filing events (fundamentals)",">= 0.90 of top-3000 by market cap, every FY2015-FY2025 (spec gate, S4 exit)",S4,sharadar liabilitiesnc,seed 1212
"06 Fundamentals, annual and quarterly",common_stock_at_par,,,FF_COM_STK_PAR,"SEC Company Facts / FSDS (us-gaap CommonStockValue, CommonStocksIncludingAdditionalPaidInCapital)",,,"member_equity cells linked to a USD filer, ex-structural (metrics); all filing events (fundamentals)",">= 0.90 of top-3000 by market cap, every FY2015-FY2025 (spec gate, S4 exit)",S4,,seed 1215
"06 Fundamentals, annual and quarterly",additional_paid_in_capital,,,FF_COM_STK_PAR,"SEC Company Facts / FSDS (us-gaap AdditionalPaidInCapital, AdditionalPaidInCapitalCommonStock)",,,"member_equity cells linked to a USD filer, ex-structural (metrics); all filing events (fundamentals)",">= 0.90 of top-3000 by market cap, every FY2015-FY2025 (spec gate, S4 exit)",S4,bloomberg BS_SH_CAP_AND_APIC,seed 1216
"06 Fundamentals, annual and quarterly",aoci,,,,SEC Company Facts / FSDS (us-gaap AccumulatedOtherComprehensiveIncomeLossNetOfTax),,,"member_equity cells linked to a USD filer, ex-structural (metrics); all filing events (fundamentals)",">= 0.90 of top-3000 by market cap, every FY2015-FY2025 (spec gate, S4 exit)",S4,sharadar accoci,seed 1218
"06 Fundamentals, annual and quarterly",equity_incl_non_controlling,,,,SEC Company Facts / FSDS (us-gaap StockholdersEquityIncludingPortionAttributableToNoncontrollingInterest),,,"member_equity cells linked to a USD filer, ex-structural (metrics); all filing events (fundamentals)",">= 0.90 of top-3000 by market cap, every FY2015-FY2025 (spec gate, S4 exit)",S4,,seed 1222
"06 Fundamentals, annual and quarterly",temporary_equity,,,,"SEC Company Facts / FSDS (us-gaap TemporaryEquityCarryingAmountIncludingPortionAttributableToNoncontrollingInterests, RedeemableNoncontrollingInterestEquityCarryingAmount, TemporaryEquityCarryingAmount)",,,"member_equity cells linked to a USD filer, ex-structural (metrics); all filing events (fundamentals)",">= 0.90 of top-3000 by market cap, every FY2015-FY2025 (spec gate, S4 exit)",S4,,seed 1224
"06 Fundamentals, annual and quarterly",cfo_continuing_ops,,,,SEC Company Facts / FSDS (us-gaap NetCashProvidedByUsedInOperatingActivitiesContinuingOperations),,,"member_equity cells linked to a USD filer, ex-structural (metrics); all filing events (fundamentals)",">= 0.90 of top-3000 by market cap, every FY2015-FY2025 (spec gate, S4 exit)",S4,,seed 1302
"06 Fundamentals, annual and quarterly",capex_broader_incl_intangibles,,,,"SEC Company Facts / FSDS (us-gaap PaymentsToAcquireIntangibleAssets, PaymentsToDevelopSoftware)",,,"member_equity cells linked to a USD filer, ex-structural (metrics); all filing events (fundamentals)",">= 0.90 of top-3000 by market cap, every FY2015-FY2025 (spec gate, S4 exit)",S4,,seed 1306
"06 Fundamentals, annual and quarterly",stock_based_compensation,,,FF_STOCK_COMP,"SEC Company Facts / FSDS (us-gaap ShareBasedCompensation, AllocatedShareBasedCompensationExpense)",,,"member_equity cells linked to a USD filer, ex-structural (metrics); all filing events (fundamentals)",">= 0.90 of top-3000 by market cap, every FY2015-FY2025 (spec gate, S4 exit)",S4,bloomberg CF_STOCK_BASED_COMP; ciq IQ_STOCK_COMP; sharadar sbcomp,seed 1308
"06 Fundamentals, annual and quarterly",divestitures,sppe,,FF_DIVEST,"SEC Company Facts / FSDS (us-gaap ProceedsFromDivestitureOfBusinesses, ProceedsFromDivestitureOfBusinessesNetOfCashDivested, ProceedsFromSaleOfProductiveAssets)",,,"member_equity cells linked to a USD filer, ex-structural (metrics); all filing events (fundamentals)",">= 0.90 of top-3000 by market cap, every FY2015-FY2025 (spec gate, S4 exit)",S4,bloomberg CF_DISP_OF_BUSINESS,seed 1310
"06 Fundamentals, annual and quarterly",net_change_in_debt,,,,SEC Company Facts / FSDS,,,"member_equity cells linked to a USD filer, ex-structural (metrics); all filing events (fundamentals)",">= 0.90 of top-3000 by market cap, every FY2015-FY2025 (spec gate, S4 exit)",S4,bloomberg CF_NET_CHG_DEBT; sharadar ncfdebt,seed 1315
"06 Fundamentals, annual and quarterly",change_in_ar,recch,,FF_CHG_AR,"SEC Company Facts / FSDS (us-gaap IncreaseDecreaseInAccountsReceivable, IncreaseDecreaseInReceivables)",,,"member_equity cells linked to a USD filer, ex-structural (metrics); all filing events (fundamentals)",">= 0.90 of top-3000 by market cap, every FY2015-FY2025 (spec gate, S4 exit)",S4,,seed 1319
"06 Fundamentals, annual and quarterly",change_in_inventory,,,FF_CHG_INV,SEC Company Facts / FSDS (us-gaap IncreaseDecreaseInInventories),,,"member_equity cells linked to a USD filer, ex-structural (metrics); all filing events (fundamentals)",">= 0.90 of top-3000 by market cap, every FY2015-FY2025 (spec gate, S4 exit)",S4,,seed 1320
"06 Fundamentals, annual and quarterly",change_in_ap,,,FF_CHG_AP,"SEC Company Facts / FSDS (us-gaap IncreaseDecreaseInAccountsPayable, IncreaseDecreaseInAccountsPayableTrade, IncreaseDecreaseInAccountsPayableAndAccruedLiabilities)",,,"member_equity cells linked to a USD filer, ex-structural (metrics); all filing events (fundamentals)",">= 0.90 of top-3000 by market cap, every FY2015-FY2025 (spec gate, S4 exit)",S4,,seed 1321
"06 Fundamentals, annual and quarterly",fx_effect_on_cash,exre,,FF_EXCH_RATE_CF,"SEC Company Facts / FSDS (us-gaap EffectOfExchangeRateOnCashCashEquivalentsRestrictedCashAndRestrictedCashEquivalents, EffectOfExchangeRateOnCashAndCashEquivalents)",,,"member_equity cells linked to a USD filer, ex-structural (metrics); all filing events (fundamentals)",">= 0.90 of top-3000 by market cap, every FY2015-FY2025 (spec gate, S4 exit)",S4,bloomberg CF_FX_EFFECT_CASH; sharadar ncfx,seed 1323
"06 Fundamentals, annual and quarterly",free_cash_flow__1325,,,FF_FCF,SEC Company Facts / FSDS,,,"member_equity cells linked to a USD filer, ex-structural (metrics); all filing events (fundamentals)",">= 0.90 of top-3000 by market cap, every FY2015-FY2025 (spec gate, S4 exit)",S4,bloomberg CF_FREE_CASH_FLOW; ciq IQ_FCF; sharadar fcf; worldscope 04860,seed 1325
19 Characteristic library,book_value_per_share__1401,,,FF_BV_PS,computed,,,member_equity cells per year,>= 250 characteristics (S9),S9,bloomberg BOOK_VAL_PER_SH; sharadar bvps,seed 1401
19 Characteristic library,tangible_book_value_per_share,,,FF_TANG_BV_PS,computed,,,member_equity cells per year,>= 250 characteristics (S9),S9,sharadar tbvps,seed 1402
19 Characteristic library,cash_per_share,,,FF_CASH_PS,computed,,,member_equity cells per year,>= 250 characteristics (S9),S9,,seed 1405
19 Characteristic library,p_e,,,FF_PE,computed,,,member_equity cells per year,>= 250 characteristics (S9),S9,bloomberg PE_RATIO; sharadar pe; worldscope PE,seed 1407
19 Characteristic library,p_b,,,FF_PB,computed,,,member_equity cells per year,>= 250 characteristics (S9),S9,bloomberg PX_TO_BOOK_RATIO; sharadar pb,seed 1408
19 Characteristic library,p_s,,,FF_PS,computed,,,member_equity cells per year,>= 250 characteristics (S9),S9,sharadar ps,seed 1409
19 Characteristic library,debt_equity,,,FF_DEBT_EQUITY,computed,,,member_equity cells per year,>= 250 characteristics (S9),S9,sharadar de,seed 1422
19 Characteristic library,dso_days,,,FF_RECV_DAYS,computed,,,member_equity cells per year,>= 250 characteristics (S9),S9,,seed 1424
19 Characteristic library,dio_days,,,FF_INV_DAYS,computed,,,member_equity cells per year,>= 250 characteristics (S9),S9,,seed 1425
19 Characteristic library,dpo_days,,,FF_PAY_DAYS,computed,,,member_equity cells per year,>= 250 characteristics (S9),S9,,seed 1426
19 Characteristic library,cash_conversion_cycle,,,FF_CCC,computed,,,member_equity cells per year,>= 250 characteristics (S9),S9,,seed 1427
"08 Bank, insurer, REIT and utility formats",net_interest_margin,nim,,FF_NIM,SEC Company Facts / FSDS,,,linked issuers of the template,industry template items (S4.5),S4,ciq IQ_NIM|dataItemId=1901,seed 1502
"08 Bank, insurer, REIT and utility formats",interest_income_total,intinc,,,SEC Company Facts / FSDS (us-gaap InterestAndDividendIncomeOperating),,,linked issuers of the template,industry template items (S4.5),S4,,seed 1503
"08 Bank, insurer, REIT and utility formats",allowance_for_loan_and_lease_losses,alll,,FF_ALLL,SEC Company Facts / FSDS,,,linked issuers of the template,industry template items (S4.5),S4,,seed 1506
"08 Bank, insurer, REIT and utility formats",non_performing_loans,,,FF_NPL,SEC Company Facts / FSDS,,,linked issuers of the template,industry template items (S4.5),S4,,seed 1507
"08 Bank, insurer, REIT and utility formats",net_charge_offs,,,FF_NCO,SEC Company Facts / FSDS,,,linked issuers of the template,industry template items (S4.5),S4,,seed 1508
"08 Bank, insurer, REIT and utility formats",total_loans,tll,,FF_LOANS_TOT,SEC Company Facts / FSDS (us-gaap LoansAndLeasesReceivableNetReportedAmount),,,linked issuers of the template,industry template items (S4.5),S4,,seed 1509
"08 Bank, insurer, REIT and utility formats",total_deposits,tdsa,,FF_DEPOSITS_TOT,SEC Company Facts / FSDS,,,linked issuers of the template,industry template items (S4.5),S4,,seed 1510
"08 Bank, insurer, REIT and utility formats",tier_1_capital,,,FF_TIER1_CAP,SEC Company Facts / FSDS,,,linked issuers of the template,industry template items (S4.5),S4,,seed 1511
"08 Bank, insurer, REIT and utility formats",tier_1_capital_ratio,,,FF_TIER1_RATIO,SEC Company Facts / FSDS,,,linked issuers of the template,industry template items (S4.5),S4,,seed 1512
"08 Bank, insurer, REIT and utility formats",cet1_common_equity_tier_1,,,FF_CET1,SEC Company Facts / FSDS,,,linked issuers of the template,industry template items (S4.5),S4,,seed 1513
"08 Bank, insurer, REIT and utility formats",risk_weighted_assets,,,FF_RWA,SEC Company Facts / FSDS,,,linked issuers of the template,industry template items (S4.5),S4,,seed 1514
"08 Bank, insurer, REIT and utility formats",efficiency_ratio,,,FF_EFFICIENCY_RATIO,SEC Company Facts / FSDS,,,linked issuers of the template,industry template items (S4.5),S4,,seed 1515
"08 Bank, insurer, REIT and utility formats",premiums_written,,,FF_PREM_WRITTEN,SEC Company Facts / FSDS,,,linked issuers of the template,industry template items (S4.5),S4,,seed 1602
"08 Bank, insurer, REIT and utility formats",loss_reserves,losres,,FF_LOSS_RESERVE,SEC Company Facts / FSDS,,,linked issuers of the template,industry template items (S4.5),S4,,seed 1603
"08 Bank, insurer, REIT and utility formats",insurance_benefits_paid,benefits,,,SEC Company Facts / FSDS,,,linked issuers of the template,industry template items (S4.5),S4,,seed 1604
"08 Bank, insurer, REIT and utility formats",unpaid_claim_liability,ucl,,,SEC Company Facts / FSDS,,,linked issuers of the template,industry template items (S4.5),S4,,seed 1605
"08 Bank, insurer, REIT and utility formats",loss_ratio,,,FF_LOSS_RATIO,SEC Company Facts / FSDS,,,linked issuers of the template,industry template items (S4.5),S4,ciq IQ_LOSS_RATIO|dataItemId=2030,seed 1606
"08 Bank, insurer, REIT and utility formats",expense_ratio,,,FF_EXP_RATIO,SEC Company Facts / FSDS,,,linked issuers of the template,industry template items (S4.5),S4,,seed 1607
"08 Bank, insurer, REIT and utility formats",combined_ratio,,,FF_COMB_RATIO,SEC Company Facts / FSDS,,,linked issuers of the template,industry template items (S4.5),S4,ciq IQ_COMBINED_RATIO|dataItemId=2050,seed 1608
"08 Bank, insurer, REIT and utility formats",investment_portfolio,,,FF_INVEST_PORT,SEC Company Facts / FSDS,,,linked issuers of the template,industry template items (S4.5),S4,,seed 1609
"08 Bank, insurer, REIT and utility formats",insurance_float,,,FF_FLOAT,SEC Company Facts / FSDS,,,linked issuers of the template,industry template items (S4.5),S4,,seed 1610
"08 Bank, insurer, REIT and utility formats",funds_from_operations_ffo,,,FF_FFO,SEC Company Facts / FSDS (us-gaap FundsFromOperations),,,linked issuers of the template,industry template items (S4.5),S4,ciq IQ_FFO|dataItemId=1366,seed 1701
"08 Bank, insurer, REIT and utility formats",ffo_per_share,,,FF_FFO_PS,SEC Company Facts / FSDS,,,linked issuers of the template,industry template items (S4.5),S4,,seed 1702
"08 Bank, insurer, REIT and utility formats",adjusted_ffo_affo,,,FF_AFFO,SEC Company Facts / FSDS,,,linked issuers of the template,industry template items (S4.5),S4,ciq IQ_AFFO|dataItemId=1367,seed 1703
"08 Bank, insurer, REIT and utility formats",affo_per_share,,,FF_AFFO_PS,SEC Company Facts / FSDS,,,linked issuers of the template,industry template items (S4.5),S4,,seed 1704
"08 Bank, insurer, REIT and utility formats",net_operating_income_noi,,,FF_NOI,SEC Company Facts / FSDS,,,linked issuers of the template,industry template items (S4.5),S4,,seed 1705
"08 Bank, insurer, REIT and utility formats",same_store_noi,,,FF_NOI_SAME_STORE,SEC Company Facts / FSDS,,,linked issuers of the template,industry template items (S4.5),S4,,seed 1706
"08 Bank, insurer, REIT and utility formats",occupancy_rate,,,FF_OCCUPANCY,SEC Company Facts / FSDS,,,linked issuers of the template,industry template items (S4.5),S4,,seed 1707
"08 Bank, insurer, REIT and utility formats",rent_per_square_foot,,,FF_RENT_PSF,SEC Company Facts / FSDS,,,linked issuers of the template,industry template items (S4.5),S4,,seed 1708
"08 Bank, insurer, REIT and utility formats",gross_leasable_area,,,FF_GLA,SEC Company Facts / FSDS,,,linked issuers of the template,industry template items (S4.5),S4,,seed 1709
"08 Bank, insurer, REIT and utility formats",net_asset_value_per_share,,,FF_NAV,SEC Company Facts / FSDS,,,linked issuers of the template,industry template items (S4.5),S4,,seed 1710
"08 Bank, insurer, REIT and utility formats",capitalisation_rate,,,FF_CAP_RATE,SEC Company Facts / FSDS,,,linked issuers of the template,industry template items (S4.5),S4,,seed 1711
"08 Bank, insurer, REIT and utility formats",ffo_payout_ratio,,,FF_FFO_PAYOUT,SEC Company Facts / FSDS,,,linked issuers of the template,industry template items (S4.5),S4,,seed 1712
"08 Bank, insurer, REIT and utility formats",utility_operating_revenue,,,,SEC Company Facts / FSDS (us-gaap RegulatedAndUnregulatedOperatingRevenue),,,linked issuers of the template,industry template items (S4.5),S4,,seed 1801
"08 Bank, insurer, REIT and utility formats",utility_rate_base,,,FF_UTILITY_RATE_BASE,SEC Company Facts / FSDS,,,linked issuers of the template,industry template items (S4.5),S4,,seed 1802
"08 Bank, insurer, REIT and utility formats",utility_ppe_rate_base,,,,SEC Company Facts / FSDS (us-gaap PublicUtilitiesPropertyPlantAndEquipmentRateBaseAmount),,,linked issuers of the template,industry template items (S4.5),S4,,seed 1803
"08 Bank, insurer, REIT and utility formats",utility_operating_income,,,,SEC Company Facts / FSDS,,,linked issuers of the template,industry template items (S4.5),S4,,seed 1804
"08 Bank, insurer, REIT and utility formats",utility_depreciation_amortization,,,,SEC Company Facts / FSDS,,,linked issuers of the template,industry template items (S4.5),S4,,seed 1805
"08 Bank, insurer, REIT and utility formats",broker_dealer_revenue,,,,SEC Company Facts / FSDS,,,linked issuers of the template,industry template items (S4.5),S4,,seed 1901
"08 Bank, insurer, REIT and utility formats",segregated_cash_securities,,,,SEC Company Facts / FSDS (us-gaap SegregatedCashAndSecurities),,,linked issuers of the template,industry template items (S4.5),S4,,seed 1902
"08 Bank, insurer, REIT and utility formats",payables_broker_dealers,,,,SEC Company Facts / FSDS (us-gaap PayablesToBrokerDealersAndClearingOrganizations),,,linked issuers of the template,industry template items (S4.5),S4,,seed 1903
"08 Bank, insurer, REIT and utility formats",receivables_broker_dealers,,,,SEC Company Facts / FSDS (us-gaap ReceivablesFromBrokerDealersAndClearingOrganizations),,,linked issuers of the template,industry template items (S4.5),S4,,seed 1904
"08 Bank, insurer, REIT and utility formats",net_capital,,,FF_NET_CAPITAL,SEC Company Facts / FSDS,,,linked issuers of the template,industry template items (S4.5),S4,,seed 1905
16 Estimates,eps_diluted_normalized,,,,"license (D3: I/B/E/S, FactSet Estimates); free substitute: EX-99 guidance (S6.4)",,,license adapter,adapter contract tests pass on mocks (S8.1),S8,bloomberg BEST_EPS; ciq IQ_EST_EPS_NORM; factset_estimates EPS; ibes EPS; visible_alpha eps_diluted_norm,seed 2001
16 Estimates,eps_diluted_gaap,,,,"license (D3: I/B/E/S, FactSet Estimates); free substitute: EX-99 guidance (S6.4)",,,license adapter,adapter contract tests pass on mocks (S8.1),S8,bloomberg BEST_EPS_GAAP; ciq IQ_EST_EPS_GAAP; factset_estimates EPS_GAAP; ibes NER; visible_alpha eps_gaap,seed 2002
16 Estimates,eps_basic__2003,,,,"license (D3: I/B/E/S, FactSet Estimates); free substitute: EX-99 guidance (S6.4)",,,license adapter,adapter contract tests pass on mocks (S8.1),S8,factset_estimates EPS_BASIC; ibes EPS,seed 2003
16 Estimates,eps_beginning_of_period,,,,"license (D3: I/B/E/S, FactSet Estimates); free substitute: EX-99 guidance (S6.4)",,,license adapter,adapter contract tests pass on mocks (S8.1),S8,bloomberg BEST_EPS_BEG,seed 2004
16 Estimates,sales_revenue,,,,"license (D3: I/B/E/S, FactSet Estimates); free substitute: EX-99 guidance (S6.4)",,,license adapter,adapter contract tests pass on mocks (S8.1),S8,bloomberg BEST_SALES; ciq IQ_EST_REV; factset_estimates SALES; ibes REV|SAL; visible_alpha revenue,seed 2005
16 Estimates,ebitda,,,,"license (D3: I/B/E/S, FactSet Estimates); free substitute: EX-99 guidance (S6.4)",,,license adapter,adapter contract tests pass on mocks (S8.1),S8,bloomberg BEST_EBITDA; ciq IQ_EST_EBITDA; factset_estimates EBITDA; ibes EBT|MEASURE; visible_alpha ebitda,seed 2006
16 Estimates,ebit__2007,,,,"license (D3: I/B/E/S, FactSet Estimates); free substitute: EX-99 guidance (S6.4)",,,license adapter,adapter contract tests pass on mocks (S8.1),S8,ciq IQ_EST_EBIT; factset_estimates EBIT; ibes EBI; visible_alpha ebit,seed 2007
16 Estimates,operating_profit,,,,"license (D3: I/B/E/S, FactSet Estimates); free substitute: EX-99 guidance (S6.4)",,,license adapter,adapter contract tests pass on mocks (S8.1),S8,ciq 100186; factset_estimates OPR_PRO; ibes OPR|OPS; visible_alpha op_inc,seed 2008
16 Estimates,net_income,,,,"license (D3: I/B/E/S, FactSet Estimates); free substitute: EX-99 guidance (S6.4)",,,license adapter,adapter contract tests pass on mocks (S8.1),S8,bloomberg BEST_NET_INC; ciq 100185; factset_estimates NET_INC; ibes INC|NET; visible_alpha net_inc,seed 2009
16 Estimates,cash_flow_per_share,,,,"license (D3: I/B/E/S, FactSet Estimates); free substitute: EX-99 guidance (S6.4)",,,license adapter,adapter contract tests pass on mocks (S8.1),S8,ciq 100188; factset_estimates CFPS; ibes CPS,seed 2010
16 Estimates,capex__2011,,,,"license (D3: I/B/E/S, FactSet Estimates); free substitute: EX-99 guidance (S6.4)",,,license adapter,adapter contract tests pass on mocks (S8.1),S8,bloomberg BEST_CAPEX; ciq 100189; factset_estimates CAPEX; ibes CPX; visible_alpha capex,seed 2011
16 Estimates,free_cash_flow__2012,,,,"license (D3: I/B/E/S, FactSet Estimates); free substitute: EX-99 guidance (S6.4)",,,license adapter,adapter contract tests pass on mocks (S8.1),S8,bloomberg BEST_FCF; ciq 100190; factset_estimates FCF; visible_alpha fcf,seed 2012
16 Estimates,fcf_per_share__2013,,,,"license (D3: I/B/E/S, FactSet Estimates); free substitute: EX-99 guidance (S6.4)",,,license adapter,adapter contract tests pass on mocks (S8.1),S8,factset_estimates FCFPS,seed 2013
16 Estimates,dividends_per_share,,,,"license (D3: I/B/E/S, FactSet Estimates); free substitute: EX-99 guidance (S6.4)",,,license adapter,adapter contract tests pass on mocks (S8.1),S8,bloomberg BEST_DPS; ciq 100191; factset_estimates DPS; ibes DPS; visible_alpha dps,seed 2014
16 Estimates,book_value_per_share__2015,,,,"license (D3: I/B/E/S, FactSet Estimates); free substitute: EX-99 guidance (S6.4)",,,license adapter,adapter contract tests pass on mocks (S8.1),S8,bloomberg BEST_BPS; ciq 100192; factset_estimates BPS; ibes BPS; visible_alpha bps,seed 2015
16 Estimates,gross_profit__2016,,,,"license (D3: I/B/E/S, FactSet Estimates); free substitute: EX-99 guidance (S6.4)",,,license adapter,adapter contract tests pass on mocks (S8.1),S8,ciq 100187; ibes GPS|GRM; visible_alpha gross_profit,seed 2016
16 Estimates,gross_margin__2017,,,,"license (D3: I/B/E/S, FactSet Estimates); free substitute: EX-99 guidance (S6.4)",,,license adapter,adapter contract tests pass on mocks (S8.1),S8,factset_estimates GPM; ibes GRM; visible_alpha gross_margin,seed 2017
16 Estimates,operating_margin__2018,,,,"license (D3: I/B/E/S, FactSet Estimates); free substitute: EX-99 guidance (S6.4)",,,license adapter,adapter contract tests pass on mocks (S8.1),S8,factset_estimates OPM; ibes OPM; visible_alpha op_margin,seed 2018
16 Estimates,effective_tax_rate,,,,"license (D3: I/B/E/S, FactSet Estimates); free substitute: EX-99 guidance (S6.4)",,,license adapter,adapter contract tests pass on mocks (S8.1),S8,ciq 100193; visible_alpha tax_rate,seed 2019
16 Estimates,return_on_equity,,,,"license (D3: I/B/E/S, FactSet Estimates); free substitute: EX-99 guidance (S6.4)",,,license adapter,adapter contract tests pass on mocks (S8.1),S8,ciq 100194; factset_estimates ROE; ibes ROE,seed 2020
16 Estimates,return_on_assets,,,,"license (D3: I/B/E/S, FactSet Estimates); free substitute: EX-99 guidance (S6.4)",,,license adapter,adapter contract tests pass on mocks (S8.1),S8,ciq 100195; factset_estimates ROA; ibes ROA,seed 2021
16 Estimates,net_asset_value_reit_cef,,,,"license (D3: I/B/E/S, FactSet Estimates); free substitute: EX-99 guidance (S6.4)",,,license adapter,adapter contract tests pass on mocks (S8.1),S8,factset_estimates NAV; ibes NAV,seed 2022
16 Estimates,funds_from_operations_reit,,,,"license (D3: I/B/E/S, FactSet Estimates); free substitute: EX-99 guidance (S6.4)",,,license adapter,adapter contract tests pass on mocks (S8.1),S8,factset_estimates FFO; ibes FFO,seed 2023
16 Estimates,long_term_growth,,,,"license (D3: I/B/E/S, FactSet Estimates); free substitute: EX-99 guidance (S6.4)",,,license adapter,adapter contract tests pass on mocks (S8.1),S8,bloomberg BEST_LT_GROWTH; ciq IQ_LTG; factset_estimates LTG; ibes 0|LTG,seed 2024
16 Estimates,target_price_12m,,,,"license (D3: I/B/E/S, FactSet Estimates); free substitute: EX-99 guidance (S6.4)",,,license adapter,adapter contract tests pass on mocks (S8.1),S8,bloomberg BEST_TARGET_PRICE; factset_estimates TARGET_PRICE; ibes ptgdet,seed 2025
16 Estimates,recommendation,,,,"license (D3: I/B/E/S, FactSet Estimates); free substitute: EX-99 guidance (S6.4)",,,license adapter,adapter contract tests pass on mocks (S8.1),S8,bloomberg BEST_ANALYST_RATING|BEST_REC|BEST_REC_RAW; factset_estimates RECOMMENDATION; ibes ireccd|recddet,seed 2026
16 Estimates,recommendation_count_buys,,,,"license (D3: I/B/E/S, FactSet Estimates); free substitute: EX-99 guidance (S6.4)",,,license adapter,adapter contract tests pass on mocks (S8.1),S8,bloomberg BEST_RECS_BUYS; ibes recdsum,seed 2027
16 Estimates,recommendation_count_holds,,,,"license (D3: I/B/E/S, FactSet Estimates); free substitute: EX-99 guidance (S6.4)",,,license adapter,adapter contract tests pass on mocks (S8.1),S8,bloomberg BEST_RECS_HOLDS,seed 2028
16 Estimates,recommendation_count_sells,,,,"license (D3: I/B/E/S, FactSet Estimates); free substitute: EX-99 guidance (S6.4)",,,license adapter,adapter contract tests pass on mocks (S8.1),S8,bloomberg BEST_RECS_SELLS,seed 2029
16 Estimates,number_of_estimators,,,,"license (D3: I/B/E/S, FactSet Estimates); free substitute: EX-99 guidance (S6.4)",,,license adapter,adapter contract tests pass on mocks (S8.1),S8,bloomberg BEST_EPS_NUMEST|BEST_EST_NUM; factset_estimates num_est; ibes numest,seed 2030
16 Estimates,stdev_of_estimates,,,,"license (D3: I/B/E/S, FactSet Estimates); free substitute: EX-99 guidance (S6.4)",,,license adapter,adapter contract tests pass on mocks (S8.1),S8,bloomberg BEST_EPS_STDEV; factset_estimates stdev_est; ibes stdev,seed 2031
16 Estimates,high_low_estimate,,,,"license (D3: I/B/E/S, FactSet Estimates); free substitute: EX-99 guidance (S6.4)",,,license adapter,adapter contract tests pass on mocks (S8.1),S8,bloomberg BEST_EPS_HIGH|BEST_EPS_LOW; factset_estimates high_est|low_est; ibes highest|lowest,seed 2032
16 Estimates,surprise,,,,"license (D3: I/B/E/S, FactSet Estimates); free substitute: EX-99 guidance (S6.4)",,,license adapter,adapter contract tests pass on mocks (S8.1),S8,bloomberg BEST_EPS_SURP_LAST_QTR; factset_estimates surprise_pct,seed 2033
16 Estimates,beat_meet_miss_flag,,,,"license (D3: I/B/E/S, FactSet Estimates); free substitute: EX-99 guidance (S6.4)",,,license adapter,adapter contract tests pass on mocks (S8.1),S8,factset_estimates beat_meet_miss,seed 2034
16 Estimates,forward_p_e,,,,"license (D3: I/B/E/S, FactSet Estimates); free substitute: EX-99 guidance (S6.4)",,,license adapter,adapter contract tests pass on mocks (S8.1),S8,bloomberg BEST_PE_RATIO,seed 2035
16 Estimates,same_store_sales_kpi,,,,"license (D3: I/B/E/S, FactSet Estimates); free substitute: EX-99 guidance (S6.4)",,,license adapter,adapter contract tests pass on mocks (S8.1),S8,factset_estimates SAME_STORE_SALES; ibes SSS; visible_alpha same_store_sales,seed 2036
16 Estimates,arpu_telecom_kpi,,,,"license (D3: I/B/E/S, FactSet Estimates); free substitute: EX-99 guidance (S6.4)",,,license adapter,adapter contract tests pass on mocks (S8.1),S8,factset_estimates ARPU; ibes ARPU; visible_alpha arpu,seed 2037
16 Estimates,subscribers_telecom_streaming_kpi,,,,"license (D3: I/B/E/S, FactSet Estimates); free substitute: EX-99 guidance (S6.4)",,,license adapter,adapter contract tests pass on mocks (S8.1),S8,factset_estimates SUBSCRIBERS; ibes SUBSC; visible_alpha subscribers,seed 2038
16 Estimates,load_factor_airline_kpi,,,,"license (D3: I/B/E/S, FactSet Estimates); free substitute: EX-99 guidance (S6.4)",,,license adapter,adapter contract tests pass on mocks (S8.1),S8,factset_estimates LOAD_FACTOR,seed 2039
16 Estimates,ask_rpk_airline_kpi,,,,"license (D3: I/B/E/S, FactSet Estimates); free substitute: EX-99 guidance (S6.4)",,,license adapter,adapter contract tests pass on mocks (S8.1),S8,factset_estimates ASK|RPK,seed 2040
16 Estimates,production_oil_e_and_p_kpi,,,,"license (D3: I/B/E/S, FactSet Estimates); free substitute: EX-99 guidance (S6.4)",,,license adapter,adapter contract tests pass on mocks (S8.1),S8,factset_estimates PROD_OIL,seed 2041
16 Estimates,production_gold_miner_kpi,,,,"license (D3: I/B/E/S, FactSet Estimates); free substitute: EX-99 guidance (S6.4)",,,license adapter,adapter contract tests pass on mocks (S8.1),S8,factset_estimates PROD_GOLD,seed 2042
16 Estimates,aum_asset_manager_kpi,,,,"license (D3: I/B/E/S, FactSet Estimates); free substitute: EX-99 guidance (S6.4)",,,license adapter,adapter contract tests pass on mocks (S8.1),S8,factset_estimates AUM,seed 2043
16 Estimates,noi_reit_kpi,,,,"license (D3: I/B/E/S, FactSet Estimates); free substitute: EX-99 guidance (S6.4)",,,license adapter,adapter contract tests pass on mocks (S8.1),S8,factset_estimates NOI,seed 2044
"01 Security master, symbology",permno,,PERMNO,,TickerHistory3 securityID (sid0-bracket repair),prices,security_id,member_equity cells per year,"one key per listing line, delisted included",S2,CRSP,plan S2/S3 (CRSP)
"01 Security master, symbology",ncusip,,NCUSIP,,"13F, FTD, N-PORT, 13D/G CUSIPs",,,member_equity cells per year,>= 99.5% of 13F SH value maps; ISIN check digits valid 100%,S2,CRSP,plan S2/S3 (CRSP)
"01 Security master, symbology",shrcd,,SHRCD,,"FINRA issue names, cover-page dei",security_master,finra_type,member_equity cells per year,share-code-style history per line,S2,CRSP,plan S2/S3 (CRSP)
"01 Security master, symbology",exchcd,,EXCHCD,,"FINRA market class, dei SecurityExchangeName",security_master,exchange,member_equity cells per year,exchange history per line,S2,CRSP,plan S2/S3 (CRSP)
"01 Security master, symbology",ticker,,TICKER,,TickerHistory3,prices,ticker,member_equity cells per year,dated ticker per line,S2,CRSP,plan S2/S3 (CRSP)
"02 Daily prices, returns, shares, market cap",prc,,PRC,,TickerHistory3,prices,close,member_equity cells per year,validated closes 2012-03-26+,S3,CRSP,plan S2/S3 (CRSP)
"02 Daily prices, returns, shares, market cap",ret,,RET,,TickerHistory3,prices,ret,member_equity cells per year,>= 99% of sampled daily returns within 1 bp,S3,CRSP,plan S2/S3 (CRSP)
"02 Daily prices, returns, shares, market cap",vol,,VOL,,TickerHistory3,prices,volume,member_equity cells per year,member_equity cells,S3,CRSP,plan S2/S3 (CRSP)
"02 Daily prices, returns, shares, market cap",shrout,,SHROUT,,"dei cover counts, balance sheet, vendor",panel,shares_out,member_equity cells per year,>= 99% of member_equity cells; two sources within 5% on >= 95%,S3,CRSP,plan S2/S3 (CRSP)
"02 Daily prices, returns, shares, market cap",mktcap,,SHROUT*PRC,,shares x close,panel,me_company,member_equity cells per year,>= 99% of member_equity cells,S3,CRSP,plan S2/S3 (CRSP)
"03 Distributions, corporate actions",cfacpr,,CFACPR,,vendor return factors,corporate_actions,return_factor,member_equity cells per year,ex-date factors,S3,CRSP,plan S2/S3 (CRSP)
"03 Distributions, corporate actions",divamt,,DIVAMT,,"XBRL dividends declared, EX-99",corporate_actions,implied_cash,member_equity cells per year,declare date for >= 90% of member-line cash dividends from 2019,S3,CRSP,plan S2/S3 (CRSP)
04 Delisting returns,dlret,,DLRET,,"8-K 1.01/2.01, DEFM14A, SC TO-T, Form 25",delisting,dlret,member_equity cells per year,exact DLRET for >= 80% of M&A delistings from 2018,S3,CRSP,plan S2/S3 (CRSP)
05 Index membership,ewretd,,EWRETD,,computed from prices (panel mkt_ret: equal-weight member return),panel,mkt_ret,member_equity cells per year,CRSP-style EW/VW market returns; French Mkt rho >= 0.99 (<= 2022),S3,CRSP,plan S2/S3 (CRSP)
05 Index membership,vwretd,,VWRETD,,computed from prices and shares,,,member_equity cells per year,French Mkt-RF rho >= 0.99 on monthly windows ending <= 2022-12,S3,CRSP,plan S2/S3 (CRSP)
14 Classification,siccd,,SICCD,,FSDS SUB SIC per filing,fundamentals,sic,member_equity cells per year,SIC for 100% of linked issuers,S7,CRSP,plan S2/S3 (CRSP)
10 Institutional and fund ownership,inst_shares,,,FactSet Ownership: institutional shares,13F information tables,thirteenf,inst_shares,member_equity cells per year,fund ownership for >= 95% of member_equity cells from 2020,S5,FactSet Ownership: institutional shares,plan S5
10 Institutional and fund ownership,filer_type,,,FactSet Ownership: holder type,Form ADV bulk data,thirteenf,filer_type,member_equity cells per year,a type for >= 90% of 13F SH value per quarter,S5,FactSet Ownership: holder type,plan S5
11 Insiders,insider_net_buying,,,FactSet Insiders,"Forms 3/4/5, 144",insider,insider_last_code,member_equity cells per year,144 notices with available_at; nets per issuer and month,S5,FactSet Insiders,plan S5
"12 Short interest, fails, lending",short_interest,,,,FINRA consolidated short interest,short_interest,si_shares,member_equity cells per year,member_equity cells per year,S5,FINRA / Markit short interest,"plan S5, S8"
"12 Short interest, fails, lending",short_volume,,,,FINRA CNMS daily short volume,short_volume,sv_total_volume,member_equity cells per year,member_equity cells per year,S5,FINRA short volume,"plan S5, S8"
"12 Short interest, fails, lending",fails_to_deliver,,,,SEC FTD files,ftd,ftd_quantity,member_equity cells per year,member_equity cells per year,S5,SEC FTD,"plan S5, S8"
"12 Short interest, fails, lending",threshold_list,,,,exchange and FINRA threshold files,regsho_threshold,regsho_last_list_date,member_equity cells per year,threshold lists for all 5 listing markets 2018+,S5,Reg SHO threshold lists,"plan S5, S8"
13 Events,earnings_announcement,,,FactSet Events / StreetAccount,"8-K item 2.02, 6-K EX-99",earnings_calendar,earn_last_utc,member_equity cells per year,">= 95% of member_equity issuers covered, FPIs included",S6,FactSet Events / StreetAccount,plan S6
17 Options,iv_atm,,,,vendor ATM IV term,prices,iv_atm_21d,member_equity cells per year,>= 95% of optionable member lines,S8,OptionMetrics implied volatility,plan S8
"02 Daily prices, returns, shares, market cap",adj_close,,,,TickerHistory3 / SEC,prices,adj_close,member_equity cells per year,design spec market data / quality gates,S3,spec,spec market/quality
"02 Daily prices, returns, shares, market cap",total_return,,,,TickerHistory3 / SEC,prices,ret,member_equity cells per year,design spec market data / quality gates,S3,spec,spec market/quality
"03 Distributions, corporate actions",split_ratio,,,,TickerHistory3 / SEC,corporate_actions,split_ratio,member_equity cells per year,design spec market data / quality gates,S3,spec,spec market/quality
"03 Distributions, corporate actions",dividend_cash,,,,TickerHistory3 / SEC,corporate_actions,implied_cash,member_equity cells per year,design spec market data / quality gates,S3,spec,spec market/quality
"02 Daily prices, returns, shares, market cap",shares_outstanding_daily,,,,TickerHistory3 / SEC,panel,shares_out,member_equity cells per year,design spec market data / quality gates,S3,spec,spec market/quality
04 Delisting returns,delisting_return,,,,TickerHistory3 / SEC,delisting,dlret,member_equity cells per year,design spec market data / quality gates,S3,spec,spec market/quality
"01 Security master, symbology",universe_us_listed,,,,TickerHistory3 / SEC,panel,member_equity,member_equity cells per year,design spec market data / quality gates,S2,spec,spec market/quality
"06 Fundamentals, annual and quarterly",identity_assets_eq_liabilities_plus_equity,,,,quality gate,,,issuer-periods FY2015+,design spec market data / quality gates,S4,spec,spec market/quality
"06 Fundamentals, annual and quarterly",identity_gross_profit,,,,quality gate,,,issuer-periods FY2015+,design spec market data / quality gates,S4,spec,spec market/quality
"06 Fundamentals, annual and quarterly",identity_cash_flow,,,,quality gate,,,issuer-periods FY2015+,design spec market data / quality gates,S4,spec,spec market/quality
"02 Daily prices, returns, shares, market cap",shares_cross_source_check,,,,quality gate,,,issuer-periods FY2015+,design spec market data / quality gates,S3,spec,spec market/quality
"06 Fundamentals, annual and quarterly",fsds_benchmark,,,,quality gate,,,issuer-periods FY2015+,design spec market data / quality gates,S4,spec,spec market/quality
"06 Fundamentals, annual and quarterly",be,,,,SEC Company Facts / FSDS,fundamentals,be,"member_equity cells linked to a USD filer, ex-structural (metrics); all filing events (fundamentals)",">= 0.90 of top-3000 by market cap, every FY2015-FY2025 (spec gate, S4 exit)",S4,book equity (Fama-French),lake fundamentals v9
"06 Fundamentals, annual and quarterly",sue,,,,SEC Company Facts / FSDS,fundamentals,sue,"member_equity cells linked to a USD filer, ex-structural (metrics); all filing events (fundamentals)",">= 0.90 of top-3000 by market cap, every FY2015-FY2025 (spec gate, S4 exit)",S4,standardized unexpected earnings,lake fundamentals v9
"06 Fundamentals, annual and quarterly",buyback_authorized,,,,SEC Company Facts / FSDS,fundamentals,buyback_authorized,"member_equity cells linked to a USD filer, ex-structural (metrics); all filing events (fundamentals)",">= 0.90 of top-3000 by market cap, every FY2015-FY2025 (spec gate, S4 exit)",S4,buyback program authorized amount,lake fundamentals v9
"06 Fundamentals, annual and quarterly",buyback_remaining,,,,SEC Company Facts / FSDS,fundamentals,buyback_remaining,"member_equity cells linked to a USD filer, ex-structural (metrics); all filing events (fundamentals)",">= 0.90 of top-3000 by market cap, every FY2015-FY2025 (spec gate, S4 exit)",S4,buyback program remaining amount,lake fundamentals v9
