decision,session_ns,month,entry,endpoint,turnover,forced,discretionary,deployment,month_turnover,budget_excess,applied_fraction,gross,net,long_weight,short_weight,max_abs_weight,effective_names,held_names,return_mature,return_complete,observed_return_component,missing_long,missing_short,missing_gross,missing_names,guarded_names,modeled_trade_cost,modeled_borrow_cost,complete_gross_return,complete_net_return
399,1577923200000000000,202001,400,401,0.25000000000000044,0,0.25000000000000044,0.25000000000000044,0.25000000000000044,0,0.25,0.25000000000000044,-6.2170863075750038e-16,0.125,0.12500000000000025,0.00017307024577773404,2166.1370184352472,2888,1,0,-0.00046247898750513544,0.00014729255070172894,1.3967913843509722e-05,0.00016126046454523866,2,0,0.00015000000000000026,1.4880952380952411e-05,nan,nan
400,1578009600000000000,202001,401,402,0.00020076628095241859,0.00020076628095241859,0,0,0.25020076628095284,0,0,0.24979923371904802,0.00020076628095179835,0.125,0.12479923371904782,0.00017307024577773404,2164.9298451606346,2885,1,0,-0.00014907566294980045,0.00014729255070172894,1.3967913843509722e-05,0.00016126046454523866,2,0,1.2045976857145116e-07,1.4857051633219979e-05,nan,nan
401,1578268800000000000,202001,402,403,0.00023110003376278725,0.00023110003376278725,0,0,0.25043186631471565,0,0,0.24956813368528524,0.0001372812133111459,0.12485270744929829,0.12471542623598676,0.00017307024577773404,2162.641617037717,2878,1,1,0.00051943198848121484,0,0,0,0,0,1.3866002025767236e-07,1.4847074551903188e-05,0.00051943198848121484,0.00050444625390905402
402,1578355200000000000,202001,403,404,0,0,0,0,0.25043186631471565,0,0,0.24956813368528524,0.0001372812133111459,0.12485270744929829,0.12471542623598676,0.00017307024577773404,2162.641617037717,2878,1,0,0.00064671559280193782,0,5.2334715817098105e-05,5.2334715817098105e-05,1,0,0,1.4847074551903188e-05,nan,nan
403,1578441600000000000,202001,404,405,0.00043534330614406153,0.00043534330614406153,0,0,0.25086720962085973,0,0,0.24913279037914118,0.00057262451945519195,0.12485270744929829,0.1242800829298427,0.00017307024577773404,2159.6320858597715,2874,1,0,0.00012710784095051216,0,0.00021185668464790877,0.00021185668464790877,2,0,2.6120598368643696e-07,1.4795247967838418e-05,nan,nan
404,1578528000000000000,202001,405,406,0.18893680835197252,0.00012319340321206954,0.18881361494876042,0,0.43980401797283225,0,0.25,0.43551457075269173,0.00052186344199942471,0.2180182170973449,0.21749635365534581,0.00030209765332020607,2167.5572787512401,2901,1,0,0.00062706381658476028,0,0.00026959751169998805,0.00026959751169998805,1,0,0.00011336208501118352,2.5892423054207838e-05,nan,nan
405,1578614400000000000,202001,406,407,0.0010933711221318913,0.0010933711221318913,0,0,0.44089738909496412,0,0,0.43442119963055986,0.0016152345641313177,0.2180182170973449,0.21640298253321391,0.00030209765332020607,2163.295736609597,2892,1,1,-0.0014844276665028945,0,0,0,0,0,6.5602267327913476e-07,2.5762259825382606e-05,-0.0014844276665028945,-0.0015108459490015564
406,1578873600000000000,202001,407,408,0.00042655847034236673,0.00042655847034236673,0,0,0.44132394756530646,0,0,0.43399464116021746,0.0020417930344736844,0.2180182170973449,0.21597642406287154,0.00030209765332020607,2161.0544652597951,2887,1,0,-2.1160879094159738e-05,0,0.00010806664919902876,0.00010806664919902876,1,0,2.5593508220542005e-07,2.5711479055103757e-05,nan,nan
407,1578960000000000000,202001,408,409,0.00011435442596918576,0.00011435442596918576,0,0,0.44143830199127565,0,0,0.43388028673424828,0.0021561474604428715,0.2180182170973449,0.21586206963690235,0.00030209765332020607,2160.007472059614,2883,1,0,0.00010321660251294189,3.9562158430048863e-05,0.00010806664919902876,0.00014762880762907762,2,0,6.8612655581511451e-08,2.5697865432964565e-05,nan,nan
408,1579046400000000000,202001,409,410,0.00021702259598998041,0.00021702259598998041,0,0,0.44165532458726564,0,0,0.43366326413825834,0.0023731700564328484,0.2180182170973449,0.21564504704091242,0.00030209765332020607,2158.4304151434517,2881,1,0,0.0012823872063326561,3.9562158430048863e-05,0,3.9562158430048863e-05,1,0,1.3021355759398824e-07,2.5672029409632435e-05,nan,nan
409,1579132800000000000,202001,410,411,0.14439907916227029,0.00016541692988923461,0.14423366223238104,0,0.58605440374953588,0,0.25,0.57252011432686356,0.0017242868620301515,0.28712220059444649,0.28539791373241619,0.00039776692014898947,2166.152836175092,2917,1,1,0.0021778697069492724,0,0,0,0,0,8.6639447497362173e-05,3.3975942111001929e-05,0.0021778697069492724,0.0020572543173409084
410,1579219200000000000,202001,411,412,0.00021720159909931108,0.00021720159909931108,0,0,0.58627160534863521,0,0,0.57230291272776423,0.0019414884611294574,0.28712220059444649,0.28518071213331686,0.00039776692014898947,2165.0595754180085,2914,1,1,0.001412228879601736,0,0,0,0,0,1.3032095945958666e-07,3.3950084777775815e-05,0.001412228879601736,0.0013781484738645006
411,1579564800000000000,202001,412,413,0.00051479128870825566,0.00051479128870825566,0,0,0.58678639663734344,0,0,0.57178812143905589,0.00211490932856182,0.28695151538380853,0.28483660605524658,0.00039776692014898947,2163.1724746907412,2911,1,0,0.0012648062879651585,0,3.7681997530058698e-05,3.7681997530058698e-05,1,0,3.0887477322495336e-07,3.3909119768481736e-05,nan,nan
412,1579651200000000000,202001,413,414,2.7817982179415511e-05,2.7817982179415511e-05,0,0,0.58681421461952288,0,0,0.57176030345687645,0.0021427273107412267,0.28695151538380853,0.28480878807306714,0.00039776692014898947,2162.9730738986204,2910,1,0,0.0015442176891878104,0.00022876737415101074,3.7681997530058698e-05,0.00026644937168106942,2,0,1.6690789307649307e-08,3.3905808103936565e-05,nan,nan
413,1579737600000000000,202001,414,415,0.00093722305586047287,0.00093722305586047287,0,0,0.5877514376753834,0,0,0.57082308040101593,0.0026285120077143829,0.28672579620436484,0.28409728419665031,0.00039776692014898947,2159.4141056541462,2904,1,0,0.00028493157369934919,0.00022876737415101074,0,0.00022876737415101074,1,0,5.6233383351628375e-07,3.3821105261505987e-05,nan,nan
414,1579824000000000000,202001,415,416,0.11416133656342542,0.00061374732511389229,0.11354758923831154,0,0.70191277423880882,0,0.25,0.6735301828049608,0.002088543438395471,0.3378093631216782,0.33572081968328321,0.00046816198954939602,2168.2174975730986,2941,1,0,0.0011224073559580202,0.00024741328921296178,0,0.00024741328921296178,1,0,6.8496801938055257e-05,3.9966764248009905e-05,nan,nan
415,1580083200000000000,202001,416,417,0.00071855730937620725,0.00071855730937620725,0,0,0.70263133154818502,0,0,0.67281162549558449,0.0028071007477716518,0.3378093631216782,0.33500226237390712,0.00046816198954939602,2166.1168355425657,2935,1,0,0.0011078040515681801,0.00024741328921296178,0,0.00024741328921296178,1,0,4.3113438562572436e-07,3.9881221711179418e-05,nan,nan
416,1580169600000000000,202001,417,418,0.0012181514112118428,0.0012181514112118428,0,0,0.70384948295939687,0,0,0.67159347408437275,0.0035304255805575736,0.33756194983246524,0.33403152425190824,0.00046816198954939602,2161.5910908353967,2926,1,1,0.0011188426672133832,0,0,0,0,0,7.3089084672710568e-07,3.9765657649036699e-05,0.0011188426672133832,0.0010783461187176193
417,1580256000000000000,202001,418,419,5.7893411086118267e-05,5.7893411086118267e-05,0,0,0.70390737637048295,0,0,0.67153558067328656,0.0035883189916436865,0.33756194983246524,0.3339736308408221,0.00046816198954939602,2161.2359969514882,2923,1,0,-0.0010037023378489458,0,0.00027006554714136319,0.00027006554714136319,1,0,3.4736046651670961e-08,3.9758765576288346e-05,nan,nan
418,1580342400000000000,202001,419,420,0.00064939268107785117,0.00064939268107785117,0,0,0.70455676905156084,0,0,0.67088618799220889,0.0042377116727215476,0.33756194983246524,0.33332423815974427,0.00046816198954939602,2159.2579781719019,2918,1,0,0.0010672529105642042,0.00022760902816982854,0.00027006554714136319,0.00049767457531119173,2,0,3.896356086467107e-07,3.9681456923779081e-05,nan,nan
419,1580428800000000000,202001,420,421,0.096269721362355981,0.0011755622364356514,0.095094159125920313,0,0.80082649041391685,0,0.25,0.74493952079212855,0.0040599554318686342,0.37449973811199855,0.37043978268013161,0.00052090075950018467,2158.5179234726561,2944,1,0,0.00077118911357803449,0.00066602683805027014,0,0.00066602683805027014,2,0,5.7761832817413581e-05,4.4099974128587099e-05,nan,nan
420,1580688000000000000,202002,421,422,0.0013359569165137546,0.0013359569165137546,0,0,0.0013359569165137546,0,0,0.74360356387561488,0.0048386258810922157,0.37422109487835348,0.36938246899726296,0.00052090075950018467,2155.7405371558302,2938,1,0,-0.0029425846381931652,0.00038738360440517667,0,0.00038738360440517667,1,0,8.0157414990825269e-07,4.3974103452055112e-05,nan,nan
421,1580774400000000000,202002,422,423,0.0010464927497728605,0.0010464927497728605,0,0,0.0023824496662866153,0,0,0.74255707112584191,0.0051084001275185599,0.37383273562668018,0.36872433549916334,0.00052090075950018467,2152.1186436349958,2931,1,0,0.00091286943730083678,4.4012438544303124e-05,0,4.4012438544303124e-05,1,0,6.2789564986371637e-07,4.3895754226090869e-05,nan,nan
422,1580860800000000000,202002,423,424,0.001193400274879275,0.001193400274879275,0,0,0.0035758499411658903,0,0,0.74136367085096255,0.005868782192828984,0.3736162265218958,0.36774744432906847,0.00052090075950018467,2148.4409279347356,2926,1,0,0.0010851877692055942,0.00012347850003624196,0,0.00012347850003624196,2,0,7.1604016492756504e-07,4.3779457658222438e-05,nan,nan
423,1580947200000000000,202002,424,425,8.2657364935106472e-05,8.2657364935106472e-05,0,0,0.0036585073061009966,0,0,0.74128101348602737,0.0058634146806754777,0.37357221408335151,0.36770879940267764,0.00052090075950018467,2147.9858255887821,2923,1,0,0.0025493257696600088,7.9466061491938834e-05,2.8491630077004028e-05,0.00010795769156894287,2,0,4.9594418961063886e-08,4.3774857071747339e-05,nan,nan
424,1581033600000000000,202002,425,426,0.084305495984860715,0.00020732766839708672,0.084098168316463648,0,0.087964003290961712,0,0.25,0.79632780831168348,0.0044338576695672378,0.40038083299062482,0.39594697532105722,0.00056033961522714676,2149.2519555848698,2946,1,0,-0.00041093242926546896,0,0.00014693242571802367,0.00014693242571802367,3,0,5.0583297590916434e-05,4.7136544681078239e-05,nan,nan
425,1581292800000000000,202002,426,427,0.00044564685864426469,0.00044564685864426469,0,0,0.088409650149605973,0,0,0.79588216145303914,0.0042118984998406129,0.40004702997643937,0.39583513147659843,0.00056033961522714676,2147.308112437709,2935,1,0,-0.00073450802020977963,0,0.00013967836909320529,0.00013967836909320529,2,0,2.673881151865588e-07,4.712322993769029e-05,nan,nan
426,1581379200000000000,202002,427,428,0.0016988964538286124,0.0016988964538286124,0,0,0.090108546603434592,0,0,0.79418326499921021,0.0059107949536692118,0.40004702997643937,0.39413623502276979,0.00056033961522714676,2143.8799786532591,2927,1,1,0.0015569818452433376,0,0,0,0,0,1.0193378722971674e-06,4.6920980359853544e-05,0.0015569818452433376,0.0015090415270111869
427,1581465600000000000,202002,428,429,0.00038620435818354285,0.00038620435818354285,0,0,0.090494750961618131,0,0,0.79379706064102662,0.0062969993118527409,0.40004702997643937,0.3937500306645863,0.00056033961522714676,2142.583886368298,2922,1,0,0.00063383452920043467,2.1897049342793168e-05,0,2.1897049342793168e-05,1,0,2.317226149101257e-07,4.6875003650545992e-05,nan,nan
428,1581552000000000000,202002,429,430,1.6026160913751045e-05,1.6026160913751045e-05,0,0,0.090510777122531888,0,0,0.79378103448011283,0.0063130254727664977,0.40004702997643937,0.39373400450367257,0.00056033961522714676,2142.4992440593082,2921,1,0,-0.00042692785922679232,2.1897049342793168e-05,0,2.1897049342793168e-05,1,0,9.6156965482506271e-09,4.6873095774246732e-05,nan,nan
429,1581638400000000000,202002,430,431,0.07935401367607231,0.0015649187379798385,0.077789094938092523,0,0.1698647907986042,0,0.25,0.83452559350705424,0.0058756125840451392,0.42020060304555135,0.41432499046150606,0.00059020712474462948,2147.3187867956531,2941,1,1,-0.00021352866601698843,0,0,0,0,0,4.7612408205643384e-05,4.9324403626369772e-05,-0.00021352866601698843,-0.00031046547784900158
430,1581984000000000000,202002,431,432,0.00056510598428711339,0.00056510598428711339,0,0,0.1704298967828913,0,0,0.83396048752276719,0.0058503167478101744,0.41990540213529032,0.41405508538747993,0.00059020712474462948,2145.2956807846886,2934,1,0,-0.0022825947606366858,0.00015909332400610712,0,0.00015909332400610712,1,0,3.3906359057226803e-07,4.9292272069938087e-05,nan,nan
431,1582070400000000000,202002,432,433,5.8503837792879429e-05,5.8503837792879429e-05,0,0,0.17048840062068418,0,0,0.83390198368497448,0.0059088205856030526,0.41990540213529032,0.4139965815496871,0.00059020712474462948,2145.0000024760247,2929,1,0,-0.0009235630759798464,0.00046907785090741883,0,0.00046907785090741883,2,0,3.5102302675727657e-08,4.9285307327343702e-05,nan,nan
432,1582156800000000000,202002,433,434,0.0013100518716585186,0.0013100518716585186,0,0,0.17179845249234271,0,0,0.83259193181331603,0.0069006858092493552,0.41974630881128422,0.41284562300203476,0.00059020712474462948,2141.6672104685786,2920,1,0,-0.00097871685939076897,0.00079953007099536444,0,0.00079953007099536444,2,0,7.8603112299511125e-07,4.9148288452623188e-05,nan,nan
433,1582243200000000000,202002,434,435,0.00057175381250791114,0.00057175381250791114,0,0,0.17237020630485062,0,0,0.83202017800080807,0.0066571088154046033,0.41933864340810795,0.41268153459270318,0.00059020712474462948,2139.5091460755898,2914,1,0,0.00055936913528427672,0.00048954554409405267,0,0.00048954554409405267,1,0,3.430522875047467e-07,4.9128754118178949e-05,nan,nan
434,1582502400000000000,202002,435,436,0.078948997510924102,0.0025535314936309776,0.076395466017293176,0,0.25131920381577472,0,0.25,0.85969370370818698,0.0061736619156353353,0.43293368281191075,0.42676002089627524,0.00061168754235503651,2139.124952909382,2951,1,1,0.0051735372571887414,0,0,0,0,0,4.7369398506554463e-05,5.0804764392413715e-05,0.0051735372571887414,0.0050753630942897733
435,1582588800000000000,202002,436,437,0.0010947133598120759,0.0010947133598120759,0,0,0.25241391717558681,0,0,0.85859899034837495,0.0071095381948318055,0.43285426427160295,0.42574472607677094,0.00061168754235503651,2136.164483065279,2940,1,1,-0.003988423151226844,0,0,0,0,0,6.5682801588724561e-07,5.068389596152035e-05,-0.003988423151226844,-0.004039763875204252
436,1582675200000000000,202002,437,438,0.0017114633274274761,0.0017114633274274761,0,0,0.25412538050301431,0,0,0.85688752702094761,0.0082951370223676036,0.43259133202165717,0.42429619499928928,0.00061168754235503651,2132.5132798105042,2930,1,0,-0.0029654306320209298,0.00016500358967128532,0,0.00016500358967128532,1,0,1.0268779964564856e-06,5.0511451785629677e-05,nan,nan
437,1582761600000000000,202002,438,439,0.0027413990969218432,0.0027413990969218432,0,0,0.25686677959993615,0,0,0.85414612792402578,0.010994560768119315,0.43257034434607206,0.4215757835779525,0.00061168754235503651,2127.9413834951197,2920,1,0,0.0099775406135605496,0.00016500358967128532,0.00012100842078312612,0.00028601201045441141,2,0,1.6448394581531058e-06,5.0187593283089586e-05,nan,nan
438,1582848000000000000,202002,439,440,0.0014361559124536172,0.0014361559124536172,0,0,0.25830293551238975,0,0,0.85270997201157195,0.011820369230449716,0.4322651706210105,0.42044480139056045,0.00061168754235503651,2124.1435857574324,2910,1,0,-0.00090293105161769508,0,0.00012100842078312612,0.00012100842078312612,1,0,8.6169354747217019e-07,5.0052952546495289e-05,nan,nan
439,1583107200000000000,202003,440,441,0.077864410393209932,0.00042123016565593036,0.077443180227554032,0,0.077864410393209932,0,0.25,0.87691124032073897,0.0091811995470794019,0.44304621993390819,0.43386502038682856,0.00062694592699591282,2142.164566612737,2972,1,1,0.0071752141568984223,0,0,0,0,0,4.671864623592596e-05,5.1650597665098634e-05,0.0071752141568984223,0.0070768449129973978
440,1583193600000000000,202003,441,442,5.6747658920508817e-05,5.6747658920508817e-05,0,0,0.077921158052130443,0,0,0.87685449266181836,0.0092379472059999131,0.44304621993390819,0.43380827272790806,0.00062694592699591282,2141.8944008753911,2969,1,0,0.00088911372380501437,3.9366161214668651e-05,0.0005276706623071264,0.00056703682352179507,2,0,3.4048595352305291e-08,5.1643841991417628e-05,nan,nan
441,1583280000000000000,202003,442,443,0.00088196495496504243,0.00088196495496504243,0,0,0.07880312300709548,0,0,0.87597252770685341,0.01011991216096496,0.44304621993390819,0.432926307772943,0.00062694592699591282,2139.7389441595246,2965,1,0,0.0026446201647841632,3.9366161214668651e-05,0.0005276706623071264,0.00056703682352179507,2,0,5.2917897297902546e-07,5.1538846163445593e-05,nan,nan
442,1583366400000000000,202003,443,444,0.00079084063533444208,0.00079084063533444208,0,0,0.079593963642429919,0,0,0.87518168707151889,0.010832020473870085,0.4430068537726935,0.43217483329882328,0.00062694592699591282,2137.7876875381944,2960,1,0,0.0085017652618082744,0.00046426738737310644,0.00040932907045579435,0.0008735964578289008,2,1,4.7450438120066521e-07,5.1449384916526578e-05,nan,nan
443,1583452800000000000,202003,444,445,0.0024795085094471317,0.0024795085094471317,0,0,0.082073472151877047,0,0,0.87270217856207166,0.013301198915129349,0.44300168873859957,0.42970048982347003,0.00062694592699591282,2133.8119756943315,2952,1,0,0.0043003074759980064,0.00046426738737310644,0,0.00046426738737310644,1,0,1.4877051056682789e-06,5.115482021707976e-05,nan,nan
444,1583712000000000000,202003,445,446,0.081594604801071266,0.0043063903504437949,0.077288214450627599,0,0.16366807695294833,0,0.25,0.88756518422788122,0.012509290868119307,0.45003723754799946,0.43752794667987976,0.0006369872971482023,2145.6266343118655,2997,1,1,0.001058318157265495,0,0,0,0,0,4.8956762880642755e-05,5.2086660319033301e-05,0.001058318157265495,0.00095727473406581902
445,1583798400000000000,202003,446,447,0.017613262613887275,0.017613262613887275,0,0,0.18128133956683559,0,0,0.86995192161399337,0.028431576189737573,0.44919174890186486,0.42076017271212685,0.0006369872971482023,2109.3878732082876,2948,1,1,-0.0022511343300961393,0,0,0,0,0,1.0567957568332365e-05,5.0090496751443666e-05,-0.0022511343300961393,-0.0023117927844159155
446,1583884800000000000,202003,447,448,0.0013330443146718956,0.0013330443146718956,0,0,0.1826143838815075,0,0,0.86861887729932163,0.029764620504409482,0.44919174890186486,0.419427128397455,0.0006369872971482023,2107.3232125313571,2943,1,0,0.006852884520255286,0.00040056693325300893,0,0.00040056693325300893,1,0,7.9982658880313731e-07,4.9931800999697024e-05,nan,nan
447,1583971200000000000,202003,448,449,0.002629710867242588,0.002629710867242588,0,0,0.18524409474875009,0,0,0.86598916643207891,0.032324149264157005,0.44915665784811731,0.41683250858395993,0.0006369872971482023,2101.7979994301559,2934,1,0,-0.010895045508429971,0.00072099838811587108,0,0.00072099838811587108,2,0,1.577826520345553e-06,4.9622917688566658e-05,nan,nan
448,1584057600000000000,202003,449,450,0.013077825324376529,0.013077825324376529,0,0,0.19832192007312663,0,0,0.85291134110770273,0.043142898961537973,0.44802712003461953,0.40488422107308092,0.0006369872971482023,2074.3078828705557,2895,1,0,0.011370156592275717,0.00032043145486286215,0,0.00032043145486286215,1,0,7.8466951946259183e-06,4.820050250870011e-05,nan,nan
449,1584316800000000000,202003,450,451,0.0845371771191962,0.0016339915810208874,0.082903185538175286,0,0.28285909719232283,0,0.25,0.87106655811247002,0.032966921111476442,0.45201673961197342,0.41904981850049583,0.00064633337233963094,2088.5150293655784,2961,1,1,0.0027472757138350089,0,0,0,0,0,5.0722306271517723e-05,4.9886883154820931e-05,0.0027472757138350089,0.0026466665244086703
450,1584403200000000000,202003,451,452,0.0083763562575648667,0.0083763562575648667,0,0,0.29123545344988772,0,0,0.86269020185490508,0.040599282861767012,0.45164474235833624,0.41104545949656812,0.00064633337233963094,2068.7444998410083,2911,1,0,-0.017374711328062689,2.249270198230963e-05,0,2.249270198230963e-05,1,0,5.0258137545389204e-06,4.8933983273400968e-05,nan,nan
451,1584489600000000000,202003,452,453,0.0094686326600496411,0.0094686326600496411,0,0,0.30070408610993737,0,0,0.85322156919485548,0.04888061034399984,0.45105108976942787,0.40217047942542711,0.00064633337233963094,2049.9365734452304,2881,1,0,-0.0053484089715660514,2.249270198230963e-05,0,2.249270198230963e-05,1,0,5.6811795960297842e-06,4.7877438026836559e-05,nan,nan
452,1584576000000000000,202003,453,454,0.018271812399413005,0.018271812399413005,0,0,0.31897589850935038,0,0,0.83494975679544248,0.062175875583890816,0.44856281618966692,0.38638694060577539,0.00064633337233963094,2005.2913396711078,2818,1,1,-0.0029542708513003255,0,0,0,0,0,1.0963087439647804e-05,4.5998445310211356e-05,-0.0029542708513003255,-0.0030112323840501844
453,1584662400000000000,202003,454,455,0.0024075701645201583,0.0024075701645201583,0,0,0.32138346867387052,0,0,0.83254218663092228,0.064534107305155283,0.44853814696803912,0.38400403966288305,0.00064633337233963094,1999.7474677456357,2810,1,0,0.0083275560048020857,0.00027867499345051274,0,0.00027867499345051274,1,0,1.444542098712095e-06,4.5714766626533695e-05,nan,nan
454,1584921600000000000,202003,455,456,0.088248784844140643,0.0009875257000324432,0.087261259144108205,0,0.40963225351801114,0,0.25,0.85452807664737573,0.048802785934057152,0.45166543129071846,0.40286264535666128,0.00065452920117008585,2027.0621280794655,2935,1,0,0.0017279853613708176,0.00032266376021119748,0,0.00032266376021119748,1,0,5.2949270906484383e-05,4.7959838732935866e-05,nan,nan
455,1585008000000000000,202003,456,457,0.0027521542223666547,0.0027521542223666547,0,0,0.41238440774037777,0,0,0.85177592242500932,0.048464373922513307,0.45012014817376333,0.40165577425125004,0.00065452920117008585,2020.1237192455528,2908,1,1,0.010636073724763136,0,0,0,0,0,1.6512925334199929e-06,4.7816163601339288e-05,0.010636073724763136,0.010586606268628377
456,1585094400000000000,202003,457,458,0.0030928402244832002,0.0030928402244832002,0,0,0.41547724796486096,0,0,0.84868308220052591,0.049256732275985017,0.44896990723825753,0.3997131749622726,0.00065452920117008585,2012.4495014720526,2887,1,0,0.0014281398866387142,0.00059472609571557973,0,0.00059472609571557973,1,0,1.85570413468992e-06,4.7584901781222934e-05,nan,nan
457,1585180800000000000,202003,458,459,0.00018298855795096167,0.00018298855795096167,0,0,0.41566023652281192,0,0,0.84850009364257495,0.049439720833935975,0.44896990723825753,0.39953018640432164,0.00065452920117008585,2011.76998513376,2886,1,0,0.0070217463396053097,0.001035565057419679,0.00062609955010779772,0.0016616646075274769,5,0,1.0979313477057699e-07,4.756311742908591e-05,nan,nan
458,1585267200000000000,202003,459,460,0.001010367672851164,0.001010367672851164,0,0,0.4166706041956631,0,0,0.84748972596972383,0.049260636315355939,0.44837518114254199,0.39911454482718606,0.00065452920117008585,2009.8418942674214,2883,1,0,-0.0060605595001142244,0.00044083896170409926,0.00062609955010779772,0.001066938511811897,4,0,6.0622060371069834e-07,4.7513636288950725e-05,nan,nan
459,1585526400000000000,202003,460,461,0.086839018137225221,0.001066938511811897,0.085772079625413333,0,0.50350962233288832,0,0.25,0.86637629351226486,0.037084422677822144,0.45173035809504275,0.41464593541722256,0.00065843429082563273,2047.0763504204533,2992,1,0,0.0010005419610392603,0.00083736261606622703,4.5166541739414607e-05,0.00088252915780564166,3,0,5.2103410882335133e-05,4.9362611359193162e-05,nan,nan
460,1585612800000000000,202003,461,462,0.00016066756205658188,0.00016066756205658188,0,0,0.50367028989494489,0,0,0.86621562595020785,0.037245090239878716,0.45173035809504275,0.41448526785516582,0.00065843429082563273,2046.3268592710265,2971,1,0,0.0015634488277011564,0.0013475046183691244,4.5166541739414607e-05,0.0013926711601085389,4,0,9.6400537233949129e-08,4.9343484268472123e-05,nan,nan
461,1585699200000000000,202004,462,463,0.0017259234566961797,0.0017259234566961797,0,0,0.0017259234566961797,0,0,0.86448970249351142,0.037169603279344161,0.45082965288642746,0.4136600496070848,0.00065843429082563273,2042.8716413483899,2956,1,0,-0.0004380830114207107,0.0010000808145898866,0.0001360031978875048,0.0011360840124773914,3,0,1.0355540740177078e-06,4.9245244000843429e-05,nan,nan
462,1585785600000000000,202004,463,464,0.00094942405132031338,0.00094942405132031338,0,0,0.0026753475080164933,0,0,0.86354027844219061,0.037098743326058635,0.45031951088412459,0.41322076755806697,0.00065843429082563273,2040.2283752561257,2928,1,0,0.0016095950850332961,0.00066717008121796283,0.0001360031978875048,0.0008031732791054676,3,0,5.6965443079218799e-07,4.9192948518817498e-05,nan,nan
463,1585872000000000000,202004,464,465,0.0007407601861771847,0.0007407601861771847,0,0,0.0034161076941936781,0,0,0.8627995182560132,0.03669662308746708,0.44974807067174016,0.41305144758427409,0.00065843429082563273,2038.209395120402,2919,1,0,-0.0055131560468757819,0.00056236571666762108,0,0.00056236571666762108,2,0,4.4445611170631078e-07,4.9172791379080244e-05,nan,nan
464,1586131200000000000,202004,465,466,0.089534966552911932,0.0026430614492370759,0.086891905103674866,0,0.092951074247105608,0,0.25,0.87604860148585806,0.029238916499129724,0.45264375899249304,0.42340484249336402,0.0006634923547052076,2056.2093171892952,2944,1,0,-0.0026136353506445954,0.0004456753335128832,0,0.0004456753335128832,1,0,5.3720979931747157e-05,5.0405338392067144e-05,nan,nan
465,1586217600000000000,202004,466,467,0.00078398830212143085,0.00078398830212143085,0,0,0.093735062549227033,0,0,0.8752646131837365,0.029096061030085534,0.45218033710691025,0.42308427607682547,0.0006634923547052076,2054.1050268510903,2939,1,0,-0.005584556387532684,0,0.00053427971435346974,0.00053427971435346974,2,0,4.7039298127285846e-07,5.0367175723431602e-05,nan,nan
466,1586304000000000000,202004,467,468,0.00080177667897185121,0.00080177667897185121,0,0,0.094536839228198888,0,0,0.87446283650476475,0.029897837709057327,0.45218033710691025,0.42228249939785362,0.0006634923547052076,2052.6667833532483,2935,1,0,0.0036083061910438066,0.0015277430804602448,0.00056496982032053342,0.0020927129007807781,6,0,4.8106600738311075e-07,5.0271726118792095e-05,nan,nan
467,1586390400000000000,202004,468,469,0.0016477878033871953,0.0016477878033871953,0,0,0.09618462703158609,0,0,0.87281504870137738,0.031545625512444525,0.45218033710691025,0.42063471159446647,0.0006634923547052076,2047.3921342478045,2917,1,0,0.0077046276407661662,0.0015277430804602448,3.0690105967063662e-05,0.0015584331864273084,4,0,9.8867268203231723e-07,5.007556090410315e-05,nan,nan
468,1586736000000000000,202004,469,470,0.0043218800501547928,0.0043218800501547928,0,0,0.10050650708174089,0,0,0.86849316865122261,0.032812019401678855,0.45065259402645008,0.41784057462477187,0.00066342951642562741,2040.0624685759733,2899,1,1,0.0056461274906215945,0,0,0,0,0,2.5931280300928755e-06,4.9742925550568085e-05,0.0056461274906215945,0.0055937914370409337
469,1586822400000000000,202004,470,471,0.087147890321560825,0.0005389361315308092,0.086608954190030021,0,0.1876543974033017,0,0.25,0.87997255102528182,0.025013216649906942,0.45249288383759484,0.42747966718768854,0.00066477132717582548,2062.7859485661115,3000,1,0,0.0092134589627653699,0.00045407152502088355,0,0.00045407152502088355,1,0,5.2288734192936493e-05,5.0890436569962915e-05,nan,nan
470,1586908800000000000,202004,471,472,0.0010188812737081194,0.0010188812737081194,0,0,0.18867327867700981,0,0,0.87895366975157363,0.026032097923615074,0.45249288383759484,0.42646078591398046,0.00066477132717582548,2059.4625362797669,2989,1,0,-0.0093926642264461901,0.00050592366287853996,0,0.00050592366287853996,2,0,6.113287642248716e-07,5.076914118023577e-05,nan,nan
471,1586995200000000000,202004,472,473,0.0011521448447156708,0.0011521448447156708,0,0,0.18982542352172549,0,0,0.87780152490685814,0.026276099718288978,0.45203881231257392,0.42576271259428566,0.00066477132717582548,2056.4247521920793,2980,1,0,0.00021207163869172357,5.1852137857656379e-05,0,5.1852137857656379e-05,1,0,6.9128690682940248e-07,5.0686037213605436e-05,nan,nan
472,1587081600000000000,202004,473,474,0.00014647158109364812,0.00014647158109364812,0,0,0.18997189510281914,0,0,0.87765505332576454,0.026318867023667331,0.45198696017471629,0.42566809315104964,0.00066477132717582548,2055.756686914282,2961,1,1,-0.0031465495203004492,0,0,0,0,0,8.7882948656188871e-08,5.067477299417258e-05,-0.0031465495203004492,-0.0031973121762432781
473,1587340800000000000,202004,474,475,0.00092597130429562325,0.00092597130429562325,0,0,0.19089786640711476,0,0,0.87672908202146893,0.027244838327962918,0.45198696017471629,0.42474212184675403,0.00066477132717582548,2053.9410903675966,2959,1,0,0.0045808392532558743,0,4.3515304667384729e-06,4.3515304667384729e-06,1,0,5.555827825773739e-07,5.0564538315089769e-05,nan,nan
474,1587427200000000000,202004,475,476,0.092562547915994844,4.4267952341649241e-07,0.092562105236471431,0,0.28346041432310959,0,0.25,0.88589650002853781,0.020433296736330146,0.45316489838243534,0.43273160164610375,0.00066579223795237873,2081.5178707675932,3000,1,0,-0.0071530932877340806,0,3.3752352658498788e-06,3.3752352658498788e-06,1,0,5.5537528749596909e-05,5.1515666862631397e-05,nan,nan
475,1587513600000000000,202004,476,477,1.7768875655617589e-05,1.7768875655617589e-05,0,0,0.28347818319876522,0,0,0.88587873115288229,0.020451065611985765,0.45316489838243534,0.432713832770448,0.00066579223795237873,2081.4346864869913,2987,1,1,-4.7230858499978924e-05,0,0,0,0,0,1.0661325393370553e-08,5.1513551520291431e-05,-4.7230858499978924e-05,-9.8755071345663724e-05
476,1587600000000000000,202004,477,478,0.00084946153574116414,0.00084946153574116414,0,0,0.28432764473450639,0,0,0.88502926961714112,0.021300527147726935,0.45316489838243534,0.43186437123470695,0.00066579223795237873,2079.9901468246258,2980,1,0,-0.01017386423484587,0.0004574105961934034,0,0.0004574105961934034,1,0,5.0967692144469843e-07,5.1412425146988918e-05,nan,nan
477,1587686400000000000,202004,478,479,0.00028620786265567277,0.00028620786265567277,0,0,0.28461385259716204,0,0,0.88474306175448558,0.02148783421288801,0.45311544798368808,0.43162761377079856,0.00066579223795237873,2078.7946245767907,2972,1,0,-0.01032051451755118,0.0004574105961934034,0,0.0004574105961934034,1,0,1.7172471759340366e-07,5.1384239734618877e-05,nan,nan
478,1587945600000000000,202004,479,480,0.00090802713268726466,0.00090802713268726466,0,0,0.28552187972984933,0,0,0.88383503462179835,0.021403387312315791,0.45261921096705837,0.43121582365474104,0.00066579223795237873,2076.0269331888221,2965,1,1,-0.014032303303530386,0,0,0,0,0,5.448162796123588e-07,5.133521710175489e-05,-0.014032303303530386,-0.014084183336911752
479,1588032000000000000,202004,480,481,0.092567606268359207,0.0021057469638468022,0.090461859304512462,0,0.37808948599820852,0,0.25,0.89088382984103298,0.017631850707121456,0.45425784027407839,0.43662598956695858,0.00066613262540248723,2098.6176875178458,3000,1,1,0.006793581166798332,0,0,0,0,0,5.5540563761015525e-05,5.1979284472256974e-05,0.006793581166798332,0.006686061318565059
480,1588118400000000000,202004,481,482,0.00053374006486578342,0.00053374006486578342,0,0,0.3786232260630743,0,0,0.89035008977616714,0.017441226030973204,0.45389565790357139,0.4364544318725998,0.00066613262540248723,2096.7954856980004,2986,1,0,0.0094641039184853032,0.00025858629600699419,0,0.00025858629600699419,1,0,3.2024403891947009e-07,5.195886093721426e-05,nan,nan
481,1588204800000000000,202004,482,483,0.0029517411345873976,0.0029517411345873976,0,0,0.38157496719766171,0,0,0.88739834864157985,0.020034299234289277,0.45371632393793565,0.43368202470364797,0.00066613262540248723,2087.7653184799779,2961,1,0,0.00079697000409644154,0.00025858629600699419,0,0.00025858629600699419,1,0,1.7710446807524386e-06,5.1628812464719994e-05,nan,nan
482,1588291200000000000,202005,483,484,0.00026282276554098088,0.00026282276554098088,0,0,0.00026282276554098088,0,0,0.88713552587603894,0.019779949407816268,0.45345773764192865,0.43367778823411396,0.00066613262540248723,2086.8988863956838,2959,1,0,0.0070578415416927033,0.00029604203903280444,0,0.00029604203903280444,1,0,1.5769365932458852e-07,5.1628308123108802e-05,nan,nan
483,1588550400000000000,202005,484,485,7.7710408013753412e-05,7.7710408013753412e-05,0,0,0.00034053317355473429,0,0,0.8870578154680252,0.019702238999802519,0.45338002723391502,0.43367778823411396,0.00066613262540248723,2086.5665118642164,2957,1,0,0.0068628618372765281,0.00029604203903280444,0,0.00029604203903280444,1,0,4.6626244808252048e-08,5.1628308123108802e-05,nan,nan
484,1588636800000000000,202005,485,486,0.085030391039044403,0.00030341676498363978,0.084726974274060743,0,0.085370924212599134,0,0.25,0.89608864106803077,0.014555471380413632,0.45532205622422217,0.44076658484380837,0.00066631386398678248,2105.3374924963891,2999,1,1,-0.0039582698340607913,0,0,0,0,0,5.1018234623426642e-05,5.2472212481405763e-05,-0.0039582698340607913,-0.004061760281165624
485,1588723200000000000,202005,486,487,0.00082741585075658711,0.00082741585075658711,0,0,0.086198340063355722,0,0,0.89526122521727414,0.01527105161249666,0.45526613841488539,0.43999508680238858,0.00066631386398678248,2103.1233298863344,2996,1,1,-0.013906058054009782,0,0,0,0,0,4.9644951045395222e-07,5.2380367476474831e-05,-0.013906058054009782,-0.01395893487099671
486,1588809600000000000,202005,487,488,5.4483808384381509e-05,5.4483808384381509e-05,0,0,0.086252823871740103,0,0,0.89520674140888989,0.015227848269117003,0.45521729483900342,0.43998944656988609,0.00066631386398678248,2102.880365333282,2984,1,0,0.012070662020351884,0.00066135562257268186,0,0.00066135562257268186,2,0,3.2690285030628902e-08,5.2379696020224536e-05,nan,nan
487,1588896000000000000,202005,488,489,0.0018017782954868366,0.0018017782954868366,0,0,0.088054602167226936,0,0,0.89340496311340301,0.016401699398028366,0.45490333125571564,0.43850163185768704,0.00066631386398678248,2098.6534933903849,2974,1,0,0.0073094073181824339,0.00066135562257268186,0,0.00066135562257268186,2,0,1.0810669772921019e-06,5.220257522115322e-05,nan,nan
488,1589155200000000000,202005,489,490,0.0015893174269786074,0.0015893174269786074,0,0,0.089643919594205548,0,0,0.89181564568642469,0.016558377090221281,0.45418701138832279,0.43762863429810123,0.00066631386398678248,2095.7657489304315,2962,1,1,0.012996263708612609,0,0,0,0,0,9.5359045618716439e-07,5.2098646940250152e-05,0.012996263708612609,0.012943211471216172
489,1589241600000000000,202005,490,491,0.075645230691588711,0.00042144742871051048,0.075223783262878208,0,0.16528915028579427,0,0.25,0.90523553349826469,0.012734868389198571,0.45898520094373119,0.44625033255453234,0.0006662886177815732,2124.8526479554894,3000,1,1,-0.0044197513673014787,0,0,0,0,0,4.5387138414953223e-05,5.3125039589825284e-05,-0.0044197513673014787,-0.0045182635453062574
490,1589328000000000000,202005,491,492,0.00065175222498122431,0.00065175222498122431,0,0,0.16594090251077551,0,0,0.90458378127328365,0.013383737876165466,0.45898375957472404,0.44560002169855834,0.0006662886177815732,2123.5614824209856,2985,1,0,-0.00029282775586650758,0,0.00024947582303482896,0.00024947582303482896,1,0,3.9105133498873459e-07,5.3047621630780754e-05,nan,nan
491,1589414400000000000,202005,492,493,0.00067424954364746616,0.00067424954364746616,0,0,0.16661515205442298,0,0,0.90390953172963606,0.014056069199780544,0.45898280046470796,0.44492673126492704,0.0006662886177815732,2121.0956610623248,2968,1,0,-0.026758853647357583,0,0.00024947582303482896,0.00024947582303482896,1,0,4.0454972618847972e-07,5.2967468007729416e-05,nan,nan
492,1589500800000000000,202005,493,494,0.0012024278743622276,0.0012024278743622276,0,0,0.16781757992878521,0,0,0.90270710385527386,0.015258274483805605,0.45898268916953933,0.44372441468573354,0.0006662886177815732,2118.4046701091165,2962,1,1,0.005756396770364193,0,0,0,0,0,7.214567246173366e-07,5.2824335081634946e-05,0.005756396770364193,0.0057028509785579402
493,1589760000000000000,202005,494,495,0.00078963191584836498,0.00078963191584836498,0,0,0.16860721184463356,0,0,0.90191747193942551,0.015896281111099583,0.45890687652526213,0.44301059541416232,0.0006662886177815732,2115.9214617846656,2954,1,1,-0.00795060298006732,0,0,0,0,0,4.7377914950901903e-07,5.2739356596924093e-05,-0.00795060298006732,-0.0080038161158137531
494,1589846400000000000,202005,495,496,0.067279442210759932,0.0011836001523894855,0.066095842058370449,0,0.2358866540553935,0,0.25,0.9152131512316577,0.012337617901574409,0.46377538456661549,0.45143776666504087,0.00066620208916860811,2139.0998328349838,3000,1,1,-0.003507434372009162,0,0,0,0,0,4.0367665326455958e-05,5.3742591269647719e-05,-0.003507434372009162,-0.0036015446286052659
495,1589932800000000000,202005,496,497,0.0021341343898595793,0.0021341343898595793,0,0,0.23802078844525307,0,0,0.91307901684179804,0.014471752291434008,0.46377538456661549,0.44930363227518116,0.00066620208916860811,2135.5355142027606,2991,1,1,0.0031089256335302194,0,0,0,0,0,1.2804806339157474e-06,5.3488527651807277e-05,0.0031089256335302194,0.0030541566252444965
496,1590019200000000000,202005,497,498,0.0025132071632674607,0.0025132071632674607,0,0,0.24053399560852054,0,0,0.91056580967853051,0.016139141893802764,0.46335247578616606,0.44721333389236306,0.00066620208916860811,2129.5110020743391,2979,1,1,-0.020849772823885841,0,0,0,0,0,1.5079242979604764e-06,5.3239682606233693e-05,-0.020849772823885841,-0.020904520430790031
497,1590105600000000000,202005,498,499,0.0010170446882699598,0.0010170446882699598,0,0,0.2415510402967905,0,0,0.90954876499026061,0.016733437308355002,0.46314110114930723,0.44640766384095187,0.00066620208916860811,2126.2932213937747,2971,1,1,-0.014387107357691059,0,0,0,0,0,6.1022681296197591e-07,5.3143769504875228e-05,-0.014387107357691059,-0.014440861354008896
498,1590451200000000000,202005,499,500,0.00068974039084253541,0.00068974039084253541,0,0,0.24224078068763305,0,0,0.90885902459941803,0.016602041827689235,0.46273053321355306,0.44612849138586352,0.00066620208916860811,2123.8096788762609,2965,1,1,0.0144591275489618,0,0,0,0,0,4.1384423450552129e-07,5.3110534688793273e-05,0.0144591275489618,0.014405603170038502
499,1590537600000000000,202005,500,501,0.064730184596189122,0.002303408769914098,0.062426775826275031,0,0.30697096528382217,0,0.25,0.92099200472372145,0.013754728571502279,0.46737336664761164,0.45361863807610958,0.00066629009415049788,2147.3405708672685,3000,1,0,0.011715832393679333,0.00053291211204820142,0,0.00053291211204820142,1,0,3.8838110757713476e-05,5.400221881858447e-05,nan,nan
500,1590624000000000000,202005,501,502,8.7701745773041012e-05,8.7701745773041012e-05,0,0,0.30705866702959522,0,0,0.92090430297794845,0.013698528485613926,0.46730141573178097,0.45360288724616726,0.00066629009415049788,2146.9599954427736,2993,1,0,-0.0071321451504726702,0.00053291211204820142,0.00013153029913578102,0.00066444241118398238,2,0,5.2621047463824605e-08,5.4000343719781822e-05,nan,nan
501,1590710400000000000,202005,502,503,0.00061838605257612115,0.00061838605257612115,0,0,0.30767705308217136,0,0,0.92028591692537232,0.013108950684273184,0.46669743380482254,0.45358848312054961,0.00066629009415049788,2145.6479110478717,2986,1,0,-0.0058938776563047064,0.00045090676238537748,0.00013153029913578102,0.0005824370615211585,2,0,3.7103163154567265e-07,5.3998628942922571e-05,nan,nan
502,1590969600000000000,202006,503,504,0.0010079091816995284,0.0010079091816995284,0,0,0.0010079091816995284,0,0,0.91927800774367263,0.01356167741461981,0.46641984257914615,0.45285816516452648,0.00066629009415049788,2142.1951523253001,2972,1,0,-0.019068549436842955,0.00045090676238537748,0,0.00045090676238537748,1,0,6.0474550901971715e-07,5.391168632911029e-05,nan,nan
503,1591056000000000000,202006,504,505,0.0019301006531666728,0.0019301006531666728,0,0,0.0029380098348662015,0,0,0.91734790709050584,0.013655843193546799,0.46550187514202634,0.45184603194847961,0.00066629009415049788,2136.6682938643389,2962,1,1,-0.012286504023097071,0,0,0,0,0,1.1580603919000038e-06,5.3791194279580901e-05,-0.012286504023097071,-0.012341453277768552
504,1591142400000000000,202006,505,506,0.063539183475367411,0.0017532868586821303,0.061785896616685231,0,0.066477193310233607,0,0.25,0.92789487584544383,0.010699202652901786,0.46929703924917177,0.45859783659626974,0.00066646571164076702,2156.8321372173273,3000,1,0,-0.018896560295786295,0,4.7820787045573597e-06,4.7820787045573597e-06,1,0,3.8123510085220448e-05,5.4594980547174963e-05,nan,nan
505,1591228800000000000,202006,506,507,0.0024078871378093022,0.0024078871378093022,0,0,0.06888508044804291,0,0,0.92548698870763446,0.012742778535844733,0.46911488362173859,0.45637210508589365,0.00066646571164076702,2151.370171235928,2986,1,0,-0.014225029069344371,0,0.00061506827243703536,0.00061506827243703536,2,0,1.4447322826855814e-06,5.433001251022543e-05,nan,nan
506,1591315200000000000,202006,507,508,0.0012541169188588983,0.0012541169188588983,0,0,0.070139197366901801,0,0,0.92423287178877545,0.012932454423000618,0.46858266310588709,0.45565020868288619,0.00066646571164076702,2147.7714339778267,2979,1,0,0.014582958103323194,0,0.00061028619373247801,0.00061028619373247801,1,0,7.5247015131533896e-07,5.4244072462248358e-05,nan,nan
507,1591574400000000000,202006,508,509,0.0020528334444962727,0.0020528334444962727,0,0,0.072192030811398078,0,0,0.92218003834427886,0.013818334171363947,0.46799918625782055,0.45418085208645642,0.00066646571164076702,2143.1206767093036,2968,1,0,0.020296321516379365,0,5.9072325638113581e-05,5.9072325638113581e-05,1,0,1.2317000666977635e-06,5.4069149057911481e-05,nan,nan
508,1591660800000000000,202006,509,510,0.0012738795109150335,0.0012738795109150335,0,0,0.073465910322313116,0,0,0.92090615883336391,0.014462869483273289,0.46768451415831774,0.45322164467504428,0.00066646571164076702,2138.6192685756455,2955,1,0,0.020981831159425715,0,5.9072325638113581e-05,5.9072325638113581e-05,1,0,7.6432770654902003e-07,5.3954957699410036e-05,nan,nan
509,1591747200000000000,202006,510,511,0.063932533074808173,0.00021329881343101802,0.063719234261377183,0,0.13739844339712129,0,0.25,0.93043645957277654,0.010775786490838222,0.47060612303180771,0.45983033654097033,0.00066688516022877294,2155.8408134595779,2999,1,1,-0.01313112875084913,0,0,0,0,0,3.8359519844884902e-05,5.4741706731067904e-05,-0.01313112875084913,-0.013224229977425082
510,1591833600000000000,202006,511,512,0.00033778269007343526,0.00033778269007343526,0,0,0.13773622608719471,0,0,0.9300986768827032,0.010446026871550568,0.47027235187712713,0.45982632500557735,0.00066688516022877294,2154.5845393124928,2993,1,0,0.00023551127826875303,0.00062222175349804321,0,0.00062222175349804321,1,0,2.0266961404406115e-07,5.4741229167330637e-05,nan,nan
511,1591920000000000000,202006,512,513,0.00065982325673174798,0.00065982325673174798,0,0,0.13839604934392646,0,0,0.92943885362597167,0.010597178555449423,0.4700180160907107,0.45942083753526181,0.00066688516022877294,2152.3845616447356,2962,1,0,-0.0059212821756433869,0.00062222175349804321,0,0.00062222175349804321,1,0,3.9589395403904872e-07,5.4692956849435932e-05,nan,nan
512,1592179200000000000,202006,513,514,0.00077295727257464374,0.00077295727257464374,0,0,0.13916900661650111,0,0,0.92866589635339691,0.010125692321027986,0.46939579433721268,0.45927010201618518,0.00066688516022877294,2151.002769982349,2960,1,0,0.012170378677612365,0,0.00047566088095154412,0.00047566088095154412,1,0,4.6377436354478626e-07,5.4675012144783945e-05,nan,nan
513,1592265600000000000,202006,514,515,0.00081454309436555631,0.00081454309436555631,0,0,0.13998354971086666,0,0,0.92785135325903134,0.0098280680113011672,0.46883971063516644,0.4590116426238659,0.00066688516022877294,2148.3067079505968,2954,1,0,0.00054058401073471063,0,0.00047566088095154412,0.00047566088095154412,1,0,4.8872585661933383e-07,5.4644243169507846e-05,nan,nan
514,1592352000000000000,202006,515,516,0.069379966075443208,0.0021172171245596367,0.067262748950883647,0,0.20936351578630985,0,0.25,0.93321616807560059,0.0083975937814891131,0.47080688092854622,0.46240928714705659,0.00066719974666977597,2159.0504774328779,2999,1,1,0.0068673297723849582,0,0,0,0,0,4.1627979645265923e-05,5.504872466036388e-05,0.0068673297723849582,0.0067706530680793284
515,1592438400000000000,202006,516,517,0.00093909043374530731,0.00093909043374530731,0,0,0.21030260622005517,0,0,0.93227707764185541,0.0075058618203988504,0.46989146973112844,0.46238560791072914,0.00066719974666977597,2156.3477579447535,2989,1,0,0.0028797184280439812,0.00057212097138632963,0,0.00057212097138632963,1,0,5.6345426024718441e-07,5.5045905703658223e-05,nan,nan
516,1592524800000000000,202006,517,518,0.00040781914087555549,0.00040781914087555549,0,0,0.21071042536093074,0,0,0.9318692585009799,0.0074602651888058067,0.46966476184489414,0.46220449665608787,0.00066719974666977597,2154.6675977013579,2980,1,0,-0.0021477860225702482,0.00057212097138632963,0,0.00057212097138632963,1,0,2.4469148452533331e-07,5.5024344840010456e-05,nan,nan
517,1592784000000000000,202006,518,519,0.0021550056519405673,0.0021550056519405673,0,0,0.21286543101287131,0,0,0.92971425284903952,0.0073101780861150028,0.46851221546757854,0.46120203738146298,0.00066719974666977597,2150.2578319589493,2968,1,1,0.012867404348667105,0,0,0,0,0,1.2930033911643403e-06,5.4905004450174167e-05,0.012867404348667105,0.012811206340825767
518,1592870400000000000,202006,519,520,0.0014606204346810615,0.0014606204346810615,0,0,0.21432605144755237,0,0,0.92825363241435854,0.0083607695604847217,0.4683072009874229,0.45994643142693764,0.00066719974666977597,2147.2454476745938,2962,1,1,-0.0022881302576641584,0,0,0,0,0,8.7637226080863689e-07,5.4755527550825914e-05,-0.0022881302576641584,-0.0023437621574757929
519,1592956800000000000,202006,520,521,0.071218357032343485,0.0024958193506309265,0.068722537681712603,0,0.28554440847989587,0,0.25,0.93413504917579337,0.0062495962555113383,0.47019232271565076,0.46394272646014006,0.0006672352220563146,2163.8295252964922,3000,1,1,0.0087559406357546749,0,0,0,0,0,4.2731014219406097e-05,5.523127695954048e-05,0.0087559406357546749,0.0086579783445757293
520,1593043200000000000,202006,521,522,0.00061674861736350545,0.00061674861736350545,0,0,0.28616115709725937,0,0,0.93351830055842988,0.0067551836006201392,0.47013674207952344,0.46338155847890389,0.0006672352220563146,2161.5126789356864,2987,1,0,-0.013729660083414174,0.001049167122530049,0.0010011171312229771,0.0020502842537530258,6,0,3.7004917041810326e-07,5.5164471247488564e-05,nan,nan
521,1593129600000000000,202006,522,523,0.00056198455816286865,0.00056198455816286865,0,0,0.28672314165542223,0,0,0.93295631600026685,0.006831158914909409,0.46989373745758661,0.46306257854267779,0.0006672352220563146,2159.6369077891586,2983,1,0,0.0022174566887639604,0.034924307407391081,0.03710318101665866,0.07202748842404974,232,0,3.3719073489772123e-07,5.5126497445556887e-05,nan,nan
522,1593388800000000000,202006,523,524,0.002549633338772984,0.002549633338772984,0,0,0.28927277499419524,0,0,0.93040668266149407,0.0071249083530307931,0.46876579550726077,0.46164088715423052,0.0006672352220563146,2152.3586119846077,2968,1,0,0.0086670011885598766,0.03460365024056454,0.036433856179814511,0.071037506420379051,229,0,1.5297800032637903e-06,5.4957248470741726e-05,nan,nan
523,1593475200000000000,202006,524,525,0.070028214100838468,0.070028214100838468,0,0,0.35930098909503372,0,0,0.86037846856065536,0.00930082202306373,0.43483964529185837,0.42553882326879472,0.0006672352220563146,1984.6528747223858,2741,1,0,0.00051856219146713303,0.00072850995570349921,0.0014782465506196166,0.0022067565063231161,5,0,4.2016928460503079e-05,5.0659383722475558e-05,nan,nan
524,1593561600000000000,202007,525,526,0.069724496029329452,0.0010623049425911434,0.068662191086738295,0,0.069724496029329452,0,0.25,0.88475541147600101,0.0066795802906871411,0.44571749588334358,0.43903791559265926,0.0006791935128635056,2006.5685223687333,2798,1,0,-0.002310121930495377,0.0005862415639874578,0.0014362105267130541,0.0020224520907005119,4,0,4.1834697617597675e-05,5.2266418522935625e-05,nan,nan
525,1593648000000000000,202007,526,527,0.0017472923604891176,0.0017472923604891176,0,0,0.071471788389818575,0,0,0.88300811911551191,0.0084268726511762728,0.44571749588334358,0.43729062323216999,0.0006791935128635056,2003.5700596164495,2784,1,0,0.0116220737833289,0.0005862415639874578,0.0003517892267266196,0.0009380307907140774,3,1,1.0483754162934706e-06,5.2058407527639288e-05,nan,nan
526,1593993600000000000,202007,527,528,0.00098308270619359289,0.00098308270619359289,0,0,0.072454871096012174,0,0,0.8820250364093184,0.0082374722293949328,0.44513125431935613,0.43689378208996382,0.0006791935128635056,2001.4091739247935,2777,1,1,0.0018944010310664818,0,0,0,0,0,5.8984962371615573e-07,5.2011164534519507e-05,0.0018944010310664818,0.0018418000169082463
527,1594080000000000000,202007,528,529,0.00086903603555168107,0.00086903603555168107,0,0,0.073323907131563851,0,0,0.88115600037376685,0.009106508264946616,0.44513125431935613,0.43602474605441216,0.0006791935128635056,1999.706728483281,2772,1,0,0.013810069973905102,0,3.6954951059597259e-05,3.6954951059597259e-05,1,0,5.2142162133100869e-07,5.1907707863620499e-05,nan,nan
528,1594166400000000000,202007,529,530,0.00016120294228718363,0.00016120294228718363,0,0,0.073485110073851029,0,0,0.88099479743147957,0.0092677112072337975,0.44513125431935613,0.43586354311212488,0.0006791935128635056,1999.057370138589,2764,1,0,-0.012490206569889677,0,3.6954951059597259e-05,3.6954951059597259e-05,1,0,9.6721765372310174e-08,5.1888517037157726e-05,nan,nan
529,1594252800000000000,202007,530,531,0.06553403010522986,0.00094668832466412198,0.064587341780565743,0,0.1390191401790809,0,0.25,0.90034180949525766,0.0072996517111838174,0.4538207306032212,0.44652107889203579,0.00068849648477448577,2012.8187406427098,2788,1,0,-0.0054578503689691792,0.00039145651248609749,0.00066450645717842525,0.0010559629696645229,2,0,3.9320418063137917e-05,5.3157271296670932e-05,nan,nan
530,1594339200000000000,202007,531,532,0.0013024805426976845,0.0013024805426976845,0,0,0.14032162072177859,0,0,0.89903932895255978,0.0062807523763419928,0.45266004066445148,0.44637928828810786,0.00068849648477448577,2009.4331317468666,2781,1,0,0.0021289711634242714,0.00039145651248609749,0.00066450645717842525,0.0010559629696645229,2,0,7.8148832561861066e-07,5.3140391462869976e-05,nan,nan
531,1594598400000000000,202007,532,533,0.0028348174115409223,0.0028348174115409223,0,0,0.14315643813331952,0,0,0.89620451154101888,0.0078125972588875461,0.4520085543999538,0.44419595714106458,0.00068849648477448577,2003.1436798051006,2767,1,1,-0.014808780373372708,0,0,0,0,0,1.7008904469245534e-06,5.2880471088221968e-05,-0.014808780373372708,-0.014863361734907855
532,1594684800000000000,202007,533,534,0.00079653513998359624,0.00079653513998359624,0,0,0.14395297327330311,0,0,0.89540797640103531,0.0079637837765347778,0.45168588008878563,0.44372209631224913,0.00068849648477448577,2000.5731112565513,2758,1,1,0.00071803450259481265,0,0,0,0,0,4.7792108399015774e-07,5.2824059084791565e-05,0.00071803450259481265,0.00066473252242603095
533,1594771200000000000,202007,534,535,0.001208749084032714,0.001208749084032714,0,0,0.14516172235733582,0,0,0.89419922731700263,0.0081296691233856792,0.45116444822019469,0.44303477909680733,0.00068849648477448577,1998.6167362029216,2754,1,1,0.008100886622822592,0,0,0,0,0,7.2524945041962836e-07,5.2742235606762782e-05,0.008100886622822592,0.0080474191377654086
534,1594857600000000000,202007,535,536,0.059603787069128909,0.00020532535963167767,0.059398461709497231,0,0.20476550942646474,0,0.25,0.91238218974957885,0.0062512458622618798,0.45931671780592126,0.45306547194366037,0.00069492749950759633,2017.7322599606803,2797,1,1,0.011421174891026158,0,0,0,0,0,3.5762272241477341e-05,5.3936365707578613e-05,0.011421174891026158,0.011331476253077103
535,1594944000000000000,202007,536,537,0.00085102494930450624,0.00085102494930450624,0,0,0.20561653437576924,0,0,0.91153116480027441,0.0064194854531754659,0.45897532512672579,0.45255583967355123,0.00069492749950759633,2015.3848812065373,2788,1,0,-0.012762381077902632,0.00024980111654518422,0,0.00024980111654518422,1,0,5.1061496958270373e-07,5.3875695199232296e-05,nan,nan
536,1595203200000000000,202007,537,538,0.00072186955610525677,0.00072186955610525677,0,0,0.2063384039318745,0,0,0.91080929524416909,0.0071413550092807136,0.45897532512672579,0.4518339701174458,0.00069492749950759633,2014.361885746534,2783,1,0,0.001437906444308624,0.00024980111654518422,0,0.00024980111654518422,1,0,4.3312173366315405e-07,5.378975834731498e-05,nan,nan
537,1595289600000000000,202007,538,539,0.0017317760441579531,0.0017317760441579531,0,0,0.20807017997603244,0,0,0.90907751920001101,0.008373528820348284,0.45872552401018057,0.45035199518983304,0.00069492749950759633,2010.2890667209069,2777,1,1,-0.0054234464862157414,0,0,0,0,0,1.0390656264947718e-06,5.3613332760694403e-05,-0.0054234464862157414,-0.0054780988846029307
538,1595376000000000000,202007,539,540,0.00070823375114099528,0.00070823375114099528,0,0,0.20877841372717343,0,0,0.90836928544887008,0.008542254636866144,0.45845577004286903,0.44991351540600361,0.00069492749950759633,2008.0059921134136,2772,1,1,0.0018439717307421062,0,0,0,0,0,4.2494025068459717e-07,5.3561132786429006e-05,0.0018439717307421062,0.0017899856577049927
539,1595462400000000000,202007,540,541,0.056964051536722148,0,0.056964051536722148,0,0.26574246526389556,0,0.25,0.92400993499155415,0.0064066909776500005,0.46520831298460213,0.45880162200695151,0.00069919931483046179,2029.9382273916233,2808,1,1,0.0073355409396819076,0,0,0,0,0,3.417843092203329e-05,5.4619240715113275e-05,0.0073355409396819076,0.0072467432680447608
540,1595548800000000000,202007,541,542,0.00017304862833488608,0.00017304862833488608,0,0,0.26591551389223045,0,0,0.92383688636321926,0.0063198421962459839,0.4650783642797327,0.45875852208348616,0.00069919931483046179,2029.2614338069823,2802,1,1,-0.0025939638942178264,0,0,0,0,0,1.0382917700093165e-07,5.4614109771843595e-05,-0.0025939638942178264,-0.002648681833166671
541,1595808000000000000,202007,542,543,0.0016550743736219258,0.0016550743736219258,0,0,0.26757058826585239,0,0,0.92218181198959737,0.007936735933833575,0.46505927396171554,0.45712253802788133,0.00069919931483046179,2025.8293487642604,2796,1,1,-0.0028211412403345492,0,0,0,0,0,9.9304462417315529e-07,5.4419349765223974e-05,-0.0028211412403345492,-0.0028765536347239466
542,1595894400000000000,202007,543,544,0.00077508550423208036,0.00077508550423208036,0,0,0.26834567377008445,0,0,0.92140672648536515,0.0087118214380656703,0.46505927396171554,0.45634745252364944,0.00069919931483046179,2024.381654897561,2791,1,0,0.0068292466757082391,0.00038571768173528123,0,0.00038571768173528123,1,0,4.6505130253924818e-07,5.4327077681386832e-05,nan,nan
543,1595980800000000000,202007,544,545,4.0181317577892715e-05,4.0181317577892715e-05,0,0,0.26838585508766233,0,0,0.92136654516778715,0.0087520027556435582,0.46505927396171554,0.45630727120607151,0.00069919931483046179,2024.2082107045187,2788,1,0,0.0060172640556090725,0.00091099731953922926,0,0.00091099731953922926,2,0,2.4108790546735627e-08,5.4322294191198989e-05,nan,nan
544,1596067200000000000,202007,545,546,0.055927105834451096,0.00090893029411937812,0.055018175540331712,0,0.32431296092211342,0,0.25,0.93258790890853038,0.006412755631291722,0.46950033226991111,0.46308757663861855,0.00070201917738706859,2036.5498305869858,2812,1,0,0.0035602126261498074,0.00054413657660946793,0,0.00054413657660946793,1,0,3.355626350067066e-05,5.5129473409359349e-05,nan,nan
545,1596153600000000000,202007,546,547,0.0013793330767268093,0.0013793330767268093,0,0,0.32569229399884025,0,0,0.93120857583180372,0.0067038155547996048,0.46895619569330166,0.46225238013850123,0.00070201917738706859,2033.0542657919109,2801,1,1,-0.0032354954209454024,0,0,0,0,0,8.2759984603608572e-07,5.503004525458348e-05,-0.0032354954209454024,-0.0032913530660460223
546,1596412800000000000,202008,547,548,0.00092398747024889606,0.00092398747024889606,0,0,0.00092398747024889606,0,0,0.93028458836155492,0.007627803025048503,0.46895619569330166,0.46132839266825237,0.00070201917738706859,2031.2310035684231,2798,1,1,-0.0064287641086705274,0,0,0,0,0,5.5439248214933761e-07,5.4920046746220518e-05,-0.0064287641086705274,-0.0064842385478988971
547,1596499200000000000,202008,548,549,0.00044507587159247036,0.00044507587159247036,0,0,0.0013690633418413664,0,0,0.92983951248996244,0.0072148491908936262,0.46852718084042794,0.46131233164953361,0.00070201917738706859,2030.1654886048379,2795,1,1,0.00049062984051476165,0,0,0,0,0,2.6704552295548224e-07,5.4918134720182565e-05,0.00049062984051476165,0.00043544466027162362
548,1596585600000000000,202008,549,550,1.6713186366685699e-05,1.6713186366685699e-05,0,0,0.0013857765282080522,0,0,0.92982279930359557,0.0072315623772603137,0.46852718084042794,0.46129561846316686,0.00070201917738706859,2030.0938393031299,2794,1,1,-0.010679268512632175,0,0,0,0,0,1.0027911820011419e-08,5.4916145055138908e-05,-0.010679268512632175,-0.010734194685599134
549,1596672000000000000,202008,550,551,0.054723826701893151,0.00044676299208395396,0.054277063709809205,0,0.056109603230101203,0,0.25,0.93849040291244357,0.0057587440270081107,0.47212457346972542,0.46636582944271648,0.00070325508170886771,2041.0290865896172,2826,1,0,-0.013248591271745342,0.00067585853983926714,0,0.00067585853983926714,1,0,3.2834296021135892e-05,5.5519741600323395e-05,nan,nan
550,1596758400000000000,202008,551,552,0.0024879124415074436,0.0024879124415074436,0,0,0.058597515671608646,0,0,0.93600249047093609,0.007425496485562422,0.47171399347824888,0.46428849699268576,0.00070325508170886771,2035.3931737466487,2815,1,0,-0.0088258530417573786,0.00067585853983926714,0,0.00067585853983926714,1,0,1.4927474649044662e-06,5.5272440118176877e-05,nan,nan
551,1597017600000000000,202008,552,553,0.0018625058925980118,0.0018625058925980118,0,0,0.060460021564206656,0,0,0.93413998457833836,0.0071230232333905127,0.47063150390586389,0.46350848067247269,0.00070325508170886771,2031.4938793615524,2807,1,1,0.0059806616187442997,0,0,0,0,0,1.117503535558807e-06,5.5179581032437219e-05,0.0059806616187442997,0.0059243645341763036
552,1597104000000000000,202008,553,554,3.3481387857996764e-05,3.3481387857996764e-05,0,0,0.060493502952064654,0,0,0.93410650319048039,0.0071565046212485103,0.47063150390586389,0.46347499928461472,0.00070325508170886771,2031.3509456874308,2805,1,1,0.0067017928220704515,0,0,0,0,0,2.0088832714798059e-08,5.5175595152930329e-05,0.0067017928220704515,0.0066465971380848064
553,1597190400000000000,202008,554,555,0.0005639242710191644,0.0005639242710191644,0,0,0.06105742722308382,0,0,0.93354257891946135,0.00772042889226767,0.47063150390586389,0.46291107501359563,0.00070325508170886771,2030.1275690310799,2800,1,1,-0.0043841527532276015,0,0,0,0,0,3.3835456261149864e-07,5.5108461311142336e-05,-0.0043841527532276015,-0.0044395995691013553
554,1597276800000000000,202008,555,556,0.061419708914377404,0.0014478069310084314,0.059971901983368957,0,0.12247713613746122,0,0.25,0.93949702684521053,0.0068761768674565991,0.47318660185633538,0.46631042498887737,0.00070430704730392894,2040.6486154108002,2824,1,0,0.009606786592514344,0,0.00046488763221262089,0.00046488763221262089,1,0,3.6851825348626442e-05,5.5513145832009204e-05,nan,nan
555,1597363200000000000,202008,556,557,0.00023637976884195952,0.00023637976884195952,0,0,0.12271351590630318,0,0,0.93926064707636858,0.0071125566362985494,0.47318660185633538,0.46607404522003543,0.00070430704730392894,2039.8068796142884,2819,1,0,0.0070509673722101074,0,0.00046488763221262089,0.00046488763221262089,1,0,1.4182786130517572e-07,5.5485005383337549e-05,nan,nan
556,1597622400000000000,202008,557,558,0.0018448330933704075,0.0018448330933704075,0,0,0.12455834899967359,0,0,0.93741581398299823,0.0083228420366958447,0.47286932800984888,0.46454648597315157,0.00070430704730392894,2035.8616776702279,2813,1,1,-0.00074892777753201385,0,0,0,0,0,1.1068998560222444e-06,5.5303153092041853e-05,-0.00074892777753201385,-0.00080533783048007798
557,1597708800000000000,202008,558,559,0.0010546338490003539,0.0010546338490003539,0,0,0.12561298284867395,0,0,0.93636118013399794,0.0088816609798072592,0.47262142055690431,0.46373975957709573,0.00070430704730392894,2032.7057738350713,2805,1,1,0.0055871924243630676,0,0,0,0,0,6.3278030940021242e-07,5.5207114235368542e-05,0.0055871924243630676,0.0055313525298182993
558,1597795200000000000,202008,559,560,0.00010997215925826915,0.00010997215925826915,0,0,0.12572295500793221,0,0,0.9362512079747396,0.0089916331390655219,0.47262142055690431,0.46362978741783739,0.00070430704730392894,2032.2774404925242,2803,1,0,0.0037312709947059436,0,0.00029939016004314987,0.00029939016004314987,2,0,6.5983295554961482e-08,5.5194022311647301e-05,nan,nan
559,1597881600000000000,202008,560,561,0.067708012618621444,0.0010910375230101731,0.06661697509561125,0,0.19343096762655365,0,0.25,0.94106115693076242,0.0074695715251924437,0.47426536422797949,0.46679579270278715,0.00070434843993375375,2048.6904835764635,2836,1,0,-0.012222890338947526,1.0338827157214028e-05,0.00021026344889642381,0.00022060227605363782,2,0,4.0624807571172867e-05,5.5570927702712757e-05,nan,nan
560,1597968000000000000,202008,561,562,0.0007342031493683571,0.0007342031493683571,0,0,0.19416517077592202,0,0,0.94032695378139419,0.0081288750121053452,0.47422791439675177,0.46609903938464659,0.00070434843993375375,2046.7433226549858,2830,1,1,0.0016555574567405187,0,0,0,0,0,4.4052188962101422e-07,5.5487980879124593e-05,0.0016555574567405187,0.0015996289539717732
561,1598227200000000000,202008,562,563,0.00074186946014612274,0.00074186946014612274,0,0,0.19490704023606814,0,0,0.9395850843212481,0.0083611613752683292,0.47397312284826015,0.465611961472992,0.00070434843993375375,2043.9498811939736,2816,1,1,0.0098821848777100717,0,0,0,0,0,4.4512167608767368e-07,5.5429995413451428e-05,0.0098821848777100717,0.0098263097606205319
562,1598313600000000000,202008,563,564,0.0012635465152854321,0.0012635465152854321,0,0,0.19617058675135357,0,0,0.93832153780596272,0.0088653693320876817,0.47359345356902716,0.46472808423693962,0.00070434843993375375,2040.1453263390076,2807,1,1,-0.0084475756927248815,0,0,0,0,0,7.5812790917125917e-07,5.5324771932968997e-05,-0.0084475756927248815,-0.0085036585925670222
563,1598400000000000000,202008,564,565,0.00034830592315599341,0.00034830592315599341,0,0,0.19651889267450956,0,0,0.93797323188280679,0.0086967105586546641,0.47333497122073276,0.46463826066207808,0.00070434843993375375,2038.8062805333532,2801,1,1,-0.0041912046213320566,0,0,0,0,0,2.0898355389359605e-07,5.5314078650247386e-05,-0.0041912046213320566,-0.0042467276835361977
564,1598486400000000000,202008,565,566,0.072289270534908565,0.0017560509243413267,0.070533219610567258,0,0.26880816320941814,0,0.25,0.94203656936631519,0.0077278650359837962,0.47488221720114954,0.46715435216516593,0.00070600730581181612,2052.2776767795681,2810,1,0,0.0073091496134516636,0.0004215654213989749,0.00023953043601814285,0.00066109585741711777,2,0,4.3373562320945138e-05,5.5613613352995947e-05,nan,nan
565,1598572800000000000,202008,566,567,0.0010430473554577267,0.0010430473554577267,0,0,0.26985121056487588,0,0,0.94099352201085729,0.0084508058884294867,0.47472216394964356,0.46627135806121423,0.00070600730581181612,2049.748283172712,2802,1,0,0.0040995003849414761,0.0004215654213989749,0.00023953043601814285,0.00066109585741711777,2,0,6.2582841327463598e-07,5.5508495007287402e-05,nan,nan
566,1598832000000000000,202008,567,568,0.0020119829143041014,0.0020119829143041014,0,0,0.27186319347917998,0,0,0.93898153909655335,0.0096196579599356555,0.47430059852824452,0.46468094056830911,0.00070600730581181612,2044.5674405838981,2795,1,1,-0.00011041819564677059,0,0,0,0,0,1.2071897485824609e-06,5.5319159591465372e-05,-0.00011041819564677059,-0.00016694454498681843
567,1598918400000000000,202009,568,569,0.0010419684061905817,0.0010419684061905817,0,0,0.0010419684061905817,0,0,0.93793957069036271,0.010348003103488553,0.47414378689692577,0.46379578379343739,0.00070600730581181612,2041.2971188062252,2790,1,1,-0.011707212545447253,0,0,0,0,0,6.2518104371434896e-07,5.5213783784933021e-05,-0.011707212545447253,-0.0117630515102759
568,1599004800000000000,202009,569,570,6.4267894662999717e-05,6.4267894662999717e-05,0,0,0.0011062363008535814,0,0,0.93787530279569975,0.010412270998151552,0.47414378689692577,0.46373151589877437,0.00070600730581181612,2041.0369490359269,2789,1,0,-0.0083072012280470536,0.00043515396383414252,0,0.00043515396383414252,1,0,3.8560736797799824e-08,5.5206132845092185e-05,nan,nan
569,1599091200000000000,202009,570,571,0.074695956242478739,0.0032698192090775389,0.071426137033401088,0,0.075802192543332314,0,0.25,0.93981162871989432,0.0096933239588737358,0.474752476339383,0.46505915238051032,0.00070681025263572559,2050.6927340885468,2818,1,0,0.00016009732475662073,0.00040500673323119388,0,0.00040500673323119388,1,0,4.4817573745487245e-05,5.5364184807203612e-05,nan,nan
570,1599177600000000000,202009,571,572,0.0057153463802024846,0.0057153463802024846,0,0,0.081517538923534805,0,0,0.93409628233969155,0.014433777734381863,0.47426503003703585,0.45983125230265498,0.00070681025263572559,2039.3477183661078,2799,1,1,0.008872022186813832,0,0,0,0,0,3.4292078281214909e-06,5.4741815750316075e-05,0.008872022186813832,0.0088138511632353932
571,1599523200000000000,202009,572,573,0.0032053639221201039,0.0032053639221201039,0,0,0.08472290284565491,0,0,0.93089091841757143,0.017448683924227232,0.47416980117089841,0.45672111724667214,0.00070681025263572559,2031.1268027178485,2784,1,1,0.0015576090387935243,0,0,0,0,0,1.9232183532720624e-06,5.4371561576984783e-05,0.0015576090387935243,0.0015013142588632673
572,1599609600000000000,202009,573,574,0.0029598914105265668,0.0029598914105265668,0,0,0.087682794256181473,0,0,0.92793102700704477,0.01936766448051281,0.47364934574377804,0.45428168126326601,0.00070681025263572559,2024.5237062234523,2770,1,1,0.00049009359095891466,0,0,0,0,0,1.7759348463159401e-06,5.4081152531341188e-05,0.00049009359095891466,0.00043423650358125759
573,1599696000000000000,202009,574,575,0.0015102424859170364,0.0015102424859170364,0,0,0.089193036742098511,0,0,0.92642078452112753,0.020877906966429861,0.47364934574377804,0.45277143877734899,0.00070681025263572559,2021.0802262497507,2765,1,1,-0.0025647244792708426,0,0,0,0,0,9.0614549155022196e-07,5.3901361759208206e-05,-0.0025647244792708426,-0.0026195319865216014
574,1599782400000000000,202009,575,576,0.069177937388780086,0.0011585862953676881,0.068019351093412367,0,0.15837097413087858,0,0.25,0.93325377073253601,0.01613920517344249,0.47469648795298741,0.45855728277954422,0.00070887007648510981,2031.2963201130751,2792,1,1,0.004528502723501397,0,0,0,0,0,4.1506762433268049e-05,5.4590152711850494e-05,0.004528502723501397,0.004432405808356279
575,1600041600000000000,202009,576,577,0.0026393780896677341,0.0026393780896677341,0,0,0.16101035222054633,0,0,0.93061439264286805,0.018083517248212614,0.47434895494553858,0.4562654376973253,0.00070887007648510981,2025.229230991715,2779,1,1,-0.0082437057534331948,0,0,0,0,0,1.5836268538006404e-06,5.4317314011586341e-05,-0.0082437057534331948,-0.0082996066942985815
576,1600128000000000000,202009,577,578,0.0026074951235755249,0.0026074951235755249,0,0,0.16361784734412185,0,0,0.92800689751929233,0.019768337364030164,0.47388761744165953,0.45411928007762875,0.00070887007648510981,2019.8248950145637,2768,1,1,-0.001463156598057426,0,0,0,0,0,1.5644970741453151e-06,5.4061819056860566e-05,-0.001463156598057426,-0.001518782914188432
577,1600214400000000000,202009,578,579,0.0010072976780093942,0.0010072976780093942,0,0,0.16462514502213124,0,0,0.92699959984128277,0.019840379561539355,0.47341998970140947,0.45357961013986953,0.00070887007648510981,2016.4385288098974,2759,1,0,0.0026885211079385471,0,0.00010595973413823315,0.00010595973413823315,1,0,6.0437860680563653e-07,5.3997572635698758e-05,nan,nan
578,1600300800000000000,202009,579,580,0.00091806947638680184,0.00091806947638680184,0,0,0.16554321449851805,0,0,0.92608153036489593,0.020428470038830839,0.4732550002018619,0.45282653016303032,0.00070887007648510981,2013.7637812324647,2753,1,0,0.013017704771691398,0,0.00010595973413823315,0.00010595973413823315,1,0,5.5084168583208101e-07,5.3907920257503614e-05,nan,nan
579,1600387200000000000,202009,580,581,0.070573516741584325,0.0011262256460300129,0.069447291095554364,0,0.23611673124010238,0,0.25,0.93257687512707488,0.015554667713032566,0.47406577142005268,0.45851110370701931,0.00071079868383364326,2024.4645275326104,2784,1,1,0.0057896203875443314,0,0,0,0,0,4.2344110044950596e-05,5.4584655203216577e-05,0.0057896203875443314,0.0056926916222961648
580,1600646400000000000,202009,581,582,0.0016819158008504064,0.0016819158008504064,0,0,0.2377986470409528,0,0,0.93089495932622457,0.016852156123633766,0.47387355772492806,0.45702140160129345,0.00071079868383364326,2020.3528112112745,2769,1,1,0.0031501559236853847,0,0,0,0,0,1.0091494805102439e-06,5.4407309714439698e-05,0.0031501559236853847,0.0030947394644904348
581,1600732800000000000,202009,582,583,0.0017003336527339973,0.0017003336527339973,0,0,0.2394989806936868,0,0,0.92919462567349043,0.017700697108690312,0.47344766139108935,0.45574696428239814,0.00071079868383364326,2017.026217117429,2757,1,1,0.00041637293196023211,0,0,0,0,0,1.0202001916403984e-06,5.4255590985999777e-05,0.00041637293196023211,0.00036109714078259191
582,1600819200000000000,202009,583,584,0.001838674561029588,0.001838674561029588,0,0,0.2413376552547164,0,0,0.92735595111246094,0.019539371669719887,0.47344766139108935,0.45390828972136865,0.00071079868383364326,2012.6921757593775,2751,1,1,0.00091286582911183313,0,0,0,0,0,1.1032047366177529e-06,5.4036701157305795e-05,0.00091286582911183313,0.00085772592321790961
583,1600905600000000000,202009,584,585,0.0026779630772438175,0.0026779630772438175,0,0,0.24401561833196023,0,0,0.92467798803521717,0.021871598525182116,0.47327479328019856,0.45140319475501556,0.00071079868383364326,2005.9204655370315,2740,1,0,-0.0019771702107586014,0,0.00028493778200325883,0.00028493778200325883,1,0,1.6067778463462905e-06,5.3738475566073276e-05,nan,nan
584,1600992000000000000,202009,585,586,0.07243662874462746,0.001640363052679461,0.070796265691947968,0,0.3164522470765877,0,0.25,0.93120316691965899,0.01763397118339563,0.47441856905152663,0.45678459786813169,0.00071301870037067774,2017.0948119400375,2772,1,0,0.0049974356905218738,0,0.00030447656039255162,0.00030447656039255162,1,0,4.3461977246776471e-05,5.4379118793825209e-05,nan,nan
585,1601251200000000000,202009,586,587,0.0048412467027090025,0.0048412467027090025,0,0,0.32129349377929672,0,0,0.92636192021694974,0.021643389463064457,0.47400265484000653,0.45235926537694288,0.00071301870037067774,2004.8688008470654,2748,1,1,0.00049881731994124367,0,0,0,0,0,2.9047480216254016e-06,5.3852293497255103e-05,0.00049881731994124367,0.00044206027842236316
586,1601337600000000000,202009,587,588,0.0016051281287835361,0.0016051281287835361,0,0,0.32289862190808027,0,0,0.92475679208816608,0.022887317276133232,0.47382205468214916,0.45093473740601675,0.00071301870037067774,2001.9831817771574,2741,1,0,0.001309759945757471,0.00015693524146701378,9.978968069834291e-05,0.00025672492216535672,2,0,9.6307687727012179e-07,5.3682706834049616e-05,nan,nan
587,1601424000000000000,202009,588,589,0.0017380213236526084,0.0017380213236526084,0,0,0.32463664323173286,0,0,0.92301877076451366,0.023923748944841582,0.47347125985467703,0.44954751090983625,0.00071301870037067774,1998.0796077432362,2733,1,0,-0.0080657015334903003,0.00090733372387930705,0.00021455872425815486,0.0011218924481374618,6,0,1.042812794191565e-06,5.3517560822599551e-05,nan,nan
588,1601510400000000000,202010,589,590,0.00077645881888263851,0.00077645881888263851,0,0,0.00077645881888263851,0,0,0.92224231194563111,0.023346869487355641,0.47279459071649271,0.4494477212291379,0.00071301870037067774,1996.1458821064393,2730,1,0,0.00032042499170736936,0.00075039848241229327,0.0006822265859661947,0.0014326250683784881,5,0,4.6587529132958307e-07,5.3505681098706897e-05,nan,nan
589,1601596800000000000,202010,590,591,0.075304702639651513,0.0017772665739171063,0.073527436065734406,0,0.076081161458534149,0,0.25,0.92486929007497132,0.01711053059725641,0.47098991033611387,0.45387937973885478,0.00070204285172510434,2029.8643009865837,2993,1,0,-0.00084227356217572984,0,0.0010221796366986636,0.0010221796366986636,2,0,4.5182821583790911e-05,5.4033259492720811e-05,nan,nan
590,1601856000000000000,202010,591,592,0.0013765031267674724,0.0013765031267674724,0,0,0.077457664585301622,0,0,0.92349278694820403,0.017669884173475505,0.4705813355608397,0.45291145138736161,0.00070204285172510434,2026.6230658340935,2985,1,0,-0.00012495430981393263,0,0.00045845811918152947,0.00045845811918152947,1,0,8.2590187606048337e-07,5.3918029927066855e-05,nan,nan
591,1601942400000000000,202010,592,593,0.0022774691211194333,0.0022774691211194333,0,0,0.07973513370642106,0,0,0.92121531782708455,0.018630333214856555,0.46992282552097048,0.45129249230611135,0.00070204285172510434,2020.3852812240598,2974,1,0,-0.0059012294227515629,0.00035386192005025334,9.6964706543916474e-05,0.00045082662659416982,2,0,1.3664814726716602e-06,5.3725296703108491e-05,nan,nan
592,1602028800000000000,202010,593,594,0.00073145095377693127,0.00073145095377693127,0,0,0.080466584660197987,0,0,0.92048386687330774,0.019361784168633475,0.46992282552097048,0.45056104135233455,0.00070204285172510434,2018.4004443349445,2970,1,0,0.0070247604286041362,0.00035386192005025334,0.00042753419946538082,0.00078139611951563411,3,0,4.3887057226615874e-07,5.3638219208611255e-05,nan,nan
593,1602115200000000000,202010,594,595,0.0026762047674394516,0.0026762047674394516,0,0,0.083142789427637434,0,0,0.91780766210586828,0.02039338284748669,0.46910052247667733,0.44870713962918823,0.00070204285172510434,2011.8292546214839,2960,1,0,0.0023295290940665669,0,0.00043230667379260947,0.00043230667379260947,2,0,1.6057228604636708e-06,5.3417516622522411e-05,nan,nan
594,1602201600000000000,202010,595,596,0.077440169010596388,0.0023514541079044547,0.07508871490269195,0,0.16058295843823384,0,0.25,0.92032163982932103,0.016907245883345537,0.46861444285633241,0.45170719697298861,0.00069326153385667179,2042.5299965448187,2999,1,0,0.0065926076937230568,0,0.00091595267760363947,0.00091595267760363947,3,0,4.6464101406357833e-05,5.3774666306308173e-05,nan,nan
595,1602460800000000000,202010,596,597,0.0011457368369086778,0.0011457368369086778,0,0,0.16172869527514253,0,0,0.91917590299241259,0.018052982720254192,0.46861444285633241,0.45056146013607984,0.00069326153385667179,2039.8733692342216,2990,1,0,-0.00040228784677743585,0,0.00076958321641113609,0.00076958321641113609,2,0,6.8744210214520667e-07,5.3638269063819033e-05,nan,nan
596,1602547200000000000,202010,597,598,0.0016646256340094472,0.0016646256340094472,0,0,0.16339332090915198,0,0,0.9175112773584031,0.019175667651232652,0.46834347250481695,0.44916780485358587,0.00069326153385667179,2035.3605722535488,2980,1,0,-0.0029302399638481565,0.00010161828826083912,0,0.00010161828826083912,1,0,9.9877538040566835e-07,5.3472357720664992e-05,nan,nan
597,1602633600000000000,202010,598,599,0.00033528875702697241,0.00033528875702697241,0,0,0.16372860966617897,0,0,0.91717598860137639,0.01951095640825961,0.46834347250481695,0.44883251609655872,0.00069326153385667179,2034.2426235012733,2971,1,0,0.00076198998615357972,0.00010161828826083912,0,0.00010161828826083912,1,0,2.0117325421618345e-07,5.343244239244747e-05,nan,nan
598,1602720000000000000,202010,599,600,0.0004436921958010449,0.0004436921958010449,0,0,0.16417230186198001,0,0,0.9167322964055753,0.019548431453772698,0.46814036392967301,0.44859193247590162,0.00069326153385667179,2032.5526961134999,2963,1,0,-0.00035532589085117563,2.8449977676597908e-05,1.9221663982555059e-05,4.7671641659152967e-05,2,0,2.6621531748062695e-07,5.3403801485226389e-05,nan,nan
599,1602806400000000000,202010,600,601,0.071815741536132377,0.00044040320609494104,0.071375338330037424,0,0.23598804339811238,0,0.25,0.92290837835866468,0.014991625994901827,0.46895000217678495,0.45395837618188661,0.00068762876018126356,2063.5419729678092,2988,1,0,-0.0017598275341689053,6.3616434712429962e-05,2.13407633383976e-05,8.4957198050827562e-05,2,0,4.3089444921679428e-05,5.4042663831176981e-05,nan,nan
600,1603065600000000000,202010,601,602,0.00044118892697211909,0.00044118892697211909,0,0,0.2364292323250845,0,0,0.92246718943169259,0.015305582052449083,0.46888638574207248,0.45358080368962694,0.00068762876018126356,2062.0204717481402,2978,1,1,-0.001559960477435168,0,0,0,0,0,2.6471335618327145e-07,5.3997714724955589e-05,-0.001559960477435168,-0.0016142229055163067
601,1603152000000000000,202010,602,603,0.0016922302293712404,0.0016922302293712404,0,0,0.23812146255445574,0,0,0.92077495920232122,0.016360907754276139,0.46856793347830039,0.45220702572402771,0.00068762876018126356,2057.9849690594542,2969,1,1,-0.0099643715832860944,0,0,0,0,0,1.0153381376227443e-06,5.3834169729050916e-05,-0.0099643715832860944,-0.010019221091152768
602,1603238400000000000,202010,603,604,0.0012897288863227452,0.0012897288863227452,0,0,0.23941119144077849,0,0,0.91948523031599849,0.016775525205963687,0.46813037776098282,0.45135485255502256,0.00068762876018126356,2054.2707647782559,2961,1,0,-0.00023871272684259468,0.00059882310463592813,0,0.00059882310463592813,1,0,7.7383733179364711e-07,5.3732720542264594e-05,nan,nan
603,1603324800000000000,202010,604,605,0.0020524303083447001,0.0020524303083447001,0,0,0.2414636217491232,0,0,0.91743280000765393,0.018707108445775767,0.46806995422671649,0.44936284578094415,0.00068762876018126356,2049.728229811094,2953,1,0,0.0020386691118965635,0.00059882310463592813,0,0.00059882310463592813,1,0,1.2314581850068201e-06,5.3495576878683828e-05,nan,nan
604,1603411200000000000,202010,605,606,0.069161697620923071,0.0015110593568049158,0.067650638264118171,0,0.31062531937004628,0,0.25,0.92382062623674532,0.014265391194983996,0.46904300871586024,0.45477761752087587,0.00068371224549354233,2076.2981546072406,2978,1,1,0.0058887848396418025,0,0,0,0,0,4.1497018572553847e-05,5.4140192562009036e-05,0.0058887848396418025,0.0057931476285072395
605,1603670400000000000,202010,606,607,0.001193857409264967,0.001193857409264967,0,0,0.31181917677931126,0,0,0.9226267688274804,0.015459248604248981,0.46904300871586024,0.45358376011161089,0.00068371224549354233,2073.4199034843173,2969,1,1,0.0017867160974237232,0,0,0,0,0,7.1631444555898014e-07,5.3998066679953673e-05,0.0017867160974237232,0.0017320017162982106
606,1603756800000000000,202010,607,608,0.00065121436866869182,0.00065121436866869182,0,0,0.31247039114797998,0,0,0.92197555445881141,0.016110462972917662,0.46904300871586024,0.45293254574294234,0.00068371224549354233,2071.6307024256034,2959,1,1,-0.0029204019782685543,0,0,0,0,0,3.9072862120121509e-07,5.3920541159874086e-05,-0.0029204019782685543,-0.0029747132480496298
607,1603843200000000000,202010,608,609,0.0018398824644132151,0.0018398824644132151,0,0,0.31431027361239317,0,0,0.92013567199439816,0.017753633460646696,0.46894465272751817,0.45119101926687116,0.00068371224549354233,2068.4776453973186,2952,1,0,-0.0047733455165314747,0.00049310159416182859,0.00038998080437621793,0.00088308239853804652,3,0,1.1039294786479289e-06,5.3713216579389425e-05,nan,nan
608,1603929600000000000,202010,609,610,0.0012238141782262815,0.0012238141782262815,0,0,0.31553408779061942,0,0,0.9189118578161718,0.018977447638872959,0.46894465272751817,0.44996720508864485,0.00068371224549354233,2065.1289518518347,2939,1,0,-0.0015163761675689006,0.00049310159416182859,0.00043535221066600088,0.00092845380482782947,4,0,7.3428850693576889e-07,5.3567524415314861e-05,nan,nan
609,1604016000000000000,202010,610,611,0.074163329377457954,0.0041541247820487872,0.070009204595409158,0,0.38969741716807738,0,0.25,0.92306743631526211,0.015831952701832564,0.46944969450854707,0.45361774180671316,0.0006799417922685627,2083.0979515280906,2957,1,0,0.00020237024983895459,0,3.2999259606077426e-05,3.2999259606077426e-05,1,0,4.4497997626474775e-05,5.4002112119846809e-05,nan,nan
610,1604275200000000000,202011,611,612,0.00088383996181531129,0.00088383996181531129,0,0,0.00088383996181531129,0,0,0.92218359635344682,0.016713245096440576,0.46944842072494347,0.45273517562850152,0.0006799417922685627,2080.4689348622678,2946,1,0,0.013018946086944462,0.00037616103065857677,0,0.00037616103065857677,1,0,5.303039770891868e-07,5.3897044717678754e-05,nan,nan
611,1604361600000000000,202011,612,613,0.001293291408263517,0.001293291408263517,0,0,0.0021771313700788284,0,0,0.92089030494518342,0.01785676838730103,0.46937353666624193,0.45151676827893966,0.0006799417922685627,2077.6925623405577,2940,1,0,0.0023820625064298745,0.00037616103065857677,0,0.00037616103065857677,1,0,7.7597484495811018e-07,5.3751996223683294e-05,nan,nan
612,1604448000000000000,202011,613,614,0.0016786893656936381,0.0016786893656936381,0,0,0.0038558207357724666,0,0,0.9192116155794896,0.018783135691677524,0.46899737563558336,0.45021423994390464,0.0006799417922685627,2074.3559073765214,2934,1,0,0.006256680726589592,0,0.00038366066356634735,0.00038366066356634735,1,0,1.0072136194161829e-06,5.3596933326655307e-05,nan,nan
613,1604534400000000000,202011,614,615,0.00084247470651773761,0.00084247470651773761,0,0,0.0046982954422902044,0,0,0.91836914087297195,0.019625610398195253,0.46899737563558336,0.44937176523738698,0.0006799417922685627,2072.657892854068,2928,1,0,-0.046545624390925744,0,0.00038366066356634735,0.00038366066356634735,1,0,5.0548482391064255e-07,5.3496638718736542e-05,nan,nan
614,1604620800000000000,202011,615,616,0.068566897372804914,0.0014890977179321621,0.067077799654872761,0,0.073265192815095123,0,0.25,0.92581164572313002,0.015836031087095706,0.47082383840511355,0.45498780731801658,0.00067723590130310451,2101.3769198177979,2984,1,1,-0.0072473943666189677,0,0,0,0,0,4.1140138423682946e-05,5.416521515690673e-05,-0.0072473943666189677,-0.0073426997201995574
615,1604880000000000000,202011,616,617,0.00059645323099925254,0.00059645323099925254,0,0,0.073861646046094381,0,0,0.92521519249213091,0.016432484318094961,0.47082383840511355,0.45439135408701736,0.00067723590130310451,2099.2574421593713,2972,1,0,0.010314369179784601,0.00042589269588009479,0.00012069595647645531,0.00054658865235655005,2,0,3.5787193859955152e-07,5.4094208819883024e-05,nan,nan
616,1604966400000000000,202011,617,618,0.00023297408469634583,0.00023297408469634583,0,0,0.074094620130790725,0,0,0.92498221840743455,0.016665458402791305,0.47082383840511355,0.45415838000232106,0.00067723590130310451,2098.42659585401,2968,1,0,0.0046349283862803792,0.00042589269588009479,0.00012069595647645531,0.00054658865235655005,2,0,1.397844508178075e-07,5.4066473809800131e-05,nan,nan
617,1605052800000000000,202011,618,619,0.00091058300256024929,0.00091058300256024929,0,0,0.075005203133350976,0,0,0.92407163540487436,0.016110659797485619,0.47009114760118059,0.45398048780369382,0.00067723590130310451,2095.5608010775177,2959,1,1,-0.0068838501309685315,0,0,0,0,0,5.4634980153614961e-07,5.4045296167106405e-05,-0.0068838501309685315,-0.0069384417769371744
618,1605139200000000000,202011,619,620,3.9587810593046508e-05,3.9587810593046508e-05,0,0,0.07504479094394402,0,0,0.92403204759428137,0.016150247608078667,0.47009114760118059,0.45394089999310083,0.00067723590130310451,2095.3828664140879,2954,1,1,-0.0084017052226081183,0,0,0,0,0,2.3752686355827904e-08,5.4040583332512012e-05,-0.0084017052226081183,-0.0084557695586269868
619,1605225600000000000,202011,620,621,0.066071508703459431,0.00053550142704097666,0.065536007276418465,0,0.14111629964740346,0,0.25,0.93044375151145442,0.012129896259862218,0.47128682388565662,0.45915692762579491,0.00067431581486621745,2119.83964665957,3000,1,0,-0.0021277117213704374,0.00053924952708341576,0.00055438847138283235,0.0010936379984662482,3,0,3.964290522207566e-05,5.4661539003070825e-05,nan,nan
620,1605484800000000000,202011,621,622,0.00133362945580144,0.00133362945580144,0,0,0.14244992910320489,0,0,0.92911012205565291,0.013093826242035365,0.47110197414884242,0.45800814790680772,0.00067431581486621745,2115.5956940230021,2989,1,0,0.001268783820333969,0.00053924952708341576,0.00055438847138283235,0.0010936379984662482,3,0,8.0017767348086398e-07,5.4524779512715202e-05,nan,nan
621,1605571200000000000,202011,622,623,0.0032505874394153297,0.0032505874394153297,0,0,0.14570051654262023,0,0,0.9258595346162376,0.01468769271529906,0.47027361366576659,0.45558592095046818,0.00067431581486621745,2108.5077276232737,2975,1,1,0.00036873879248843535,0,0,0,0,0,1.9503524636491978e-06,5.4236419160770018e-05,0.00036873879248843535,0.00031255202086401615
622,1605657600000000000,202011,623,624,0.0002492973909868502,0.0002492973909868502,0,0,0.14594981393360709,0,0,0.92561023722525071,0.014500143531380403,0.47005519037831389,0.4555550468469341,0.00067431581486621745,2107.6225052874602,2972,1,1,0.0014630286920887946,0,0,0,0,0,1.4957843459211013e-07,5.4232743672254066e-05,0.0014630286920887946,0.0014086463699819485
623,1605744000000000000,202011,624,625,0.0014152091587866249,0.0014152091587866249,0,0,0.14736502309239372,0,0,0.92419502806646425,0.015915352690167025,0.47005519037831389,0.45413983768814759,0.00067431581486621745,2103.841260011242,2966,1,0,-0.0074384390536793689,0,0.000631146611522783,0.000631146611522783,1,0,8.4912549527197487e-07,5.4064266391446136e-05,nan,nan
624,1605830400000000000,202011,625,626,0.069736277403228825,0.0020468013569882077,0.067689476046240607,0,0.21710130049562254,0,0.25,0.92826078130100009,0.013471615535365642,0.47086619841818267,0.45739458288281593,0.00067201463892744152,2121.5441189031112,3000,1,0,-0.0098316856822913187,0,0.00062519329197542118,0.00062519329197542118,1,0,4.1841766441937296e-05,5.4451736057478088e-05,nan,nan
625,1606089600000000000,202011,626,627,0.0018620837565126911,0.0018620837565126911,0,0,0.21896338425213524,0,0,0.92639869754448745,0.013638994578405944,0.4700188460614465,0.4563798514830395,0.00067201463892744152,2116.7398466337686,2987,1,1,0.0034304876902748384,0,0,0,0,0,1.1172502539076146e-06,5.4330934700361852e-05,0.0034304876902748384,0.0033750395053205691
626,1606176000000000000,202011,627,628,0.00098324317300639064,0.00098324317300639064,0,0,0.21994662742514162,0,0,0.92541545437148109,0.014080270217256512,0.4697478622943686,0.45566759207711094,0.00067201463892744152,2113.8398146246486,2980,1,1,0.0042008369470042254,0,0,0,0,0,5.899459038038344e-07,5.4246141913941775e-05,0.0042008369470042254,0.0041460008591864802
627,1606262400000000000,202011,628,629,0.00068775227802596642,0.00068775227802596642,0,0,0.2206343797031676,0,0,0.92472770209345512,0.014356545381723112,0.46954212373758886,0.45518557835586476,0.00067201463892744152,2111.3839341897014,2973,1,0,0.0080172899746429934,0.00035758890885474466,0,0.00035758890885474466,1,0,4.1265136681557982e-07,5.4188759328079144e-05,nan,nan
628,1606435200000000000,202011,629,630,0.002062765206370931,0.002062765206370931,0,0,0.22269714490953854,0,0,0.9226649368870844,0.015258960091195668,0.46896194848913964,0.45370298839794315,0.00067201463892744152,2106.5811102152948,2965,1,0,-0.0026424808161870268,0.00041913167547088755,0.00018461610365706773,0.00060374777912795526,3,0,1.2376591238225586e-06,5.401226052356466e-05,nan,nan
629,1606694400000000000,202011,630,631,0.070409832990838264,0.0016376853443728101,0.068772147646465415,0,0.29310697790037682,0,0.25,0.92670581768256088,0.012136100713394342,0.46942095919797866,0.45728485848458306,0.00067001053445464272,2122.1264543910434,2999,1,0,-0.0066389486359518983,0.00015536831741634637,0.0001362383730507839,0.00029160669046713027,3,0,4.2245899794502965e-05,5.4438673629117036e-05,nan,nan
630,1606780800000000000,202012,631,632,0.00064244716354357905,0.00064244716354357905,0,0,0.00064244716354357905,0,0,0.9260633705190171,0.012560594411914759,0.46931198246546707,0.45675138805355114,0.00067001053445464272,2119.6630869799756,2986,1,0,-0.0016065633963754796,4.6391584904761774e-05,0,4.6391584904761774e-05,1,0,3.8546829812614744e-07,5.4375165244470376e-05,nan,nan
631,1606867200000000000,202012,632,633,0.0010361779605785886,0.0010361779605785886,0,0,0.0016786251241221676,0,0,0.92502719255843857,0.011719400762886535,0.46837329666066374,0.45665389589777611,0.00067001053445464272,2116.2928772135197,2975,1,1,-0.0061594471761111146,0,0,0,0,0,6.217067763471531e-07,5.4363559035449532e-05,-0.0061594471761111146,-0.0062144324419229112
632,1606953600000000000,202012,633,634,0.00062828578082684548,0.00062828578082684548,0,0,0.002306910904949013,0,0,0.9243989067776115,0.011981393097320081,0.4681901499374671,0.45620875684014583,0.00067001053445464272,2113.8846318009619,2969,1,1,0.0046876663947426562,0,0,0,0,0,3.7697146849610725e-07,5.4310566290493556e-05,0.0046876663947426562,0.0046329788569836666
633,1607040000000000000,202012,634,635,0.00038846729653459379,0.00038846729653459379,0,0,0.0026953782014836067,0,0,0.92401043948107708,0.012344108354532099,0.46817727391780584,0.45583316556327258,0.00067001053445464272,2112.6389403758035,2963,1,1,0.00020324794707637255,0,0,0,0,0,2.3308037792075627e-07,5.4265853043246734e-05,0.00020324794707637255,0.00014874901365520508
634,1607299200000000000,202012,635,636,0.068573090292725847,0.0016855842658040985,0.066887506026921784,0,0.071268468494209453,0,0.25,0.92943711032174514,0.0089366661924099138,0.46918688825707766,0.46025022206466709,0.00066845234528542638,2132.4454587551286,3000,1,1,-0.0032919884667267523,0,0,0,0,0,4.1143854175635505e-05,5.479169310293656e-05,-0.0032919884667267523,-0.0033879240140053243
635,1607385600000000000,202012,636,637,0.0012138539866975299,0.0012138539866975299,0,0,0.072482322480906983,0,0,0.92822325633504765,0.0089386527232201644,0.46858095452913401,0.45964230180591314,0.00066845234528542638,2130.2001664130812,2994,1,0,-0.0015608484628007898,0,0.00010433387545447286,0.00010433387545447286,1,0,7.2831239201851787e-07,5.4719321643561085e-05,nan,nan
636,1607472000000000000,202012,637,638,0.0016128167894569904,0.0016128167894569904,0,0,0.074095139270363972,0,0,0.92661043954559053,0.0096152094723197436,0.46811282450895525,0.45849761503663483,0.00066845234528542638,2126.7904510313829,2986,1,0,0.0029504497844951155,0,0.00010433387545447286,0.00010433387545447286,1,0,9.6769007367419413e-07,5.4583049409123191e-05,nan,nan
637,1607558400000000000,202012,638,639,0.0013480883128736312,0.0013480883128736312,0,0,0.075443227583237599,0,0,0.92526235123271672,0.010608130831823137,0.46793524103227019,0.45732711020044636,0.00066845234528542638,2122.9385320538377,2974,1,1,0.0014045788501782436,0,0,0,0,0,8.0885298772417868e-07,5.4443703595291228e-05,0.0014045788501782436,0.0013493262935952283
638,1607644800000000000,202012,639,640,0.0018609563442212567,0.0018609563442212567,0,0,0.077304183927458858,0,0,0.92340139488849537,0.01193227731026209,0.46766683609937904,0.45573455878911634,0.00066845234528542638,2118.6100852891968,2966,1,0,-0.00067646757797833765,0.00051810010896293141,0,0.00051810010896293141,1,0,1.116573806532754e-06,5.4254114141561463e-05,nan,nan
639,1607904000000000000,202012,640,641,0.066811362112760245,0.00043202031972947757,0.066379341793030733,0,0.14411554604021909,0,0.25,0.93003265437003002,0.0092732232224943256,0.46965293879626097,0.46037971557376767,0.00066717620385753568,2139.5046607919144,3000,1,0,0.0028562693959942229,0.00068904984024033842,0.00061270632807065438,0.0013017561683109928,3,0,4.0086817267656147e-05,5.4807108996877109e-05,nan,nan
640,1607990400000000000,202012,641,642,0.0010793169656900853,0.0010793169656900853,0,0,0.14519486300590917,0,0,0.92895333740433961,0.0092597164834051018,0.46910652694387134,0.45984681046046721,0.00066717620385753568,2136.4119887245561,2982,1,0,0.0031035522603886033,0.00014263798785068998,0.00061270632807065438,0.00075534431592134434,2,0,6.475901794140511e-07,5.474366791196038e-05,nan,nan
641,1608076800000000000,202012,642,643,0.0028618672004689068,0.0028618672004689068,0,0,0.14805673020637808,0,0,0.9260914702038705,0.011821495213516154,0.46895648270869245,0.45713498749517734,0.00066717620385753568,2130.1561665443064,2968,1,1,0.0035955944595808388,0,0,0,0,0,1.7171203202813442e-06,5.4420831844663969e-05,0.0035955944595808388,0.0035394565074158934
642,1608163200000000000,202012,643,644,0.00095869177635641515,0.00095869177635641515,0,0,0.14901542198273449,0,0,0.92513277842751407,0.012780186989872568,0.46895648270869245,0.45617629571882096,0.00066717620385753568,2127.5529151876553,2962,1,0,0.0034838567778353105,0.0004328425937837687,0,0.0004328425937837687,1,0,5.7521506581384909e-07,5.4306701871288212e-05,nan,nan
643,1608249600000000000,202012,644,645,0.0026545732164203056,0.0026545732164203056,0,0,0.15166999519915481,0,0,0.92247820521109347,0.015434760206292884,0.46895648270869245,0.45352172250240064,0.00066717620385753568,2120.9713748453732,2951,1,0,0.0028720873551005333,0.0004328425937837687,0,0.0004328425937837687,1,0,1.5927439298521833e-06,5.3990681250285787e-05,nan,nan
644,1608508800000000000,202012,645,646,0.068139455580428651,0.0019092916637969055,0.066230163916631765,0,0.21980945077958347,0,0.25,0.92717186444995081,0.011306407247293669,0.46923913584862376,0.45793272860132944,0.00066633292728557889,2132.6007695772319,2999,1,1,-0.006057825378053593,0,0,0,0,0,4.0883673348257185e-05,5.4515801023967787e-05,-0.006057825378053593,-0.006153224852425818
645,1608595200000000000,202012,646,647,0.0021891303242205585,0.0021891303242205585,0,0,0.22199858110380402,0,0,0.92498273412573062,0.013201998120275893,0.46909236612300459,0.45589036800272803,0.00066633292728557889,2127.7072855185534,2986,1,0,0.0009407668845493603,0.00035207064837894337,0,0.00035207064837894337,1,0,1.3134781945323351e-06,5.4272662857467623e-05,nan,nan
646,1608681600000000000,202012,647,648,0.0008292391820027686,0.0008292391820027686,0,0,0.22282782028580678,0,0,0.92415349494372778,0.01403123730227869,0.46909236612300459,0.45506112882072525,0.00066633292728557889,2126.3295627466327,2981,1,0,-0.0023181144077932315,0.00035207064837894337,0,0.00035207064837894337,1,0,4.9754350920166114e-07,5.4173943907229198e-05,nan,nan
647,1608768000000000000,202012,648,649,0.0024348326891771941,0.0024348326891771941,0,0,0.22526265297498396,0,0,0.92171866225455079,0.014334487411399706,0.46802657483297649,0.45369208742157618,0.00066633292728557889,2120.5242411725708,2972,1,0,0.0013802037217321176,0,0.0004998007290307687,0.0004998007290307687,1,0,1.4608996135063165e-06,5.4010962788282882e-05,nan,nan
648,1609113600000000000,202012,649,650,8.8148445473885397e-05,8.8148445473885397e-05,0,0,0.22535080142045785,0,0,0.9216305138090769,0.014246338965925826,0.4679384263875026,0.45369208742157618,0.00066633292728557889,2120.1597876165429,2971,1,0,1.117498685597459e-05,0,0.00071556775153486414,0.00071556775153486414,3,0,5.2889067284331235e-08,5.4010962788282882e-05,nan,nan
649,1609200000000000000,202012,650,651,0.071893023479268459,0.00088593844734487974,0.071007085031923545,0,0.29724382489972634,0,0.25,0.9254569685232209,0.01134920805995367,0.46840308829158939,0.45705388023163629,0.00066663767240751474,2129.6090013136004,2999,1,0,0.00078487648409108623,0,0.00021627214009101089,0.00021627214009101089,3,0,4.3135814087561075e-05,5.4411176218051935e-05,nan,nan
650,1609286400000000000,202012,651,652,0.0020997473005483864,0.0020997473005483864,0,0,0.29934357220027474,0,0,0.92335722122267272,0.012807337644280411,0.46808227943347858,0.45527494178919881,0.00066663767240751474,2124.4054231940318,2985,1,0,-0.00025960273468799983,0.011447207055342476,0.011535648154039365,0.022982855209381842,60,60,1.2598483803290318e-06,5.4199397832047477e-05,nan,nan
651,1609372800000000000,202012,652,653,0.0014669622123544253,0.0014669622123544253,0,0,0.30081053441262917,0,0,0.92189025901031829,0.01427429985663487,0.46808227943347858,0.45380797957684438,0.00066663767240751474,2121.8850763166474,2981,1,0,-0.0016475653800050998,0.00083699247096809162,0,0.00083699247096809162,2,0,8.8017732741265516e-07,5.4024759473433859e-05,nan,nan
652,1609718400000000000,202101,653,654,0.00038044178663832346,0.00038044178663832346,0,0,0.00038044178663832346,0,0,0.92150981722367986,0.014641534903617784,0.46807567606365086,0.45343414116003378,0.00066663767240751474,2120.6349748391003,2975,1,0,-0.005865453133897934,0.00083699247096809162,0,0.00083699247096809162,2,0,2.2826507198299408e-07,5.3980254900004012e-05,nan,nan
653,1609804800000000000,202101,654,655,0.0036041004576390619,0.0036041004576390619,0,0,0.0039845422442773854,0,0,0.91790571676604116,0.015485556683735427,0.46669563672489017,0.45121008004115537,0.00066663767240751474,2112.8955406349023,2962,1,0,0.0049454795518216318,0.00035422133200950035,0.000143259554238067,0.00049748088624756732,2,0,2.1624602745834373e-06,5.3715485719185165e-05,nan,nan
654,1609891200000000000,202101,655,656,0.075524147765133096,0.00053423876244243496,0.074989909002690661,0,0.079508690009410479,0,0.25,0.92350370976489971,0.011985511695771573,0.46774461073033696,0.45575909903456613,0.00066676734791174625,2132.7588118252497,3000,1,0,0.0035308702753663575,0.00035003380660981597,0.00015532909702061762,0.00050536290363043359,2,0,4.5314488659079855e-05,5.4257035599353109e-05,nan,nan
655,1609977600000000000,202101,656,657,0.0016675366517210071,0.0016675366517210071,0,0,0.081176226661131487,0,0,0.92183617311317856,0.012090158442613961,0.46696316577789759,0.45487300733528452,0.00066676734791174625,2128.2053241756207,2990,1,0,-0.0012150870511410266,0,0.00097453201176788285,0.00097453201176788285,2,0,1.0005219910326042e-06,5.4151548492295769e-05,nan,nan
656,1610064000000000000,202101,657,658,0.0022555795617610784,0.0022555795617610784,0,0,0.083431806222892563,0,0,0.91958059355141741,0.013629845009864451,0.4666052192806423,0.45297537427077866,0.00066676734791174625,2123.8168542084777,2982,1,0,-0.0030069477885573564,6.0984335639947453e-05,0.00097453201176788285,0.0010355163474078304,3,0,1.3533477370566471e-06,5.3925639794140318e-05,nan,nan
657,1610323200000000000,202101,658,659,0.0037676674355262727,0.0037676674355262727,0,0,0.087199473658418833,0,0,0.91581292611589138,0.015999286994945006,0.46590610655541953,0.44990681956047518,0.00066676734791174625,2116.3826593325389,2969,1,0,0.00069277290036634162,6.0984335639947453e-05,0.00051188300213838548,0.00057286733777833288,2,0,2.2606004613157636e-06,5.3560335661961329e-05,nan,nan
658,1610409600000000000,202101,659,660,0.0013633365671851384,0.0013633365671851384,0,0,0.088562810225603972,0,0,0.91444958954870592,0.016722982061392725,0.46558628580505079,0.44886330374365868,0.00066676734791174625,2112.4584670611521,2962,1,0,-0.0054317756804312433,0,0.00051188300213838548,0.00051188300213838548,1,0,8.18001940311083e-07,5.3436107588530791e-05,nan,nan
659,1610496000000000000,202101,660,661,0.083668090734061021,0.0031008553393317359,0.080567235394729292,0,0.17223090095966498,0,0.25,0.91676854006334285,0.01379421906059976,0.4652813795619708,0.45148716050137294,0.00066709069226839903,2124.7815305534496,2999,1,0,0.00012172278179126207,0,0.00010250320708191769,0.00010250320708191769,2,0,5.0200854440436617e-05,5.3748471488258688e-05,nan,nan
660,1610582400000000000,202101,661,662,0.00088700868016505958,0.00088700868016505958,0,0,0.17311790963983004,0,0,0.91588153138317785,0.013885004293344954,0.46488326783826084,0.45099826354491779,0.00066709069226839903,2122.0970128689742,2994,1,0,0.0019443828408618098,0.00052550050469182092,0.00068065813279415664,0.0012061586374859776,4,0,5.3220520809903573e-07,5.3690269469633066e-05,nan,nan
661,1610668800000000000,202101,662,663,0.00090561070047554849,0.00090561070047554849,0,0,0.17402352034030558,0,0,0.91497592068270239,0.014007197369780738,0.46449155902624095,0.45048436165646216,0.00066709069226839903,2119.0802291397235,2983,1,0,0.0029637645523498059,0.00052550050469182092,0.00057815492571223895,0.0011036554304040599,2,0,5.4336642028532909e-07,5.3629090673388351e-05,nan,nan
662,1611014400000000000,202101,663,664,0.0016010138409590612,0.0016010138409590612,0,0,0.17562453418126464,0,0,0.91337490684174349,0.014300714087124964,0.46383781046443362,0.44953709637731049,0.00066709069226839903,2115.3554095437021,2973,1,1,0.0039010975136063199,0,0,0,0,0,9.6060830457543672e-07,5.3516320997298865e-05,0.0039010975136063199,0.0038466205843044454
663,1611100800000000000,202101,664,665,0.00074533498859202319,0.00074533498859202319,0,0,0.17636986916985667,0,0,0.91262957185315174,0.015012341097738552,0.46382095647544441,0.4488086153777075,0.00066709069226839903,2112.9387746037178,2964,1,1,-0.0010010831254439545,0,0,0,0,0,4.472009931552139e-07,5.3429597068774697e-05,-0.0010010831254439545,-0.0010549599235058845
664,1611187200000000000,202101,665,666,0.082591669368258305,0.0021054815863369184,0.080486187781921403,0,0.25896153853811499,0,0.25,0.91623127701008655,0.012172980681856431,0.46420212884597495,0.45202914816411632,0.00066714533851824508,2130.4457769912924,3000,1,1,-0.0039611134694044117,0,0,0,0,0,4.9555001620954987e-05,5.3812993829061472e-05,-0.0039611134694044117,-0.0040644814648544284
665,1611273600000000000,202101,666,667,0.0017687128448988739,0.0017687128448988739,0,0,0.26073025138301387,0,0,0.91446256416518767,0.013522570476881607,0.46399256732103816,0.45046999684415429,0.00066714533851824508,2125.6642634411983,2989,1,0,-0.0052009875020499214,0.00010287815024913921,0,0.00010287815024913921,1,0,1.0612277069393244e-06,5.3627380576685028e-05,nan,nan
666,1611532800000000000,202101,667,668,0.0010344249278264931,0.0010344249278264931,0,0,0.26176467631084038,0,0,0.9134281392373611,0.014049549661851823,0.46373884444961,0.44968929478775593,0.00066714533851824508,2122.0047432402012,2980,1,0,-0.010801139052375458,0.00010287815024913921,0,0.00010287815024913921,1,0,6.2065495669589582e-07,5.3534439855685233e-05,nan,nan
667,1611619200000000000,202101,668,669,0.0029993792318916707,0.0029993792318916707,0,0,0.26476405554273208,0,0,0.91042876000546968,0.015874619870637801,0.46315168993805717,0.44727707006741707,0.00066714533851824508,2116.1877629368109,2967,1,1,0.0072936657962095908,0,0,0,0,0,1.7996275391350024e-06,5.3247270246121075e-05,0.0072936657962095908,0.0072386188984243354
668,1611705600000000000,202101,669,670,0.0020193557436360924,0.0020193557436360924,0,0,0.26678341128636818,0,0,0.90840940426183359,0.017887132195187758,0.46314826822851407,0.44526113603332412,0.00066714533851824508,2112.2364893274757,2960,1,0,-0.0012293756010645378,0,0.00016561052477421351,0.00016561052477421351,1,0,1.2116134461816554e-06,5.3007278099205247e-05,nan,nan
669,1611792000000000000,202101,670,671,0.079410997039514319,0.00045566555024706857,0.078955331489267228,0,0.3461944083258825,0,0.25,0.91305785280953566,0.013749867186052438,0.46340385999779615,0.44965399281174223,0.00066702818995173767,2124.5119818212725,3000,1,0,0.0026438338365139934,0.00030476879694009271,0.00016727845683470077,0.00047204725377479346,2,0,4.7646598223708591e-05,5.3530237239493117e-05,nan,nan
670,1611878400000000000,202101,671,672,0.0023539222809653045,0.0023539222809653045,0,0,0.34854833060684781,0,0,0.91070393052857035,0.015914104799531335,0.46330901766405291,0.4473949128645201,0.00066702818995173767,2119.5591673602603,2986,1,0,0.004820504987485397,0.00030476879694009271,0,0.00030476879694009271,1,0,1.4123533685791828e-06,5.3261299150538112e-05,nan,nan
671,1612137600000000000,202102,672,673,0.0021376224700816304,0.0021376224700816304,0,0,0.0021376224700816304,0,0,0.9085663080584887,0.017420596683674634,0.46299345237108375,0.44557285568740773,0.00066702818995173767,2115.6107692100059,2978,1,1,-0.0045502932714729469,0,0,0,0,0,1.2825734820489782e-06,5.3044387581834251e-05,-0.0045502932714729469,-0.0046046202325368303
672,1612224000000000000,202102,673,674,0.0013853095176362084,0.0013853095176362084,0,0,0.0035229319877178389,0,0,0.90718099854085243,0.017390918204737718,0.46228595837279718,0.44489504016805809,0.00066702818995173767,2112.1868248335936,2970,1,1,0.0010211610471642205,0,0,0,0,0,8.3118571058172499e-07,5.2963695258102149e-05,0.0010211610471642205,0.00096736616619553671
673,1612310400000000000,202102,674,675,0.00087396830185651681,0.00087396830185651681,0,0,0.0043969002895743554,0,0,0.90630703023899595,0.017303900774060833,0.46180546550653051,0.44450156473246832,0.00066702818995173767,2109.7189341649441,2963,1,0,0.00063249223929041291,0,3.2604714418091148e-05,3.2604714418091148e-05,1,0,5.243809811139101e-07,5.2916852944341471e-05,nan,nan
674,1612396800000000000,202102,675,676,0.082825800348015691,0.0028120521231652213,0.080013748224850426,0,0.08722270063759005,0,0.25,0.91159361446607423,0.013104890939256625,0.46234925270266458,0.4492443617634076,0.00066695344543853921,2128.3592268336179,3000,1,0,-0.0017611093035915146,0,6.501423822625159e-06,6.501423822625159e-06,1,0,4.9695480208809414e-05,5.3481471638500903e-05,nan,nan
675,1612483200000000000,202102,676,677,0.0029360958492640572,0.0029360958492640572,0,0,0.090158796486854112,0,0,0.9086575186168101,0.015744076776288019,0.46220079769654826,0.44645672092025984,0.00066695344543853921,2122.4732358929873,2988,1,0,0.00049750699722929349,0.00067812969691515446,0,0.00067812969691515446,2,0,1.7616575095584341e-06,5.314960963336426e-05,nan,nan
676,1612742400000000000,202102,677,678,0.0016911426394617631,0.0016911426394617631,0,0,0.09184993912631588,0,0,0.9069663759773483,0.015952392255953737,0.46145938411665016,0.44550699186069614,0.00066695344543853921,2117.878236997698,2979,1,0,-0.0023088597764455931,0.00067812969691515446,0,0.00067812969691515446,2,0,1.0146855836770579e-06,5.3036546650082878e-05,nan,nan
677,1612828800000000000,202102,678,679,0.0060096374787791725,0.0060096374787791725,0,0,0.097859576605095047,0,0,0.9009567384985695,0.017786670539418833,0.45937170451899306,0.44158503397957405,0.00066695344543853921,2103.8787435820495,2963,1,0,0.0047371982707608848,0.00045901303527499563,0,0.00045901303527499563,2,0,3.6057824872675031e-06,5.2569646902330251e-05,nan,nan
678,1612915200000000000,202102,679,680,0.0023280453871388105,0.0023280453871388105,0,0,0.10018762199223386,0,0,0.89862869311143079,0.0186697360216561,0.45864921456654228,0.439979478544886,0.00066695344543853921,2098.4680886910842,2955,1,0,0.0011191751879441379,0.00045901303527499563,0,0.00045901303527499563,2,0,1.3968272322832864e-06,5.2378509350581663e-05,nan,nan
679,1613001600000000000,202102,680,681,0.082033730892231163,0.0021478078718306006,0.079885923020400498,0,0.182221352884465,0,0.25,0.90566211305058009,0.014818160631496007,0.4602401368410397,0.44542197620954327,0.00066706212592594649,2118.4158730522718,2998,1,1,-0.0018950730260666401,0,0,0,0,0,4.9220238535338698e-05,5.3026425739231348e-05,-0.0018950730260666401,-0.00199731969034121
680,1613088000000000000,202102,681,682,0.00062915466111996155,0.00062915466111996155,0,0,0.18285050754558496,0,0,0.9050329583894603,0.015349333713152924,0.46019114605130795,0.44484181233815479,0.00066706212592594649,2116.4290766238619,2985,1,1,-0.0027562521252393704,0,0,0,0,0,3.7749279667197692e-07,5.2957358611685094e-05,-0.0027562521252393704,-0.0028095869766477277
681,1613433600000000000,202102,682,683,0.0025319252897574754,0.0025319252897574754,0,0,0.18538243283534245,0,0,0.90250103309970298,0.015789189736012618,0.45914511141785908,0.44335592168184623,0.00066706212592594649,2110.2328530884824,2976,1,1,0.00027615251933107049,0,0,0,0,0,1.5191551738544851e-06,5.2780466866886459e-05,0.00027615251933107049,0.00022185289729032958
682,1613520000000000000,202102,683,684,0.0041927133429578312,0.0041927133429578312,0,0,0.18957514617830029,0,0,0.89830831975674497,0.018917297158932467,0.45861280845784003,0.43969551129890733,0.00066706212592594649,2101.6736365327224,2964,1,1,0.0018958751986977945,0,0,0,0,0,2.5156280057746988e-06,5.2344703726060395e-05,0.0018958751986977945,0.0018410148669659593
683,1613606400000000000,202102,684,685,0.00057390742206872786,0.00057390742206872786,0,0,0.19014905360036902,0,0,0.89773441233467621,0.019354076948095742,0.45854424464138727,0.43919016769329139,0.00066706212592594649,2100.3170572009199,2958,1,1,-0.0089920523607817469,0,0,0,0,0,3.4434445324123671e-07,5.2284543773010875e-05,-0.0089920523607817469,-0.0090446812490079988
684,1613692800000000000,202102,685,686,0.082136446046747691,0.0012123423889983922,0.080924103657749269,0,0.27228549964711668,0,0.25,0.90515856210379575,0.014665719403456921,0.45991214075362585,0.44524642135016951,0.00066712391376140567,2121.9212689053206,3000,1,1,-0.0021378060154850424,0,0,0,0,0,4.9281867628048614e-05,5.3005526351210655e-05,-0.0021378060154850424,-0.0022400934094643017
685,1613952000000000000,202102,686,687,0.0018175780006710093,0.0018175780006710093,0,0,0.27410307764778769,0,0,0.90334098410312502,0.015734761594163045,0.45953787284864345,0.44380311125448096,0.00066712391376140567,2117.734541661981,2988,1,1,-7.3870379302291191e-05,0,0,0,0,0,1.0905468004026055e-06,5.2833703720771543e-05,-7.3870379302291191e-05,-0.00012779462982346533
686,1614038400000000000,202102,687,688,0.0023530628959809534,0.0023530628959809534,0,0,0.27645614054376866,0,0,0.9009879212071441,0.017928008550949507,0.45945796487904622,0.44152995632809727,0.00066712391376140567,2111.792724140359,2977,1,1,-0.0043245118764795891,0,0,0,0,0,1.411837737588572e-06,5.2563090039059194e-05,-0.0043245118764795891,-0.0043784868042562363
687,1614124800000000000,202102,688,689,0.00054457171346859539,0.00054457171346859539,0,0,0.27700071225723727,0,0,0.90044334949367566,0.018388257314371905,0.45941580340402316,0.44102754608965172,0.00066712391376140567,2110.6282663209518,2969,1,1,0.0061412561214803556,0,0,0,0,0,3.2674302808115724e-07,5.2503279296387106e-05,0.0061412561214803556,0.0060884260991558876
688,1614211200000000000,202102,689,690,0.001775097626079177,0.001775097626079177,0,0,0.27877580988331646,0,0,0.89866825186759636,0.01988688846310643,0.45927757016535087,0.43939068170224488,0.00066712391376140567,2106.1915380108053,2962,1,0,0.0057461534049591725,0.00079351959052113103,0,0.00079351959052113103,2,0,1.0650585756475062e-06,5.2308414488362484e-05,nan,nan
689,1614297600000000000,202102,690,691,0.083779374832259029,0.0013354979414561821,0.082443876890802847,0,0.36255518471557546,0,0.25,0.90402264040589586,0.015480863282899078,0.45975175184439593,0.44427088856149832,0.00066724846779144345,2118.8394240644602,3000,1,0,-0.0043121450938226431,0.0010459596371478342,0.00056998586504042239,0.0016159455021882566,4,0,5.0267624899355411e-05,5.288939149541647e-05,nan,nan
690,1614556800000000000,202103,691,692,0.0025723318708246864,0.0025723318708246864,0,0,0.0025723318708246864,0,0,0.90145030853507124,0.016352299697967955,0.45890130411651814,0.44254900441855155,0.00066724846779144345,2112.6061718324459,2989,1,0,-0.0079321813572285488,0.00023655308863477915,0.0011597503681185818,0.001396303456753361,3,0,1.5433991224948118e-06,5.2684405287922796e-05,nan,nan
691,1614643200000000000,202103,692,693,0.0014548337659318171,0.0014548337659318171,0,0,0.0040271656367565035,0,0,0.89999547476913966,0.017312157931826302,0.45865381635048147,0.44134165841865647,0.00066724846779144345,2108.55301360874,2980,1,0,-0.0082725176296731158,0,0.00058976450307815943,0.00058976450307815943,1,0,8.7290025955909027e-07,5.254067362126863e-05,nan,nan
692,1614729600000000000,202103,693,694,0.0020429148702666685,0.0020429148702666685,0,0,0.006070080507023172,0,0,0.89795255989887302,0.018480860952819735,0.45821671042584483,0.43973584947302641,0.00066724846779144345,2104.818207652017,2973,1,1,-0.0006741955465356074,0,0,0,0,0,1.2257489221600011e-06,5.2349505889646e-05,-0.0006741955465356074,-0.00072777080134741332
693,1614816000000000000,202103,694,695,0.0011228003437705177,0.0011228003437705177,0,0,0.0071928808507936894,0,0,0.89682975955510247,0.019551609030432966,0.45819068429276621,0.43863907526233448,0.00066724846779144345,2102.4051226242418,2966,1,0,-0.007950203775646203,0,0.0006131849596386085,0.0006131849596386085,1,0,6.7368020626231063e-07,5.2218937531230296e-05,nan,nan
694,1614902400000000000,202103,695,696,0.085942243501143489,0.0015137780281719924,0.084428465472971503,0,0.093135124351937174,0,0.25,0.90199073856657996,0.0157473890622149,0.45886906381439496,0.44312167475218078,0.0006674650336617392,2113.4644053730449,3000,1,0,0.0097807628000638556,8.4263129262910952e-05,0.0012588563350941649,0.0013431194643570758,3,0,5.1565346100686093e-05,5.2752580327640563e-05,nan,nan
695,1615161600000000000,202103,696,697,0.0022580161407022093,0.0022580161407022093,0,0,0.095393140492639389,0,0,0.89973272242587776,0.01800019625969685,0.4588664593427848,0.44086626308308863,0.0006674650336617392,2108.9187751784862,2987,1,0,-0.0016048098122167197,8.4263129262910952e-05,0.00064252094312906263,0.00072678407239197356,2,0,1.3548096844213255e-06,5.2484078938462938e-05,nan,nan
696,1615248000000000000,202103,697,698,0.0023131732210626981,0.0023131732210626981,0,0,0.097706313713702087,0,0,0.89741954920481493,0.019624595710636863,0.45852207245772347,0.43889747674708723,0.0006674650336617392,2104.9757916175722,2979,1,1,0.005979808644201565,0,0,0,0,0,1.3879039326376188e-06,5.2249699612748479e-05,0.005979808644201565,0.005926171040656179
697,1615334400000000000,202103,698,699,0.0024133251987232501,0.0024133251987232501,0,0,0.10011963891242534,0,0,0.89500622400609142,0.019512537323480812,0.45725938066478372,0.4377468433413037,0.0006674650336617392,2098.3486798429963,2966,1,1,-0.0028395753280234738,0,0,0,0,0,1.44799511923395e-06,5.21127194453933e-05,-0.0028395753280234738,-0.0028931360425881012
698,1615420800000000000,202103,699,700,0.0017935806987734743,0.0017935806987734743,0,0,0.10191321961119881,0,0,0.89321264330731798,0.020114800448731672,0.45666372187802251,0.43654892142929153,0.0006674650336617392,2094.8380866918515,2960,1,0,-0.00084882341822250271,0,0.00011390710808294714,0.00011390710808294714,1,0,1.0761484192640847e-06,5.1970109693963282e-05,nan,nan
699,1615507200000000000,202103,700,701,0.094667070417906202,0.0012719486750363484,0.093395121742869791,0,0.19658029002910501,0,0.25,0.89603491786899503,0.015737244846383312,0.45588608135768838,0.44014883651130304,0.00066753307115429361,2105.3072168212884,3000,1,0,0.00078230195677287512,0,0.00029141392673125936,0.00029141392673125936,2,0,5.6800242250743715e-05,5.2398671013250364e-05,nan,nan
700,1615766400000000000,202103,701,702,0.0028512978855064004,0.0028512978855064004,0,0,0.19943158791461141,0,0,0.89318361998348861,0.018485095820873959,0.45583435790218052,0.43734926208130448,0.00066753307115429361,2098.9188856552382,2989,1,0,-3.4739842318230668e-05,0,0.00011475141461096465,0.00011475141461096465,1,0,1.7107787313038403e-06,5.2065388343012435e-05,nan,nan
701,1615852800000000000,202103,702,703,0.0015362185274578586,0.0015362185274578586,0,0,0.20096780644206927,0,0,0.89164740145603094,0.020019856826985292,0.45583362914150727,0.43581377231451984,0.00066753307115429361,2094.8947210739211,2978,1,1,-0.0024304185929931192,0,0,0,0,0,9.2173111647471518e-07,5.1882591942204748e-05,-0.0024304185929931192,-0.0024832229160517989
702,1615939200000000000,202103,703,704,0.00064226967955152768,0.00064226967955152768,0,0,0.2016100761216208,0,0,0.89100513177647933,0.020662126506536822,0.45583362914150727,0.43517150263496834,0.00066753307115429361,2092.6734835736202,2974,1,1,0.0010413942255788628,0,0,0,0,0,3.8536180773091658e-07,5.1806131266067655e-05,0.0010413942255788628,0.00098920273250506421
703,1616025600000000000,202103,704,705,0.0014933954874126964,0.0014933954874126964,0,0,0.2031034716090335,0,0,0.88951173628906655,0.021860991624810481,0.45568636395693779,0.43382537233212526,0.00066753307115429361,2089.2242726330624,2966,1,1,0.0025509112033044834,0,0,0,0,0,8.9603729244761778e-07,5.1645877658586335e-05,0.0025509112033044834,0.0024983692883534495
704,1616112000000000000,202103,705,706,0.10142955613988291,0.00015927360344417037,0.10127028253643877,0,0.30453302774891644,0,0.25,0.89151493365918866,0.016424189945455123,0.45396956180232251,0.43754537185686831,0.0006669601779769218,2107.0272660943979,3000,1,0,-0.002281472871587933,8.4523323256387509e-05,0.00028220712800856873,0.00036673045126495624,3,1,6.0857733683929749e-05,5.2088734744865278e-05,nan,nan
705,1616371200000000000,202103,706,707,0.0019035546285458872,0.0019035546285458872,0,0,0.30643658237746235,0,0,0.88961137903064313,0.017041645367636759,0.45332651219914044,0.43628486683150453,0.0006669601779769218,2101.3338083966055,2982,1,0,-0.0035312493726051752,0,0.00028220712800856873,0.00028220712800856873,2,0,1.1421327771275323e-06,5.1938674622798159e-05,nan,nan
706,1616457600000000000,202103,707,708,0.0014211247152201786,0.0014211247152201786,0,0,0.30785770709268251,0,0,0.88819025431542287,0.017895055302300473,0.45304265480886219,0.43514759950656251,0.0006669601779769218,2097.0304980635451,2973,1,0,0.00079371280093517085,9.159369724704721e-06,0,9.159369724704721e-06,1,0,8.5267482913210725e-07,5.1803285655543157e-05,nan,nan
707,1616544000000000000,202103,708,709,0.0017271018159934373,0.0017271018159934373,0,0,0.30958480890867596,0,0,0.88646315249942942,0.019622157118293921,0.45304265480886219,0.43342049769056923,0.0006669601779769218,2092.6881271505426,2958,1,0,0.0037037793548149508,9.159369724704721e-06,0,9.159369724704721e-06,1,0,1.0362610895960623e-06,5.159767829649633e-05,nan,nan
708,1616630400000000000,202103,709,710,0.00052579987457037865,0.00052579987457037865,0,0,0.31011060878324631,0,0,0.88593735262485918,0.020129638253414888,0.45303349543913746,0.43290385718572355,0.0006669601779769218,2091.1573625854362,2952,1,1,-0.0038057599317308944,0,0,0,0,0,3.1547992474222718e-07,5.1536173474490899e-05,-0.0038057599317308944,-0.0038576115851301274
709,1616716800000000000,202103,710,711,0.11016585885738658,0.0012457052122632649,0.10892015364512334,0,0.42027646764063287,0,0.25,0.88437929612154009,0.015941413635631906,0.45016035487858547,0.43421894124295385,0.00066560710251578181,2103.2173686887409,3000,1,1,0.0051231923266956882,0,0,0,0,0,6.6099515314431946e-05,5.1692731100351644e-05,0.0051231923266956882,0.0050054000802809044
710,1616976000000000000,202103,711,712,0.00062385964803712357,0.00062385964803712357,0,0,0.42090032728867,0,0,0.88375543647350285,0.016470406248639182,0.45011292136107056,0.43364251511243168,0.00066560710251578181,2100.8940140123391,2990,1,1,0.0021005036017571169,0,0,0,0,0,3.7431578882227412e-07,5.162410894195615e-05,0.0021005036017571169,0.0020485051770263384
711,1617062400000000000,202103,712,713,0.00012664919654016923,0.00012664919654016923,0,0,0.42102697648521015,0,0,0.88362878727696259,0.016574251062230736,0.45010151916959623,0.43352726810736586,0.00066560710251578181,2100.3096970100833,2981,1,0,0.00090202730148315909,0.00033902027599196576,8.3012781041907674e-05,0.00042203305703387344,2,0,7.5989517924101539e-08,5.1610389060400693e-05,nan,nan
712,1617148800000000000,202103,713,714,0.00022634944111868464,0.00022634944111868464,0,0,0.42125332592632886,0,0,0.88340243783584405,0.016800600503349427,0.45010151916959623,0.43330091866624709,0.00066560710251578181,2099.4839081452365,2978,1,0,0.0018436955003129259,0.00033902027599196576,8.3012781041907674e-05,0.00042203305703387344,2,0,1.3580966467121079e-07,5.1583442698362754e-05,nan,nan
713,1617235200000000000,202104,714,715,0.002291213075785815,0.002291213075785815,0,0,0.002291213075785815,0,0,0.8811112247600581,0.018413773027151324,0.44976249889360426,0.43134872586645329,0.00066560710251578181,2093.8888510822353,2970,1,0,-0.00041778140902713697,0,0.00016687993609848731,0.00016687993609848731,2,0,1.3747278454714889e-06,5.1351038793625386e-05,nan,nan
714,1617580800000000000,202104,715,716,0.1198793330446454,0.001771041969868909,0.11810829107477652,0,0.12217054612043121,0,0.25,0.87722306100909209,0.014980205068885383,0.44610163303898781,0.43112142797010222,0.00066514977133128083,2109.4935101732594,3000,1,0,-0.00021732877085757735,0.00032261685749134037,4.5984516148864682e-05,0.00036860137364020507,3,0,7.1927599826787243e-05,5.1323979520250267e-05,nan,nan
715,1617667200000000000,202104,716,717,0.00064926875009727915,0.00064926875009727915,0,0,0.1228198148705285,0,0,0.87657379225899446,0.015625824690832672,0.44609980847491282,0.43047398378407992,0.00066514977133128083,2107.3132095499368,2990,1,0,0.0022128886350254238,0.00032079229341634122,0,0.00032079229341634122,1,0,3.8956125005836749e-07,5.1246902831438086e-05,nan,nan
716,1617753600000000000,202104,717,718,0.00073684711280721875,0.00073684711280721875,0,0,0.12355666198333572,0,0,0.87583694514618737,0.015322682688759181,0.44557981391747242,0.43025713122871312,0.00066514977133128083,2104.6916673127207,2981,1,1,0.0027227530059645835,0,0,0,0,0,4.421082676843312e-07,5.1221087051037273e-05,0.0027227530059645835,0.0026710898106458623
717,1617840000000000000,202104,718,719,0.00091387863546586582,0.00091387863546586582,0,0,0.12447054061880158,0,0,0.87492306651072171,0.016236561324225039,0.44557981391747242,0.42934325259324729,0.00066514977133128083,2103.1285799204156,2977,1,1,0.0013517395068689303,0,0,0,0,0,5.4832718127951953e-07,5.1112291975386578e-05,0.0013517395068689303,0.0013000788877122642
718,1617926400000000000,202104,719,720,0.0011373748003412672,0.0011373748003412672,0,0,0.12560791541914285,0,0,0.87378569171038034,0.016362720503987672,0.44507420610718312,0.42871148560319533,0.00066514977133128083,2100.4780332451487,2972,1,1,-0.0012207883797378332,0,0,0,0,0,6.8242488020476033e-07,5.1037081619428013e-05,-0.0012207883797378332,-0.001272507886237466
719,1618185600000000000,202104,720,721,0.11612742929102288,0.0014364846119019757,0.11469094467912092,0,0.24173534471016572,0,0.25,0.87211238983304218,0.01334940383691602,0.44273089683497935,0.429381492998065,0.00066502899516512686,2109.3379117911345,3000,1,1,0.0011249681944306912,0,0,0,0,0,6.9676457574613726e-05,5.1116844404531543e-05,0.0011249681944306912,0.0010041748924515461
720,1618272000000000000,202104,721,722,0.001062482301948839,0.001062482301948839,0,0,0.24279782701211455,0,0,0.87104990753109324,0.014411886138864871,0.44273089683497935,0.42831901069611611,0.00066502899516512686,2105.7526046841699,2987,1,0,0.00011779100499127178,0.00079430481643171847,0,0.00079430481643171847,2,0,6.3748938116930331e-07,5.09903584162043e-05,nan,nan
721,1618358400000000000,202104,722,723,4.7222222222223915e-05,4.7222222222223915e-05,0,0,0.24284504923433678,0,0,0.87100268530887115,0.014459108361087093,0.44273089683497935,0.42827178847389386,0.00066502899516512686,2105.5268987551312,2982,1,0,0.00090562141489209085,0.0011064774793425689,0.00015893970950250078,0.0012654171888450698,4,0,2.8333333333334348e-08,5.0984736723082603e-05,nan,nan
722,1618444800000000000,202104,723,724,0.0018344980374377521,0.0018344980374377521,0,0,0.24467954727177454,0,0,0.86916818727143341,0.014005726659420023,0.44158695696542699,0.42758123030600848,0.00066502899516512686,2101.1511561786842,2976,1,0,-0.0015664544241228661,0.00031217266291085061,0.00015893970950250078,0.00047111237241335139,2,0,1.1006988224626512e-06,5.0902527417381966e-05,nan,nan
723,1618531200000000000,202104,724,725,0.0014059468692269516,0.0014059468692269516,0,0,0.2460854941410015,0,0,0.86776224040220629,0.014512005816459518,0.44113712310933328,0.42662511729287522,0.00066502899516512686,2096.9890059106961,2968,1,0,-0.0065745436902685719,0,0.00011309357964280028,0.00011309357964280028,1,0,8.4356812153617094e-07,5.0788704439628004e-05,nan,nan
724,1618790400000000000,202104,725,726,0.10710936438323065,0.00070452777182246134,0.1064048366114082,0,0.35319485852423216,0,0.25,0.872781546470902,0.011412400191210779,0.44209697333105541,0.43068457313984415,0.00066514889847338365,2110.4321396943701,3000,1,0,0.0030717082550346633,0.00097858793072245587,0.00048328482080216832,0.0014618727515246241,6,0,6.4265618629938395e-05,5.1271972992838586e-05,nan,nan
725,1618876800000000000,202104,726,727,0.0011134180842167405,0.0011134180842167405,0,0,0.35430827660844888,0,0,0.87166812838668539,0.01249493010330411,0.44208152924499372,0.42958659914168917,0.00066514889847338365,2107.0936442048765,2988,1,0,-0.0023623049435131022,0.0015278586941912336,0.00043363130273673463,0.0019614899969279684,7,0,6.6805085053004433e-07,5.1141261802582045e-05,nan,nan
726,1618963200000000000,202104,727,728,0.0028985814465854963,0.0028985814465854963,0,0,0.35720685805503438,0,0,0.86876954694009978,0.013294589854243481,0.44103206839717074,0.42773747854292671,0.00066514889847338365,2099.4521968529502,2973,1,0,0.0067374426408747393,0.0005492707634687777,0,0.0005492707634687777,2,0,1.7391488679512978e-06,5.0921128397967466e-05,nan,nan
727,1619049600000000000,202104,728,729,0.00085788819447234633,0.00085788819447234633,0,0,0.35806474624950674,0,0,0.86791165874562748,0.013053936521778307,0.44048279763370196,0.42742886111192313,0.00066514889847338365,2097.1464010536356,2969,1,1,-9.9239923395946189e-05,0,0,0,0,0,5.1473291668340778e-07,5.0884388227609893e-05,-9.9239923395946189e-05,-0.00015063904454023949
728,1619136000000000000,202104,729,730,0.0012054273998708554,0.0012054273998708554,0,0,0.35927017364937758,0,0,0.86670623134575675,0.013575926732671738,0.44014107903921323,0.42656515230654107,0.00066514889847338365,2093.2296519386928,2963,1,1,0.0024464837627079326,0,0,0,0,0,7.232564399225132e-07,5.0781565750778697e-05,0.0024464837627079326,0.0023949789405172312
729,1619395200000000000,202104,730,731,0.10270534793127707,0.0012111314181176686,0.10149421651315942,0,0.46197552158065464,0,0.25,0.87437753661039008,0.011090293613092219,0.44273391511174137,0.43164362149864849,0.00066536275072455735,2111.2349181225291,3000,1,1,9.317080167953423e-05,0,0,0,0,0,6.1623208758766244e-05,5.1386145416505774e-05,9.317080167953423e-05,-1.9838552495737788e-05
730,1619481600000000000,202104,731,732,0.00032883428356881309,0.00032883428356881309,0,0,0.46230435586422347,0,0,0.87404870232682097,0.011101196945493047,0.4425749496361574,0.43147375269066374,0.00066536275072455735,2109.8517139351966,2991,1,0,0.0024364154530159233,0,8.4002309475891311e-06,8.4002309475891311e-06,1,0,1.9730057014128785e-07,5.1365922939364732e-05,nan,nan
731,1619568000000000000,202104,732,733,0.0015937323691879212,0.0015937323691879212,0,0,0.46389808823341139,0,0,0.8724549699576335,0.012609685666572945,0.44253232781210339,0.42992264214552978,0.00066536275072455735,2105.8483117851888,2982,1,0,-0.002465507417311942,0,8.4002309475891311e-06,8.4002309475891311e-06,1,0,9.5623942151275267e-07,5.1181266922086881e-05,nan,nan
732,1619654400000000000,202104,733,734,0.00056427334391846024,0.00056427334391846024,0,0,0.46446236157732984,0,0,0.87189069661371488,0.013014280633135427,0.4424524886234254,0.42943820799028937,0.00066536275072455735,2103.7834000778416,2974,1,0,0.002411734274062344,0.00088096340927667593,0,0.00088096340927667593,2,0,3.3856400635107616e-07,5.1123596189320167e-05,nan,nan
733,1619740800000000000,202104,734,735,0.0015876917846030891,0.0015876917846030891,0,0,0.46605005336193295,0,0,0.87030300482911171,0.013973579747823704,0.44213829228846796,0.4281647125406437,0.00066536275072455735,2100.4266455977149,2968,1,0,0.0031149983665282933,0.00088096340927667593,0,0.00088096340927667593,2,0,9.5261507076185333e-07,5.0971989588171868e-05,nan,nan
734,1620000000000000000,202105,735,736,0.093574578691084431,0.0013796741050217907,0.092194904586062609,0,0.093574578691084431,0,0.25,0.88093914217031866,0.010193495275718193,0.44556631872301811,0.43537282344730116,0.00066574428524091684,2118.1687146024901,2998,1,0,0.0042773158727976452,0.0005354864948766793,0,0.0005354864948766793,1,0,5.6144747214650658e-05,5.183009802944062e-05,nan,nan
735,1620086400000000000,202105,736,737,0.0016193652491843997,0.0016193652491843997,0,0,0.095193943940268824,0,0,0.87931977692113417,0.011660749168291457,0.44549026304471256,0.43382951387642227,0.00066574428524091684,2114.3659122397021,2988,1,0,0.0022244385074965066,0.0005354864948766793,0.00055671186465793595,0.0010921983595346151,2,0,9.7161914951063979e-07,5.1646370699574078e-05,nan,nan
736,1620172800000000000,202105,737,738,0.0016713908172171061,0.0016713908172171061,0,0,0.096865334757485932,0,0,0.87764838610391716,0.012261166995755189,0.4449547765498359,0.43269360955408182,0.00066574428524091684,2110.8696187103887,2983,1,0,0.0018154103956015027,0.00045287216630350742,0.00070420020181899542,0.0011570723681225028,3,0,1.0028344903302636e-06,5.151114399453355e-05,nan,nan
737,1620259200000000000,202105,738,739,0.0017450530215987964,0.0017450530215987964,0,0,0.098610387779084735,0,0,0.87590333308231849,0.012779329288832311,0.44434133118557501,0.43156200189674387,0.00066574428524091684,2105.9003399495236,2971,1,0,-0.00012915050448100425,0.00045287216630350742,0.00014748833716105942,0.00060036050346456678,2,0,1.0470318129592778e-06,5.1376428797231409e-05,nan,nan
738,1620345600000000000,202105,739,740,0.0014593268209880724,0.0014593268209880724,0,0,0.1000697146000728,0,0,0.87444400626133045,0.013332911777213343,0.44388845901927149,0.4305555472420593,0.00066574428524091684,2102.0096472603195,2965,1,0,-0.0042899500445434504,0.00022022756927159403,0,0.00022022756927159403,1,0,8.7559609259284349e-07,5.1256612766911822e-05,nan,nan
739,1620604800000000000,202105,740,741,0.086735437167603444,0.0011043222020941264,0.085631114965509306,0,0.18680515176767626,0,0.25,0.8861779634608713,0.010355896270402981,0.44826692986563599,0.43791103359523309,0.0006659193250417992,2118.7270200267444,3000,1,0,-0.0060381257874001096,0.00023311512139813993,0,0.00023311512139813993,1,0,5.2041262300562061e-05,5.213226590419441e-05,nan,nan
740,1620691200000000000,202105,741,742,0.0031091355299481013,0.0031091355299481013,0,0,0.18991428729762436,0,0,0.88306882793092323,0.01269096508180096,0.44787989650636095,0.43518893142456011,0.0006659193250417992,2111.6756269228717,2983,1,1,0.0082344016580717019,0,0,0,0,0,1.8654813179688607e-06,5.1808206121971443e-05,0.0082344016580717019,0.0081807279706317629
741,1620777600000000000,202105,742,743,0.0027016128085546268,0.0027016128085546268,0,0,0.19261590010617899,0,0,0.88036721512236837,0.015392577890355565,0.44787989650636095,0.43248731861600553,0.0006659193250417992,2105.7848163419958,2973,1,0,0.00099097502392849011,0.00051052045948277907,0,0.00051052045948277907,1,0,1.620967685132776e-06,5.1486585549524464e-05,nan,nan
742,1620864000000000000,202105,743,744,0.0018926018861672961,0.0018926018861672961,0,0,0.19450850199234629,0,0,0.87847461323620113,0.017003816977981763,0.44773921510709036,0.43073539812910883,0.0006659193250417992,2100.2213502348982,2963,1,0,-0.00010157452871969618,0.00051052045948277907,6.9444444444446387e-06,0.00051746490392722369,2,0,1.1355611317003776e-06,5.1278023586798672e-05,nan,nan
743,1620950400000000000,202105,744,745,0.0030178858449293757,0.0030178858449293757,0,0,0.19752638783727566,0,0,0.87545672739127145,0.018824948281455457,0.4471408378363626,0.4283158895549074,0.0006659193250417992,2092.5703090899897,2948,1,0,-0.0065450119729398952,0,6.9444444444446387e-06,6.9444444444446387e-06,1,0,1.8107315069576254e-06,5.0989986851774692e-05,nan,nan
744,1621209600000000000,202105,745,746,0.083652879316040471,0.0017899396610453844,0.081862939654995068,0,0.28117926715331615,0,0.25,0.88957042275593934,0.015418486412093741,0.45249445458401583,0.43707596817192101,0.00066610838418237862,2118.954189798676,2999,1,0,-0.0022253572183475664,0.00043566024382357617,0,0.00043566024382357617,1,0,5.0191727589624279e-05,5.2032853353800118e-05,nan,nan
745,1621296000000000000,202105,746,747,0.001395552942022578,0.001395552942022578,0,0,0.28257482009533874,0,0,0.8881748698139168,0.016362220686427092,0.45226854525017129,0.43590632456374301,0.00066610838418237862,2115.8926412296269,2991,1,0,-0.0036177372218184315,0.00043566024382357617,0,0.00043566024382357617,1,0,8.373317652135469e-07,5.1893610067112265e-05,nan,nan
746,1621382400000000000,202105,747,748,0.0010075551906806488,0.0010075551906806488,0,0,0.28358237528601937,0,0,0.88716731462323617,0.016498455389460594,0.45183288500634772,0.43533442961688606,0.00066610838418237862,2112.7782129203933,2980,1,1,0.0022508414989661236,0,0,0,0,0,6.0453311440838936e-07,5.1825527335343577e-05,0.0022508414989661236,0.0021984114385163716
747,1621468800000000000,202105,748,749,0.00051795897795513441,0.00051795897795513441,0,0,0.28410033426397452,0,0,0.88664935564528091,0.016787797187927975,0.45171857641660385,0.43493077922867479,0.00066610838418237862,2110.7508848222324,2973,1,1,0.0034627997545121029,0,0,0,0,0,3.1077538677308064e-07,5.1777473717699374e-05,0.0034627997545121029,0.0034107115054076305
748,1621555200000000000,202105,749,750,0.0010716138175809074,0.0010716138175809074,0,0,0.28517194808155544,0,0,0.88557774182769988,0.017859411005508894,0.45171857641660385,0.43385916541109387,0.00066610838418237862,2108.1553441561036,2967,1,0,-0.0026865209792430122,0.00048907414931282376,0,0.00048907414931282376,2,0,6.4296829054854445e-07,5.1649900644177841e-05,nan,nan
749,1621814400000000000,202105,750,751,0.078311528139057451,0.00061854586518694105,0.077692982273870517,0,0.36348347622061289,0,0.25,0.89903728450373499,0.013858467653020904,0.45644787607837806,0.44258940842535638,0.00066620135970507817,2130.0832375952987,3000,1,0,-9.845061868894256e-05,0.00053714810595873819,0,0.00053714810595873819,2,0,4.6986916883434472e-05,5.268921528873291e-05,nan,nan
750,1621900800000000000,202105,751,752,0.0022946536031065493,0.0022946536031065493,0,0,0.36577812982371943,0,0,0.89674263090062833,0.014847748443514186,0.45579518967207139,0.44094744122855645,0.00066620135970507817,2124.1053974608508,2988,1,0,0.0023128241768593204,0,0.00063014375841970627,0.00063014375841970627,1,0,1.3767921618639295e-06,5.2493743003399576e-05,nan,nan
751,1621987200000000000,202105,752,753,0.00062299544554316486,0.00062299544554316486,0,0,0.36640112526926261,0,0,0.89611963545508511,0.015419309046256522,0.45576947225067094,0.44035016320441367,0.00066620135970507817,2122.419018850389,2980,1,0,4.5404060126867285e-05,0,0.00063014375841970627,0.00063014375841970627,1,0,3.7379726732589895e-07,5.2422638476715908e-05,nan,nan
752,1622073600000000000,202105,753,754,0.001769830827710026,0.001769830827710026,0,0,0.36817095609697265,0,0,0.89434980462737468,0.016484254686417611,0.45541702965689651,0.43893277497047817,0.00066620135970507817,2118.3032121657193,2969,1,0,0.0036968844513278506,0,9.0395458655053842e-06,9.0395458655053842e-06,1,0,1.0618984966260156e-06,5.2253901782199786e-05,nan,nan
753,1622160000000000000,202105,754,755,0.0020622762106021382,0.0020622762106021382,0,0,0.37023323230757477,0,0,0.89228752841677283,0.017719981316748006,0.45500375486676065,0.43728377355001197,0.00066620135970507817,2113.2096043011265,2960,1,0,-0.0053671880023545022,0.00052182993400792463,0.00026944279311774162,0.0007912727271256663,3,0,1.2373657263612828e-06,5.2057592089287138e-05,nan,nan
754,1622505600000000000,202106,755,756,0.075398433448192095,0.00055034577401970514,0.074848087674172406,0,0.075398433448192095,0,0.25,0.90515581050564897,0.013702745318074763,0.45942927791186239,0.44572653259378736,0.00066637374265116544,2135.3112524280064,2999,1,0,0.0012375478586250422,0.00053674042835395491,0.0003284359239503254,0.00086517635230428031,2,0,4.523906006891526e-05,5.3062682451641356e-05,nan,nan
755,1622592000000000000,202106,756,757,0.0023817693856134064,0.0023817693856134064,0,0,0.077780202833805503,0,0,0.90277404112003556,0.014424034432628692,0.45859903777633271,0.44417500334370358,0.00066637374265116544,2129.4666513119255,2985,1,0,2.8205505740077626e-05,3.0360902193642867e-06,0,3.0360902193642867e-06,1,0,1.4290616313680439e-06,5.2877976588536136e-05,nan,nan
756,1622678400000000000,202106,757,758,0.00079719490898863955,0.00079719490898863955,0,0,0.078577397742794139,0,0,0.90197684621104701,0.014970075284074767,0.45847346074756146,0.44350338546348617,0.00066637374265116544,2127.3601384124063,2979,1,0,-0.0051223717026109379,0.00046127112376869264,0,0.00046127112376869264,2,0,4.7831694539318369e-07,5.2798022078986451e-05,nan,nan
757,1622764800000000000,202106,758,759,0.00091541271685341452,0.00091541271685341452,0,0,0.079492810459647553,0,0,0.90106143349419365,0.015407616303162473,0.45823452489867861,0.44282690859551566,0.00066637374265116544,2125.0739275596134,2971,1,0,-0.0022700775117320852,0.00045823503354932833,0,0.00045823503354932833,1,0,5.4924763011204875e-07,5.2717489118513768e-05,nan,nan
758,1623024000000000000,202106,759,760,0.0016724364041014179,0.0016724364041014179,0,0,0.081165246863748972,0,0,0.89938899709009223,0.016032416306283406,0.45771070669818842,0.44167829039190448,0.00066637374265116544,2121.1724143156098,2965,1,0,-0.0037234697242642012,0.00041423846250477237,0,0.00041423846250477237,1,0,1.0034618424608506e-06,5.2580748856179108e-05,nan,nan
759,1623110400000000000,202106,760,761,0.078741272867804815,0.0018957266302249685,0.076845546237579845,0,0.15990651973155379,0,0.25,0.90854408891979477,0.01340252743381044,0.46097330817680154,0.44757078074299056,0.00066645817078881211,2137.2030760846696,3000,1,0,-0.004168304566917155,0.00037791726440768473,0,0.00037791726440768473,1,0,4.724476372068289e-05,5.3282235802736972e-05,nan,nan
760,1623196800000000000,202106,761,762,0.0016721541796566107,0.0016721541796566107,0,0,0.16157867391121039,0,0,0.90687193474013794,0.0131673307743045,0.46001963275722035,0.44685230198291526,0.00066645817078881211,2132.2221247474945,2987,1,0,0.0013554352965321464,0,0.00028485077896573996,0.00028485077896573996,1,0,1.0032925077939664e-06,5.3196702617013728e-05,nan,nan
761,1623283200000000000,202106,762,763,0.0012265882499647991,0.0012265882499647991,0,0,0.16280526216117519,0,0,0.90564534649017292,0.014257250243286564,0.45995129836672899,0.44569404812344182,0.00066645817078881211,2129.2871097813086,2979,1,0,-0.0040514141027347432,0,0.00029134357939499103,0.00029134357939499103,2,0,7.3595294997887947e-07,5.3058815252790697e-05,nan,nan
762,1623369600000000000,202106,763,764,0.0010154823181803955,0.0010154823181803955,0,0,0.16382074447935557,0,0,0.90462986417199243,0.015108387198842995,0.45986912568541705,0.44476073848657338,0.00066645817078881211,2126.4879338910469,2971,1,0,0.0060586724367737224,0,0.00083386317435033463,0.00083386317435033463,4,0,6.0928939090823731e-07,5.2947706962687305e-05,nan,nan
763,1623628800000000000,202106,764,765,0.0025776296238759293,0.0025776296238759293,0,0,0.16639837410323149,0,0,0.90205223454811667,0.017686016822718843,0.45986912568541705,0.4421831088626974,0.00066645817078881211,2121.4148012268224,2961,1,0,-0.0016873594886079467,0.0005624734434425847,0.00082737037392108356,0.0013898438173636683,4,0,1.5465777743255575e-06,5.2640846293178268e-05,nan,nan
764,1623715200000000000,202106,765,766,0.0835080432127734,0.0012142042452409859,0.082293838967532451,0,0.24990641731600488,0,0.25,0.90869335961289222,0.01417516580096978,0.46143426270693139,0.44725909690596105,0.00066645906273960051,2134.9265356274727,2997,1,0,-0.0096348984933194159,0.00069191251043699295,0,0.00069191251043699295,2,0,5.0104825927664043e-05,5.3245130584042985e-05,nan,nan
765,1623801600000000000,202106,766,767,0.0014517224305510565,0.0014517224305510565,0,0,0.25135813974655596,0,0,0.90724163718234152,0.013652872346136588,0.46044725476423926,0.44679438241810204,0.00066645906273960051,2130.9780847642633,2984,1,0,-0.0056303694404946638,0.00012115045183609411,0,0.00012115045183609411,1,0,8.7103345833063395e-07,5.3189807430726434e-05,nan,nan
766,1623888000000000000,202106,767,768,0.00057267030370448718,0.00057267030370448718,0,0,0.25193081005026047,0,0,0.90666896687863707,0.013983241746168908,0.46032610431240323,0.44634286256623368,0.00066645906273960051,2129.0850363224254,2977,1,1,0.0090476454669604148,0,0,0,0,0,3.4360218222269227e-07,5.313605506740877e-05,0.0090476454669604148,0.0089941658097107829
767,1623974400000000000,202106,768,769,0.0016907983629211275,0.0016907983629211275,0,0,0.2536216084131816,0,0,0.90497816851571589,0.015644030651178517,0.46031109958344746,0.44466706893226832,0.00066645906273960051,2124.0114193043742,2967,1,0,0.00024069046911540643,0.00030812241123942275,0,0.00030812241123942275,1,0,1.0144790177526764e-06,5.2936555825270036e-05,nan,nan
768,1624233600000000000,202106,769,770,0.00071652406862175255,0.00071652406862175255,0,0,0.25433813248180337,0,0,0.904261644447094,0.015590794744121842,0.45992621959560825,0.44433542485148575,0.00066645906273960051,2121.5158306761527,2956,1,0,-0.0013517831559305032,0.00030812241123942275,0,0.00030812241123942275,1,0,4.2991444117305156e-07,5.2897074387081637e-05,nan,nan
769,1624320000000000000,202106,770,771,0.08226125600292776,0.0017853225837133413,0.080475933419214427,0,0.33659938848473114,0,0.25,0.91096166404691159,0.011818169183824159,0.46138991661536649,0.44957174743154193,0.00066629273873258993,2136.1605941576427,2999,1,1,-5.1370526585212566e-05,0,0,0,0,0,4.9356753601756654e-05,5.3520446122802609e-05,-5.1370526585212566e-05,-0.00015424772630977184
770,1624406400000000000,202106,771,772,0.0012150189347371648,0.0012150189347371648,0,0,0.33781440741946833,0,0,0.90974664511217418,0.013033188118561351,0.46138991661536649,0.4483567284968048,0.00066629273873258993,2133.4270350721758,2989,1,1,0.00064914117067056351,0,0,0,0,0,7.2901136084229893e-07,5.3375801011524386e-05,0.00064914117067056351,0.00059503635829819684
771,1624492800000000000,202106,772,773,0.0027636906900789793,0.0027636906900789793,0,0,0.34057809810954731,0,0,0.90698295442209498,0.015554442703104458,0.4612686985625985,0.44571425585949376,0.00066629273873258993,2127.6503453977552,2973,1,1,-0.0040974153349431289,0,0,0,0,0,1.6582144140473875e-06,5.3061220935654021e-05,-0.0040974153349431289,-0.0041521347702928304
772,1624579200000000000,202106,773,774,0.00053809351488872715,0.00053809351488872715,0,0,0.34111619162443602,0,0,0.90644486090720633,0.016092536217993159,0.4612686985625985,0.44517616234460505,0.00066629273873258993,2125.7174621978429,2967,1,1,0.0025213761942088765,0,0,0,0,0,3.2285610893323632e-07,5.299716218388156e-05,0.0025213761942088765,0.0024680561759160614
773,1624838400000000000,202106,774,775,0.002083149407582828,0.002083149407582828,0,0,0.34319934103201882,0,0,0.90436171149962352,0.017700899826512413,0.46103130566306677,0.44333040583655398,0.00066629273873258993,2122.3773256259337,2960,1,0,0.0039382594721832226,0,0.00037670771936623471,0.00037670771936623471,1,0,1.2498896445496969e-06,5.2777429266256425e-05,nan,nan
774,1624924800000000000,202106,775,776,0.076119335008028796,0.00083813524466614276,0.075281199763362699,0,0.41931867604004763,0,0.25,0.91333088904245696,0.013904276303384425,0.46361758267291958,0.4497133063695346,0.00066633066516055242,2139.7702908166248,3000,1,0,0.0030030631165199528,0.0010323512032898849,0.00039758634508023068,0.0014299375483701154,4,0,4.5671601004817274e-05,5.3537298377325545e-05,nan,nan
775,1625011200000000000,202106,776,777,0.001234524807353784,0.001234524807353784,0,0,0.42055320084740144,0,0,0.91209636423510321,0.015130043568798508,0.46361320390194971,0.44848316033315072,0.00066633066516055242,2135.7887315387693,2989,1,0,0.0025922590883452343,0.0010323512032898849,0,0.0010323512032898849,3,0,7.4071488441227037e-07,5.3390852420613176e-05,nan,nan
776,1625097600000000000,202107,777,778,0.0016215095007721186,0.0016215095007721186,0,0,0.0016215095007721186,0,0,0.9104748547343311,0.014404242608870759,0.46243954867159975,0.44803530606272846,0.00066633066516055242,2131.0823590570171,2980,1,1,-0.0024686589655350897,0,0,0,0,0,9.7290570046327129e-07,5.3337536436039104e-05,-0.0024686589655350897,-0.0025229694076715917
777,1625184000000000000,202107,778,779,0.0014575696721979736,0.0014575696721979736,0,0,0.0030790791729700924,0,0,0.90901728506213308,0.015169230575907534,0.46209325781901917,0.44692402724311114,0.00066633066516055242,2127.5692055465011,2971,1,1,0.0053961903622523439,0,0,0,0,0,8.7454180331878431e-07,5.320524133846562e-05,0.0053961903622523439,0.0053421105791105596
778,1625529600000000000,202107,779,780,0.0014947437441987874,0.0014947437441987874,0,0,0.0045738229171688799,0,0,0.90752254131793431,0.016540634221392642,0.4620315877696623,0.44549095354826934,0.00066633066516055242,2124.0852922208551,2964,1,1,-0.0030524145585217955,0,0,0,0,0,8.9684624651927246e-07,5.3034637327174916e-05,-0.0030524145585217955,-0.0031063460420954897
779,1625616000000000000,202107,780,781,0.072469145039560215,0.0013895804387975804,0.071079564600762604,0,0.077042967956729089,0,0.25,0.91692365224764705,0.013094128917637581,0.465008890582642,0.45191476166500461,0.00066635918403094017,2142.1297754875923,3000,1,1,0.004074162675759118,0,0,0,0,0,4.3481487023736131e-05,5.3799376388691025e-05,0.004074162675759118,0.0039768818123466906
780,1625702400000000000,202107,781,782,0.0019099152112909993,0.0019099152112909993,0,0,0.078952883168020085,0,0,0.91501373703635636,0.015004044128928607,0.465008890582642,0.45000484645371364,0.00066635918403094017,2136.3809611040347,2988,1,1,0.0045223652343572233,0,0,0,0,0,1.1459491267745996e-06,5.3572005530204009e-05,0.0045223652343572233,0.0044676472797002447
781,1625788800000000000,202107,782,783,0.0013007760451008638,0.0013007760451008638,0,0,0.080253659213120943,0,0,0.91371296099125543,0.016304820174029434,0.465008890582642,0.44870407040861277,0.00066635918403094017,2133.4170957153196,2981,1,1,5.9256437619967353e-05,0,0,0,0,0,7.8046562706051819e-07,5.3417151239120566e-05,5.9256437619967353e-05,5.0588207537862693e-06
782,1626048000000000000,202107,783,784,0.0027480205123555355,0.0027480205123555355,0,0,0.083001679725476479,0,0,0.91096494047889998,0.018613852794685512,0.46478939663679225,0.44617554384210706,0.00066635918403094017,2125.840635377313,2969,1,0,0.0054314499681021441,0.00010961160012652152,7.7222256543222067e-06,0.00011733382578084373,2,0,1.6488123074133214e-06,5.3116136171679412e-05,nan,nan
783,1626134400000000000,202107,784,785,0.0014104548287144068,0.0014104548287144068,0,0,0.084412134554190887,0,0,0.90955448565018537,0.02002430762339992,0.46478939663679225,0.44476508901339268,0.00066635918403094017,2123.3559621221693,2962,1,0,0.00056130870444365982,0.00010961160012652152,0.0012720562002895331,0.0013816678004160547,4,0,8.4627289722864415e-07,5.294822488254675e-05,nan,nan
784,1626220800000000000,202107,785,786,0.071301157927746078,0.00081959628895536963,0.070481561638790713,0,0.15571329248193697,0,0.25,0.92045938192794408,0.015468510534077447,0.46796394623100973,0.45249543569693162,0.00066649346518290672,2148.5222129687268,2998,1,0,-0.0027661889730117091,0,0.00124030967520011,0.00124030967520011,2,0,4.2780694756647646e-05,5.3868504249634716e-05,nan,nan
785,1626307200000000000,202107,786,787,0.0025492317791766458,0.0025492317791766458,0,0,0.15826252426111362,0,0,0.91791015014876731,0.018017742313253995,0.46796394623100973,0.44994620391775503,0.00066649346518290672,2144.3988715621977,2987,1,0,-0.0073578627784007247,0.00013502648870241941,0,0.00013502648870241941,1,0,1.5295390675059875e-06,5.3565024275923211e-05,nan,nan
786,1626393600000000000,202107,787,788,0.0004022017441848055,0.0004022017441848055,0,0,0.15866472600529843,0,0,0.91750794840458239,0.018419944057438773,0.46796394623100973,0.44954400217357016,0.00066649346518290672,2142.914118293822,2981,1,0,0.0034330343606802094,0.00013502648870241941,0,0.00013502648870241941,1,0,2.4132104651088335e-07,5.3517143115901206e-05,nan,nan
787,1626652800000000000,202107,788,789,0.0013226259926638691,0.0013226259926638691,0,0,0.1599873519979623,0,0,0.91618532241191841,0.019472517072697853,0.46782891974230739,0.44835640266960874,0.00066649346518290672,2139.5906743957639,2973,1,0,0.00095092047558787297,0.00058404633448757475,0.00018283942316818069,0.00076688575765575544,3,0,7.9357559559832152e-07,5.337576222257247e-05,nan,nan
788,1626739200000000000,202107,789,790,0.00067572109927177646,0.00067572109927177646,0,0,0.16066307309723407,0,0,0.91550960131264647,0.019754536081160613,0.46763206869690288,0.44787753261574148,0.00066649346518290672,2137.0341450283868,2966,1,0,0.0019048248186293456,0.00058404633448757475,0.00018283942316818069,0.00076688575765575544,3,0,4.054326595630659e-07,5.3318753882826364e-05,nan,nan
789,1626825600000000000,202107,790,791,0.07697699903503423,0.0025380340354227001,0.074438964999611515,0,0.23764007213226829,0,0.25,0.92153190903960758,0.015843358085706395,0.46868763356265808,0.45284427547695089,0.00066664795078844779,2150.6018979807086,2997,1,1,0.0068740187567682461,0,0,0,0,0,4.6186199421020538e-05,5.3910032794875103e-05,0.0068740187567682461,0.0067739225245523503
790,1626912000000000000,202107,791,792,0.00052623921070153528,0.00052623921070153528,0,0,0.23816631134296981,0,0,0.92100566982890586,0.016006550284186325,0.4685061100565473,0.45249955977236017,0.00066664795078844779,2148.585980257847,2988,1,0,0.0047900146068745745,0.00059258893257120278,0,0.00059258893257120278,1,0,3.1574352642092119e-07,5.3868995210995258e-05,nan,nan
791,1626998400000000000,202107,792,793,0.0003940740486376131,0.0003940740486376131,0,0,0.23856038539160743,0,0,0.92061159578026819,0.016268434203191209,0.46844001499173094,0.45217158078853886,0.00066664795078844779,2147.1152208104677,2982,1,0,0.0021467093974792454,0.0012160872647315173,1.3690427391972034e-05,0.0012297776921234894,3,0,2.3644442918256786e-07,5.3829950093873674e-05,nan,nan
792,1627257600000000000,202107,793,794,0.0031446959315543526,0.0031446959315543526,0,0,0.24170508132316179,0,0,0.91746689984871377,0.018219015572560109,0.46784295771063822,0.44962394213807733,0.00066664795078844779,2141.764501347544,2973,1,0,-0.0083519488691778908,0.00062349833216031466,1.3690427391972034e-05,0.00063718875955228675,2,0,1.8868175589326117e-06,5.3526659778342544e-05,nan,nan
793,1627344000000000000,202107,794,795,0.0019905632531055251,0.0019905632531055251,0,0,0.24369564457626733,0,0,0.91547633659560823,0.018866840534184019,0.46717158856489749,0.44830474803071257,0.00066664795078844779,2137.4803790029682,2963,1,1,0.0056755462584448056,0,0,0,0,0,1.1943379518633151e-06,5.3369612860799121e-05,0.0056755462584448056,0.0056209823076321438
794,1627430400000000000,202107,795,796,0.078327080252111769,0.0016309932954779931,0.076696086956633713,0,0.32202272482837913,0,0.25,0.92096424040067659,0.01537337537224613,0.46816880788646209,0.45279543251421533,0.00066659774064955764,2150.5478963187461,3000,1,0,0.00029472155054777313,0.00058381792622559073,0,0.00058381792622559073,1,0,4.6996248151267061e-05,5.3904218156454203e-05,nan,nan
795,1627516800000000000,202107,796,797,0.0011038189213554862,0.0011038189213554862,0,0,0.3231265437497346,0,0,0.9198604214793209,0.015929759692543656,0.46789509058593315,0.45196533089338881,0.00066659774064955764,2146.979959853315,2986,1,0,-0.0022512410015050918,0.00058381792622559073,0,0.00058381792622559073,1,0,6.6229135281329167e-07,5.3805396534927246e-05,nan,nan
796,1627603200000000000,202107,797,798,0.0012314764952432297,0.0012314764952432297,0,0,0.32435802024497784,0,0,0.91862894498407754,0.015993600335335718,0.46731127265970757,0.45131767232437109,0.00066659774064955764,2143.9511166650018,2978,1,1,0.0057086058434605126,0,0,0,0,0,7.3888589714593786e-07,5.3728294324329893e-05,0.0057086058434605126,0.005654138663239037
797,1627862400000000000,202108,798,799,0.0013335879812670605,0.0013335879812670605,0,0,0.0013335879812670605,0,0,0.91729535700281029,0.017327188316602789,0.46731127265970757,0.44998408434310394,0.00066659774064955764,2140.6004623909348,2972,1,0,-0.0033350730224824955,0.00041755392468336095,0,0.00041755392468336095,1,0,8.0015278876023624e-07,5.3569533850369511e-05,nan,nan
798,1627948800000000000,202108,799,800,0.0013069713970480415,0.0013069713970480415,0,0,0.0026405593783151021,0,0,0.91598838560576235,0.018135462916926335,0.46706192426134535,0.44892646134441805,0.00066659774064955764,2137.2763385740586,2963,1,0,-0.00079803571916883321,0.00041755392468336095,0,0.00041755392468336095,1,0,7.8418283822882484e-07,5.3443626350525959e-05,nan,nan
799,1628035200000000000,202108,800,801,0.07526596487328796,0.00059980554436934173,0.074666159328918624,0,0.077906524251603063,0,0.25,0.92202202038049674,0.013300451831173605,0.46766123610583382,0.45436078427465942,0.00066664610983576842,2149.2873031775471,2999,1,1,0.0039788885775175874,0,0,0,0,0,4.5159578923972779e-05,5.4090569556507072e-05,0.0039788885775175874,0.0038796384290371078
800,1628121600000000000,202108,801,802,0.0010484088472326582,0.0010484088472326582,0,0,0.078954933098835722,0,0,0.92097361153326396,0.014258473468338079,0.46761604250079969,0.45335756903246088,0.00066664610983576842,2146.679636017856,2990,1,1,-0.002973210364710174,0,0,0,0,0,6.2904530833959495e-07,5.3971139170531059e-05,-0.002973210364710174,-0.0030278105491890446
801,1628208000000000000,202108,802,803,0.0018559126943696437,0.0018559126943696437,0,0,0.080810845793205369,0,0,0.91911769883889438,0.016031243899949393,0.46757447136942049,0.45154322746947045,0.00066664610983576842,2142.3378884141021,2981,1,1,0.0046973325612140269,0,0,0,0,0,1.1135476166217863e-06,5.3755146127317918e-05,0.0046973325612140269,0.0046424638674700874
802,1628467200000000000,202108,803,804,0.00087512702654442493,0.00087512702654442493,0,0,0.081685972819749791,0,0,0.91824257181234992,0.016619265733147544,0.46743091877274734,0.45081165303959919,0.00066664610983576842,2139.4851429486694,2973,1,1,0.0045543112867861141,0,0,0,0,0,5.2507621592665497e-07,5.3668053933285621e-05,0.0045543112867861141,0.0045001181566369022
803,1628553600000000000,202108,804,805,0.00068705449859576557,0.00068705449859576557,0,0,0.08237302731834556,0,0,0.91755551731375429,0.017306320231743395,0.46743091877274734,0.4501245985410034,0.00066664610983576842,2137.811295480959,2970,1,1,0.0015679336050028992,0,0,0,0,0,4.1223269915745932e-07,5.3586261731071838e-05,0.0015679336050028992,0.0015139351105726698
804,1628640000000000000,202108,805,806,0.076224466270629246,0.0015613842097664465,0.074663082060862793,0,0.15859749358897479,0,0.25,0.92212080226109638,0.013544157351514659,0.46783247980630704,0.45428832245479084,0.00066661968894328395,2146.3866492478123,3000,1,1,0.0038761019009722077,0,0,0,0,0,4.5734679762377551e-05,5.4081943149379856e-05,0.0038761019009722077,0.0037762852780604504
805,1628726400000000000,202108,806,807,0.002252818404488707,0.002252818404488707,0,0,0.1608503119934635,0,0,0.91986798385660773,0.015010131903521122,0.4674390578800659,0.45242892597654327,0.00066661968894328395,2140.6972838617389,2987,1,1,0.00594745006847925,0,0,0,0,0,1.3516910426932243e-06,5.3860586425778959e-05,0.00594745006847925,0.0058922377910107784
806,1628812800000000000,202108,807,808,0.0024823566147487331,0.0024823566147487331,0,0,0.16333266860821224,0,0,0.9173856272418589,0.017456924341845932,0.46742127579185394,0.44996435145000657,0.00066661968894328395,2136.1141552382123,2981,1,1,-0.00071060605656032491,0,0,0,0,0,1.4894139688492398e-06,5.3567184696429351e-05,-0.00071060605656032491,-0.00076566265522560355
807,1629072000000000000,202108,808,809,5.3168954781482192e-05,5.3168954781482192e-05,0,0,0.16338583756299371,0,0,0.91733245828707732,0.017510093296627401,0.46742127579185394,0.44991118249522505,0.00066661968894328395,2135.8718835719042,2976,1,0,-0.0022282637305437308,0,0.00051814966909058153,0.00051814966909058153,1,0,3.1901372868889311e-08,5.3560855058955364e-05,nan,nan
808,1629158400000000000,202108,809,810,0.0018979457022917977,0.0018979457022917977,0,0,0.16528378326528551,0,0,0.9154345125847857,0.019194379246013811,0.46731444591540128,0.44812006666938597,0.00066661968894328395,2132.3194076095037,2968,1,0,0.0042763059997235472,0,0.00051814966909058153,0.00051814966909058153,1,0,1.1387674213750786e-06,5.3347626984450716e-05,nan,nan
809,1629244800000000000,202108,810,811,0.078555583926272363,0.0028522859918464582,0.075703297934425914,0,0.24383936719155785,0,0.25,0.91982594299761766,0.016534998928395682,0.46818047096300802,0.45164547203461275,0.00066669164339141541,2144.3345432600941,2999,1,1,-0.0026727805794230096,0,0,0,0,0,4.7133350355763414e-05,5.3767318099358664e-05,-0.0026727805794230096,-0.0027736812478781317
810,1629331200000000000,202108,811,812,0.001058665191284878,0.001058665191284878,0,0,0.24489803238284275,0,0,0.91876727780633294,0.017593664119680608,0.46818047096300802,0.45058680684332786,0.00066669164339141541,2141.8740871607802,2991,1,1,-0.0074717885318353943,0,0,0,0,0,6.3519911477092676e-07,5.3641286528967602e-05,-0.0074717885318353943,-0.0075260650174791329
811,1629417600000000000,202108,812,813,0.0025668213286442355,0.0025668213286442355,0,0,0.24746485371148699,0,0,0.916200456477689,0.019300153336227401,0.46775030490695935,0.44845015157073231,0.00066669164339141541,2135.498574159069,2979,1,1,-0.0039592356835744316,0,0,0,0,0,1.5400927971865413e-06,5.3386922806039557e-05,-0.0039592356835744316,-0.0040141626991776575
812,1629676800000000000,202108,813,814,0.00025877930306939033,0.00025877930306939033,0,0,0.24772363301455638,0,0,0.9159416771746195,0.019558932639296832,0.46775030490695935,0.44819137226766298,0.00066669164339141541,2134.6127949139682,2974,1,0,0.0015901624763609355,0,0.00012959193509938399,0.00012959193509938399,2,0,1.552675818416342e-07,5.3356115746150351e-05,nan,nan
813,1629763200000000000,202108,814,815,0.0007520491050677714,0.0007520491050677714,0,0,0.24847568211962415,0,0,0.91518962806955184,0.019395440050758279,0.46729253406015614,0.44789709400939826,0.00066669164339141541,2132.1355628210795,2966,1,0,0.00042951288526641893,0.00064485930470938317,0.00012959193509938399,0.00077445123980876714,4,0,4.5122946304066278e-07,5.3321082620166452e-05,nan,nan
814,1629849600000000000,202108,815,816,0.077383687967824299,0.00070754201704892772,0.076676145950775335,0,0.32585937008744847,0,0.25,0.91956003567715672,0.014864085745734877,0.46721206071144694,0.45234797496571194,0.00066664867942226947,2141.130071679323,2998,1,0,-0.0020090828261599999,0.0008201945826449297,0,0.0008201945826449297,3,0,4.6430212780694581e-05,5.3850949400679988e-05,nan,nan
815,1629936000000000000,202108,816,817,0.0026078299313131593,0.0026078299313131593,0,0,0.32846720001876162,0,0,0.91695220574584391,0.01417272291452989,0.46556246433018789,0.4513897414156578,0.00066664867942226947,2134.4916090198603,2988,1,0,0.0011083547255770242,0.0002868231384393641,0,0.0002868231384393641,2,0,1.5646979587878955e-06,5.3736873978054501e-05,nan,nan
816,1630022400000000000,202108,817,818,0.0015077279893844393,0.0015077279893844393,0,0,0.32997492800814604,0,0,0.91544447775645932,0.015356522497561927,0.46540050012701167,0.45004397762944953,0.00066664867942226947,2131.1110909110412,2977,1,0,-0.0036118687987069143,0.00073887717442192632,0,0.00073887717442192632,3,0,9.0463679363066361e-07,5.3576664003505896e-05,nan,nan
817,1630281600000000000,202108,818,819,0.00085090415924693561,0.00085090415924693561,0,0,0.33082583216739297,0,0,0.91459357359721249,0.015708016612396725,0.46515079510480561,0.4494427784924086,0.00066664867942226947,2128.3637005991473,2969,1,0,-0.0027636062935978054,0.00061401823915876606,7.954693607888754e-06,0.00062197293276665486,3,0,5.1054249554816141e-07,5.3505092677667688e-05,nan,nan
818,1630368000000000000,202108,819,820,0.0016969636242709428,0.0016969636242709428,0,0,0.33252279579166394,0,0,0.91289660997294153,0.015458382452852061,0.46417749621289783,0.44871911376004547,0.00066664867942226947,2124.0788252473435,2959,1,0,-0.00041448009987343532,0.00020934966871505827,7.954693607888754e-06,0.00021730436232294701,2,0,1.0181781745625655e-06,5.3418942114291124e-05,nan,nan
819,1630454400000000000,202109,820,821,0.076574763388437939,0.00057565956718648101,0.07599910382125144,0,0.076574763388437939,0,0.25,0.91742508473563489,0.011838330054783705,0.46463170739520898,0.45279337734042574,0.00066629477137710325,2131.7964714036602,2999,1,0,0.0013521721804662713,0.0001818229117090205,0,0.0001818229117090205,1,0,4.5944858033062765e-05,5.3903973492907822e-05,nan,nan
820,1630540800000000000,202109,821,822,0.0013283428311250552,0.0013283428311250552,0,0,0.077903106219562993,0,0,0.91609674190450996,0.012777381292716598,0.46443706159861287,0.45165968030589682,0.00066629477137710325,2129.15209663106,2991,1,1,-0.0024894796740830721,0,0,0,0,0,7.9700569867503303e-07,5.3769009560225814e-05,-0.0024894796740830721,-0.0025440456893419728
821,1630627200000000000,202109,822,823,0.0013115378857722576,0.0013115378857722576,0,0,0.079214644105335255,0,0,0.91478520401873775,0.013757409312083326,0.46427130666540994,0.45051389735332736,0.00066629477137710325,2125.893597935456,2984,1,1,0.0052017169392891372,0,0,0,0,0,7.8692273146335457e-07,5.3632606827777071e-05,0.0052017169392891372,0.005147297409729897
822,1630972800000000000,202109,823,824,0.0010583478043891068,0.0010583478043891068,0,0,0.080272991909724367,0,0,0.91372685621434868,0.014719448283973084,0.46422315224916033,0.44950370396518796,0.00066629477137710325,2123.7846834664015,2977,1,0,-0.0024375967392868043,0,0.00031332327378987056,0.00031332327378987056,1,0,6.3500868263346407e-07,5.3512345710141421e-05,nan,nan
823,1631059200000000000,202109,824,825,0.00062289454696202193,0.00062289454696202193,0,0,0.080895886456686383,0,0,0.91310396166738661,0.015342342830935107,0.46422315224916033,0.44888080941822589,0.00066629477137710325,2122.9854065680975,2976,1,0,0.0012457314557448441,0,0.00031332327378987056,0.00031332327378987056,1,0,3.7373672817721316e-07,5.3438191597407847e-05,nan,nan
824,1631145600000000000,202109,825,826,0.075092633094014163,0.0013925885710118014,0.073700044523002342,0,0.15598851955070053,0,0.25,0.91846493392690376,0.011708812661609348,0.46508687329425608,0.45337806063264746,0.00066604352231049765,2132.5316382920005,2999,1,1,-0.00073323307958215686,0,0,0,0,0,4.5055579856408503e-05,5.3973578646743748e-05,-0.00073323307958215686,-0.00083226223808530913
825,1631232000000000000,202109,826,827,0.0009063302091713647,0.0009063302091713647,0,0,0.15689484975987189,0,0,0.91755860371773246,0.012514276360527489,0.46503644003912947,0.45252216367860271,0.00066604352231049765,2130.3481965471933,2990,1,0,0.0033983241554996712,0,8.9056784867618037e-05,8.9056784867618037e-05,1,0,5.4379812550281884e-07,5.3871686152214602e-05,nan,nan
826,1631491200000000000,202109,827,828,0.00061022453213936678,0.00061022453213936678,0,0,0.15750507429201127,0,0,0.91694837918559302,0.012685595633035356,0.46481698740931376,0.45213139177627887,0.00066604352231049765,2128.3056257750677,2983,1,0,0.0018517849371331536,6.8542644372701148e-05,8.9056784867618037e-05,0.0001575994292403192,2,0,3.6613471928362006e-07,5.3825165687652252e-05,nan,nan
827,1631577600000000000,202109,828,829,0.0015476425278713518,0.0015476425278713518,0,0,0.15905271681988262,0,0,0.91540073665772159,0.014039312417552728,0.46472002453763678,0.45068071212008465,0.00066604352231049765,2124.94820712007,2972,1,0,-0.00023696557937954372,6.8542644372701148e-05,0,6.8542644372701148e-05,1,0,9.2858551672281108e-07,5.3652465728581508e-05,nan,nan
828,1631664000000000000,202109,829,830,0.00057794882395801976,0.00057794882395801976,0,0,0.15963066564384062,0,0,0.91482278783376358,0.014155554097668088,0.46448917096571546,0.45033361686804796,0.00066604352231049765,2122.6723370995396,2962,1,1,-0.0077322964277711142,0,0,0,0,0,3.4676929437481182e-07,5.3611144865243803e-05,-0.0077322964277711142,-0.0077862543419307331
829,1631750400000000000,202109,830,831,0.071645716408160975,0.00081750657716367673,0.070828209830997302,0,0.2312763820520016,0,0.25,0.92089992427330702,0.010916254105501946,0.46590808918940296,0.45499183508390173,0.00066577496712896431,2133.6053083970642,3000,1,1,0.0034063163210691669,0,0,0,0,0,4.2987429844896588e-05,5.4165694652845439e-05,0.0034063163210691669,0.0033091631965714249
830,1631836800000000000,202109,831,832,0.0013047417488633631,0.0013047417488633631,0,0,0.23258112380086496,0,0,0.91959518252444372,0.011980216722139355,0.46578769962329003,0.45380748290115136,0.00066577496712896431,2130.9614769984059,2992,1,0,-0.00075905661260599006,0.00018082351288533109,0,0.00018082351288533109,1,0,7.8284504931801776e-07,5.4024700345375155e-05,nan,nan
831,1632096000000000000,202109,832,833,0.0044365922650230778,0.0044365922650230778,0,0,0.23701771606588803,0,0,0.9151585902594207,0.016416808987162475,0.46578769962329003,0.44937089063612834,0.00066577496712896431,2120.8709340434502,2975,1,0,0.00027034898813363948,0.00071575430757099697,0,0.00071575430757099697,2,0,2.6619553590138465e-06,5.3496534599539086e-05,nan,nan
832,1632182400000000000,202109,833,834,0.0009108052294870267,0.0009108052294870267,0,0,0.23792852129537506,0,0,0.91424778502993365,0.016583121063207844,0.46541545304656917,0.44883233198336225,0.00066577496712896431,2118.3322440275238,2964,1,0,0.00059842819190704161,0.0010821953878586113,0,0.0010821953878586113,2,0,5.4648313769221598e-07,5.3432420474209798e-05,nan,nan
833,1632268800000000000,202109,834,835,0.00063086574702093565,0.00063086574702093565,0,0,0.23855938704239599,0,0,0.91361691928291278,0.015969920125061828,0.46479341970398569,0.44882349957892476,0.00066577496712896431,2116.9708375735549,2959,1,0,0.0033140633391873647,0.00054726459317294555,0,0.00054726459317294555,1,0,3.7851944821256142e-07,5.3431368997491041e-05,nan,nan
834,1632355200000000000,202109,835,836,0.069441895060181003,0.00075406693219120776,0.068687828127989861,0,0.30800128210257699,0,0.25,0.92127827298456955,0.011722093403181068,0.4665001831938751,0.45477808979069417,0.00066558836973003581,2133.0848680351542,2999,1,1,-0.0070669266370212173,0,0,0,0,0,4.1665137036108604e-05,5.4140248784606448e-05,-0.0070669266370212173,-0.0071627320228419321
835,1632441600000000000,202109,836,837,0.0020257368388907761,0.0020257368388907761,0,0,0.31002701894146778,0,0,0.91925253614567848,0.013747830242071872,0.4665001831938751,0.45275235295180333,0.00066558836973003581,2127.4395892558932,2987,1,1,-9.6318023689179343e-05,0,0,0,0,0,1.2154421033344656e-06,5.3899089637119443e-05,-9.6318023689179343e-05,-0.00015143255542963326
836,1632700800000000000,202109,837,838,0.0024663299535777183,0.0024663299535777183,0,0,0.31249334889504549,0,0,0.91678620619210083,0.016214160195649516,0.4665001831938751,0.45028602299822562,0.00066558836973003581,2121.8411340913017,2972,1,1,0.0046507726640849685,0,0,0,0,0,1.479797972146631e-06,5.3605478928360192e-05,0.0046507726640849685,0.0045956873871844618
837,1632787200000000000,202109,838,839,0.0011459807339371617,0.0011459807339371617,0,0,0.31363932962898267,0,0,0.91564022545816348,0.017360140929586695,0.4665001831938751,0.44914004226428839,0.00066558836973003581,2119.1850072993825,2967,1,1,-0.0043422425877308966,0,0,0,0,0,6.8758844036229705e-07,5.3469052650510524e-05,-0.0043422425877308966,-0.0043963992288217693
838,1632873600000000000,202109,839,840,0.0012633731481272576,0.0012633731481272576,0,0,0.31490270277710991,0,0,0.91437685231003651,0.018623514077713933,0.4665001831938751,0.4478766691161612,0.00066558836973003581,2116.5136331081394,2963,1,0,0.00060888585022676116,0.00028127848532423521,0,0.00028127848532423521,2,0,7.580238888763545e-07,5.3318651085257282e-05,nan,nan
839,1632960000000000000,202109,840,841,0.066557633234841693,0.0010906175245811417,0.065467015710260548,0,0.38146033601195162,0,0.25,0.92366879148174919,0.014785598701721504,0.46922719509173488,0.45444159639001191,0.00066578036925515069,2137.1632832219889,3000,1,0,0.0038086623897139967,0.00036848150453541034,0.00090782822083563576,0.001276309725371046,4,0,3.9934579940905012e-05,5.4100190046429996e-05,nan,nan
840,1633046400000000000,202110,841,842,0.00064385107595526917,0.00064385107595526917,0,0,0.00064385107595526917,0,0,0.92302494040579397,0.014692486768605989,0.46885871358719949,0.45416622681859203,0.00066578036925515069,2134.9936639578491,2991,1,0,0.0021617760198913154,0.00021437189742641271,0.0009092187808686711,0.0011235906782950838,4,0,3.863106455731615e-07,5.4067407954594289e-05,nan,nan
841,1633305600000000000,202110,842,843,0.0029149492433131752,0.0029149492433131752,0,0,0.0035588003192684441,0,0,0.92010999116248093,0.017607436011919182,0.46885871358719949,0.451251277575279,0.00066578036925515069,2129.2553729671135,2979,1,0,0.0017672472738491584,0.00021437189742641271,1.3905600330352877e-06,0.00021576245745944799,2,0,1.7489695459879052e-06,5.3720390187533211e-05,nan,nan
842,1633392000000000000,202110,843,844,0.001640234059022441,0.001640234059022441,0,0,0.0051990343782908847,0,0,0.91846975710345879,0.01881892627608879,0.46864434168977304,0.44982541541368293,0.00066578036925515069,2125.4746074631298,2966,1,1,-0.0021419772059794282,0,0,0,0,0,9.8414043541346459e-07,5.3550644692105114e-05,-0.0021419772059794282,-0.0021965119911069469
843,1633478400000000000,202110,844,845,7.2391811167103409e-05,7.2391811167103409e-05,0,0,0.0052714261894579884,0,0,0.91839736529229166,0.018891318087255894,0.46864434168977304,0.44975302360251584,0.00066578036925515069,2125.1676306768118,2965,1,0,-0.00074412610708934912,5.0584693512432678e-05,0,5.0584693512432678e-05,1,0,4.3435086700262042e-08,5.3542026619347118e-05,nan,nan
844,1633564800000000000,202110,845,846,0.066121548183858361,0.0021469799499514238,0.063974568233906917,0,0.071392974373316348,0,0.25,0.92667371725501191,0.015778723527905339,0.47122622039145878,0.45544749686355451,0.00066557358105516452,2143.5848203232076,3000,1,0,-0.00099387231916473699,0.00012076808947841669,0.00046798194708293076,0.00058875003656134745,2,0,3.9672928910315017e-05,5.4219940102804106e-05,nan,nan
845,1633651200000000000,202110,846,847,0.00084384368487983594,0.00084384368487983594,0,0,0.072236818058196178,0,0,0.92582987357013202,0.016381031033828326,0.47110545230198037,0.45472442126815299,0.00066557358105516452,2141.1454580973473,2989,1,0,-0.0021917641489574658,0,0.00046798194708293076,0.00046798194708293076,1,0,5.0630621092790151e-07,5.4133859674780118e-05,nan,nan
846,1633910400000000000,202110,847,848,0.0017126551657437703,0.0017126551657437703,0,0,0.073949473223939952,0,0,0.9241172184043881,0.017331310816881343,0.47072426461063499,0.45339295379375449,0.00066557358105516452,2136.8823993651713,2980,1,1,-0.0016734562476279908,0,0,0,0,0,1.0275930994462622e-06,5.3975351642113632e-05,-0.0016734562476279908,-0.0017284591923695507
847,1633996800000000000,202110,848,849,0.00064487328944159094,0.00064487328944159094,0,0,0.074594346513381538,0,0,0.92347234511494647,0.017801023389504331,0.47063668425222571,0.45283566086272214,0.00066557358105516452,2135.5702840897006,2976,1,1,0.0029204834667296187,0,0,0,0,0,3.8692397366495457e-07,5.3909007245562157e-05,0.0029204834667296187,0.0028661875355103913
848,1634083200000000000,202110,849,850,0.00080537426786986808,0.00080537426786986808,0,0,0.0753997207812514,0,0,0.92266697084707661,0.018606397657374145,0.47063668425222571,0.45203028659485228,0.00066557358105516452,2133.9908293238377,2970,1,0,0.0033482837004225521,0.00039879072705161747,0,0.00039879072705161747,1,0,4.8322456072192092e-07,5.3813129356530033e-05,nan,nan
849,1634169600000000000,202110,850,851,0.067996209017574707,0.0010218881979293624,0.066974320819645383,0,0.14339592979882609,0,0.25,0.93002731606526134,0.013815874503543111,0.47192159528440319,0.45810572078085987,0.00066559471933471683,2151.9858907590319,3000,1,0,0.004227656856783773,0.00044927201458392621,0.00013017561807450361,0.00057944763265842985,3,0,4.0797725410544827e-05,5.4536395331054738e-05,nan,nan
850,1634256000000000000,202110,851,852,0.0015013140161495471,0.0015013140161495471,0,0,0.14489724381497565,0,0,0.92852600204911195,0.014418644490524773,0.47147232326981925,0.4570536787792942,0.00066559471933471683,2148.4924554614095,2991,1,0,-0.0028872004512660305,2.2886319719988098e-05,0.00013017561807450361,0.00015306193779449171,3,0,9.0078840968972824e-07,5.4411152235630268e-05,nan,nan
851,1634515200000000000,202110,852,853,0.0014590725264999934,0.0014590725264999934,0,0,0.14635631634147564,0,0,0.92706692952261216,0.014978838205639403,0.47102288386412655,0.45604404565848694,0.00066559471933471683,2143.5331924509783,2977,1,0,0.0011440868409645952,2.2886319719988098e-05,0.00051045583339314393,0.000533342153113132,2,0,8.7544351589999601e-07,5.4290957816486535e-05,nan,nan
852,1634601600000000000,202110,853,854,0.00094393080967098341,0.00094393080967098341,0,0,0.14730024715114662,0,0,0.92612299871294101,0.015089622981866467,0.47060631084740462,0.45551668786553789,0.00066559471933471683,2140.3063938252303,2966,1,0,0.00094657333178732475,0,0.00051045583339314393,0.00051045583339314393,1,0,5.6635848580259004e-07,5.4228177126849751e-05,nan,nan
853,1634688000000000000,202110,854,855,0.001652187677571353,0.001652187677571353,0,0,0.14895243482871798,0,0,0.92447081103536966,0.016269285833623082,0.47037004843449726,0.45410076260087395,0.00066559471933471683,2135.8107564140596,2959,1,0,0.0051714118524289468,0.00031523398010700662,0,0.00031523398010700662,1,0,9.9131260654281188e-07,5.405961459534214e-05,nan,nan
854,1634774400000000000,202110,855,856,0.072731555887196056,0.0011438399978903786,0.071587715889305639,0,0.22168399071591405,0,0.25,0.92831123080552924,0.012388044437223553,0.47034963762137599,0.45796159318415247,0.00066530507823593036,2144.9512544945837,2999,1,0,-0.0011943173243989917,0.0003617026301676553,0,0.0003617026301676553,1,0,4.3638933532317636e-05,5.4519237283827675e-05,nan,nan
855,1634860800000000000,202110,856,857,0.0011945140775627705,0.0011945140775627705,0,0,0.22287850479347682,0,0,0.92711671672796658,0.012859153254451035,0.46998793499120833,0.45712878173675742,0.00066530507823593036,2142.429759732669,2991,1,1,0.0040627786878563331,0,0,0,0,0,7.1670844653766231e-07,5.4420093063899696e-05,0.0040627786878563331,0.0040076418863458953
856,1635120000000000000,202110,857,858,0.00057961264475171216,0.00057961264475171216,0,0,0.22345811743822852,0,0,0.92653710408321488,0.013438765899202749,0.46998793499120833,0.45654916909200571,0.00066530507823593036,2141.3963203474018,2984,1,1,0.0011991623711181706,0,0,0,0,0,3.4776758685102726e-07,5.4351091558572107e-05,0.0011991623711181706,0.0011444635119727475
857,1635206400000000000,202110,858,859,0.0014568271239338885,0.0014568271239338885,0,0,0.22491494456216241,0,0,0.92508027695928097,0.013969814713523562,0.46952504583640181,0.45555523112287838,0.00066530507823593036,2137.8103846480194,2976,1,1,-0.00097833621354777669,0,0,0,0,0,8.7409627436033317e-07,5.4232765609866478e-05,-0.00097833621354777669,-0.0010334430754320035
858,1635292800000000000,202110,859,860,0.00078959272762817395,0.00078959272762817395,0,0,0.22570453728979059,0,0,0.92429068423165306,0.014495642302628403,0.4693931632671402,0.45489752096451191,0.00066530507823593036,2136.3882182221587,2966,1,0,0.0032953444414731271,0.00019009373250226339,0,0.00019009373250226339,2,0,4.7375563657690437e-07,5.4154466781489516e-05,nan,nan
859,1635379200000000000,202110,860,861,0.073644781364038625,0.00068632492035123423,0.072958456443687397,0,0.29934931865382919,0,0.25,0.92797597933444642,0.011386475417234752,0.46968122737584234,0.45829475195860669,0.00066478621906201657,2147.1550826412645,3000,1,0,-0.0096920656666282905,0.0011463277805792305,0,0.0011463277805792305,4,0,4.4186868818423177e-05,5.4558899042691275e-05,nan,nan
860,1635465600000000000,202110,861,862,0.0023624457285612954,0.0023624457285612954,0,0,0.3017117643823905,0,0,0.92561353360588516,0.013105151847141767,0.46935934272651519,0.45625419087937263,0.00066478621906201657,2141.3385275875457,2981,1,0,0.0057898757914122993,0.00082444313125206955,6.3908365240725016e-06,0.000830833967776142,3,0,1.4174674371367771e-06,5.4315975104687219e-05,nan,nan
861,1635724800000000000,202111,862,863,0.0019649963388819482,0.0019649963388819482,0,0,0.0019649963388819482,0,0,0.92364853726700324,0.013421261923519565,0.46853489959526307,0.45511363767174279,0.00066478621906201657,2137.3018015645703,2974,1,0,-0.0044267166810682745,0,6.3908365240725016e-06,6.3908365240725016e-06,1,0,1.1789978033291689e-06,5.4180194960921762e-05,nan,nan
862,1635811200000000000,202111,863,864,0.001357280285167252,0.001357280285167252,0,0,0.0033222766240492002,0,0,0.92229125698183601,0.014614380895590201,0.46845281893871482,0.45383843804312374,0.00066478621906201657,2133.8831712343449,2965,1,1,0.0031037333794588064,0,0,0,0,0,8.1436817110035132e-07,5.4028385481324255e-05,0.0031037333794588064,0.0030488906258063818
863,1635897600000000000,202111,864,865,0.00087761213888835551,0.00087761213888835551,0,0,0.0041998887629375557,0,0,0.92141364484294785,0.014812472092627855,0.46811305846778939,0.45330058637516069,0.00066478621906201657,2131.230758022582,2959,1,0,0.00047249105710940977,0.00036639010171316558,0.00020034616641923699,0.00056673626813240254,2,0,5.2656728333301331e-07,5.3964355520852463e-05,nan,nan
864,1635984000000000000,202111,865,866,0.076113851879280547,0.0015727164381615696,0.074541135441118955,0,0.080313740642218107,0,0.25,0.92628634634379936,0.012210191767525322,0.46924826905566236,0.45703807728813628,0.00066466963099146264,2149.1771292361145,3000,1,0,-0.0014796091867366463,0.00090414116022912664,0.00022232930602750055,0.0011264704662566271,3,0,4.5668311127568327e-05,5.4409294915254314e-05,nan,nan
865,1636070400000000000,202111,866,867,0.0025035561564911869,0.0025035561564911869,0,0,0.082817296798709292,0,0,0.92378279018730802,0.013285667041284517,0.46853422861429639,0.45524856157301113,0.00066466963099146264,2143.5297274844493,2985,1,0,0.0014665283286212278,0.00050001388366553387,0,0.00050001388366553387,2,0,1.5021336938947121e-06,5.4196257330120375e-05,nan,nan
866,1636329600000000000,202111,867,868,0.00095213951800772456,0.00095213951800772456,0,0,0.083769436316717016,0,0,0.92283065066930026,0.012908082058662862,0.46786936636398169,0.45496128430531801,0.00066466963099146264,2140.8333515967443,2976,1,0,-4.1480477570540679e-05,3.4086219110370335e-05,0,3.4086219110370335e-05,1,0,5.7128371080463474e-07,5.4162057655394999e-05,nan,nan
867,1636416000000000000,202111,868,869,0.0017450716622836346,0.0017450716622836346,0,0,0.085514507979000648,0,0,0.9210855790070166,0.01458498128272573,0.4678352801448713,0.45325029886214474,0.00066466963099146264,2136.2928301853481,2966,1,0,-0.0012737367956887457,0.0001626243636865239,0,0.0001626243636865239,1,0,1.0470429973701806e-06,5.3958368912160085e-05,nan,nan
868,1636502400000000000,202111,869,870,0.00056785108279236072,0.00056785108279236072,0,0,0.086082359061793012,0,0,0.92051772792422415,0.015152832365518072,0.4678352801448713,0.45268244777935251,0.00066466963099146264,2134.647410647754,2963,1,0,-0.00031894636632799091,0.0001626243636865239,0.00047603604514645097,0.00063866040883297484,2,0,3.4071064967541641e-07,5.3890767592780062e-05,nan,nan
869,1636588800000000000,202111,870,871,0.072793981571502062,0.00072229893961031492,0.072071682631891773,0,0.15887634063329509,0,0.25,0.9272839971768565,0.011353386005552177,0.46931869159120654,0.4579653055856554,0.00066489741046849374,2154.0253232795831,2999,1,0,0.0021822462285248146,0,0.00043297938515781141,0.00043297938515781141,1,0,4.3676388942901235e-05,5.4519679236387544e-05,nan,nan
870,1636675200000000000,202111,871,872,0.0019855487993199659,0.0019855487993199659,0,0,0.16086188943261506,0,0,0.92529844837753661,0.012574470334307412,0.46893645935592421,0.4563619890216179,0.00066489741046849374,2149.2644913841978,2986,1,1,0.0014974060288936112,0,0,0,0,0,1.1913292795919794e-06,5.4328808216859282e-05,0.0014974060288936112,0.0014418858913971598
871,1636934400000000000,202111,872,873,0.00063858443667885636,0.00063858443667885636,0,0,0.16150047386929392,0,0,0.92465986394085786,0.012546829877597008,0.46860334690922961,0.45605651703163369,0.00066489741046849374,2147.0781465315608,2979,1,0,0.0040151340895643152,0,0.00016386888924069389,0.00016386888924069389,1,0,3.8315066200731382e-07,5.429244250376591e-05,nan,nan
872,1637020800000000000,202111,873,874,0.00060040123765193977,0.00060040123765193977,0,0,0.16210087510694585,0,0,0.92405946270320571,0.013147231115248969,0.46860334690922961,0.45545611579398171,0.00066489741046849374,2146.1433846523123,2976,1,0,0.0089075334593517429,0,0.00016386888924069389,0.00016386888924069389,1,0,3.6024074259116387e-07,5.4220966165950209e-05,nan,nan
873,1637107200000000000,202111,874,875,0.00038642106754268202,0.00038642106754268202,0,0,0.16248729617448854,0,0,0.92367304163566311,0.013436573597692122,0.46855480761667984,0.45511823401898882,0.00066489741046849374,2144.6598826308923,2972,1,0,0.00061965554274345108,0,0.00011241956691304022,0.00011241956691304022,1,0,2.3185264052560922e-07,5.4180742145117712e-05,nan,nan
874,1637193600000000000,202111,875,876,0.069121108222720995,0.001457159690090207,0.067663948532630858,0,0.23160840439720953,0,0.25,0.93106517911624276,0.010865561860156173,0.47096537048819853,0.46009980862804289,0.00066507515648595082,2163.1873701720797,3000,1,0,0.0029925131894799335,0,0.000174659950921898,0.000174659950921898,1,0,4.1472664933632595e-05,5.4773786741433677e-05,nan,nan
875,1637280000000000000,202111,876,877,0.0036795782080496619,0.0036795782080496619,0,0,0.23528798260525918,0,0,0.92738560090819289,0.014545140068205885,0.47096537048819853,0.45642023041999319,0.00066507515648595082,2155.969024264848,2987,1,0,0.0045767342570609227,0.00091301926410582146,0,0.00091301926410582146,3,0,2.2077469248297971e-06,5.4335741716665863e-05,nan,nan
876,1637539200000000000,202111,877,878,9.8682885786055278e-05,9.8682885786055278e-05,0,0,0.23538666549104523,0,0,0.92728691802240681,0.014482753537450601,0.4708848357799279,0.45640208224247775,0.00066507515648595082,2155.5459781192358,2983,1,0,-0.00039303115618676731,0.0014356735549032318,1.0449071244552675e-05,0.0014461226261477844,5,0,5.9209731471633162e-08,5.4333581219342582e-05,nan,nan
877,1637625600000000000,202111,878,879,0.0033603133883007875,0.0033603133883007875,0,0,0.23874697887934601,0,0,0.92392660463410614,0.015664481793542968,0.46979554321382366,0.4541310614202812,0.00066507515648595082,2147.6646114812206,2966,1,0,-0.0030122738836202683,0.00052265429079741035,1.0449071244552675e-05,0.00053310336204196297,2,0,2.0161880329804725e-06,5.4063221597652528e-05,nan,nan
878,1637712000000000000,202111,879,880,0.0021100010900875566,0.0021100010900875566,0,0,0.24085697996943356,0,0,0.9218166035440184,0.016729174302035698,0.46927288892302621,0.45254371462099097,0.00066507515648595082,2143.3043624124625,2955,1,1,0.0070591427559746787,0,0,0,0,0,1.2660006540525339e-06,5.387425174059417e-05,0.0070591427559746787,0.0070040025035800323
879,1637884800000000000,202111,880,881,0.064736387871090526,0.00086797123915234391,0.063868416631938263,0,0.3055933678405241,0,0.25,0.93127664243739205,0.012787742374013266,0.47203219240570299,0.45924445003169168,0.00066540954450848295,2163.3636952039074,3000,1,0,-0.0050603786231648747,0.0016855741026575838,0,0.0016855741026575838,3,0,3.884183272265431e-05,5.4671958337106149e-05,nan,nan
880,1638144000000000000,202111,881,882,0.0015955988262224417,0.0015955988262224417,0,0,0.30718896666674655,0,0,0.92968104361116966,0.014383341200235662,0.47203219240570299,0.45764885120546911,0.00066540954450848295,2159.6976779677657,2988,1,0,0.0039453716778441589,0.0016855741026575838,0,0.0016855741026575838,3,0,9.5735929573346507e-07,5.4482006095889179e-05,nan,nan
881,1638230400000000000,202111,882,883,0.0025018436590002182,0.0025018436590002182,0,0,0.30969081032574675,0,0,0.92717919995216946,0.013231094037916991,0.47020514699504351,0.45697405295712828,0.00066540954450848295,2154.5254834355051,2975,1,0,0.0024542275271203311,0.0005202713907918095,0,0.0005202713907918095,1,0,1.501106195400131e-06,5.4401672971086697e-05,nan,nan
882,1638316800000000000,202112,883,884,0.0024978425512727988,0.0024978425512727988,0,0,0.0024978425512727988,0,0,0.92468135740089685,0.015714466918719295,0.47019791215980827,0.45448344524109069,0.00066540954450848295,2149.9588547223652,2966,1,0,0.0036011023026422803,0.0005202713907918095,0,0.0005202713907918095,1,0,1.4987055307636793e-06,5.4105172052510793e-05,nan,nan
883,1638403200000000000,202112,884,885,0.0033357964581948204,0.0033357964581948204,0,0,0.0058336390094676192,0,0,0.92134556094270237,0.018009720595330483,0.46967764076901658,0.45166792017368762,0.00066540954450848295,2143.2792675509027,2955,1,1,-0.0031506069445247972,0,0,0,0,0,2.0014778749168922e-06,5.376999049686757e-05,-0.0031506069445247972,-0.0032063784128965817
884,1638489600000000000,202112,885,886,0.062429638176370608,0.00035814196569957941,0.062071496210671026,0,0.068263277185838231,0,0.25,0.93057889903274793,0.013595199562037088,0.47208704929739242,0.45849184973535523,0.00066571427576563979,2158.3053040310024,3000,1,1,0.00053192319878061253,0,0,0,0,0,3.745778290582237e-05,5.4582363063732758e-05,0.00053192319878061253,0.00043988305281105741
885,1638748800000000000,202112,886,887,0.0022939685603536744,0.0022939685603536744,0,0,0.070557245746191904,0,0,0.92828493047239424,0.015889168122390756,0.47208704929739242,0.4561978811750016,0.00066571427576563979,2154.120595654746,2988,1,0,-0.002894583109647185,0.00086163849609900158,0.00054058489834084668,0.0014022233944398482,3,0,1.3763811362122047e-06,5.4309271568452572e-05,nan,nan
886,1638835200000000000,202112,887,888,0.001630161898180418,0.001630161898180418,0,0,0.072187407644372328,0,0,0.92665476857421369,0.017519330020571166,0.47208704929739242,0.45456771927682116,0.00066571427576563979,2150.6824837757804,2979,1,0,0.0036290928443684267,0.00086163849609900158,0.00054058489834084668,0.0014022233944398482,3,0,9.7809713890825077e-07,5.4115204675812045e-05,nan,nan
887,1638921600000000000,202112,888,889,0.0028628222177300659,0.0028628222177300659,0,0,0.075050229862102399,0,0,0.92379194635648343,0.017786776149812399,0.47078936125314802,0.45300258510333552,0.00066571427576563979,2143.6477237030435,2963,1,1,0.0048269956810317151,0,0,0,0,0,1.7176933306380395e-06,5.3928879178968508e-05,0.0048269956810317151,0.0047713491085221091
888,1639008000000000000,202112,889,890,0.0005877763110797025,0.0005877763110797025,0,0,0.075638006173182101,0,0,0.92320417004540367,0.018374552460892122,0.47078936125314802,0.45241480879225576,0.00066571427576563979,2142.0779623057965,2958,1,0,-0.0017446092101180552,0.00061512830379280498,0,0.00061512830379280498,2,0,3.526657866478215e-07,5.3858905808601877e-05,nan,nan
889,1639094400000000000,202112,890,891,0.06573935520470589,0.00060518593780698609,0.065134169266898884,0,0.14137736137788798,0,0.25,0.93109946636761598,0.014234803799022967,0.4726671350833207,0.45843233128429872,0.0006659326655477965,2158.6485868109817,3000,1,0,0.00020622175217048188,0.00093204493449365871,5.1180581632257827e-05,0.00098322551612591664,4,1,3.9443613122823537e-05,5.4575277533845079e-05,nan,nan
890,1639353600000000000,202112,891,892,0.0023676539433827534,0.0023676539433827534,0,0,0.14374501532127074,0,0,0.92873181242423342,0.015359696436350538,0.47204575443029317,0.45668605799394357,0.0006659326655477965,2154.7252080453873,2988,1,0,0.0030591653637940786,0.00031066428146603781,0,0.00031066428146603781,1,0,1.4205923660296521e-06,5.4367387856421855e-05,nan,nan
891,1639440000000000000,202112,892,893,0.0028864524550478829,0.0028864524550478829,0,0,0.14663146777631861,0,0,0.92584535996918549,0.017624820328466361,0.47173509014882709,0.45411026982036179,0.0006659326655477965,2149.2733156478671,2976,1,0,-0.00025117624153406031,0,6.9472699089314864e-06,6.9472699089314864e-06,1,0,1.7318714730287299e-06,5.4060746407185931e-05,nan,nan
892,1639526400000000000,202112,893,894,0.0014622005588166421,0.0014622005588166421,0,0,0.14809366833513524,0,0,0.92438315941036897,0.019087020887283,0.47173509014882709,0.45264806926154505,0.0006659326655477965,2145.7895680202519,2966,1,0,-0.01072684932709346,0.00029802456462448218,6.9472699089314864e-06,0.00030497183453341369,2,0,8.7732033528998524e-07,5.3886674912088699e-05,nan,nan
893,1639612800000000000,202112,894,895,0.0029495210887365755,0.0029495210887365755,0,0,0.15104318942387182,0,0,0.92143363832163228,0.020501247334036833,0.47096744282783587,0.45046619549379979,0.0006659326655477965,2139.6842561267977,2955,1,0,0.0013395684824659812,0.00029802456462448218,0,0.00029802456462448218,1,0,1.7697126532419452e-06,5.3626928034976169e-05,nan,nan
894,1639699200000000000,202112,895,896,0.07351710155086312,0.0042289008552333232,0.069288200695629812,0,0.22456029097473496,0,0.25,0.92473802668294935,0.017761764575341222,0.47124989562914316,0.45348813105380209,0.00066626305969002013,2143.8334664716172,2999,1,1,-0.00016594633254793324,0,0,0,0,0,4.4110260930517877e-05,5.3986682268309775e-05,-0.00016594633254793324,-0.00026404327574676087
895,1639958400000000000,202112,896,897,0.00050645178015886773,0.00050645178015886773,0,0,0.22506674275489383,0,0,0.92423157490279007,0.017965227081099971,0.47109840099194306,0.45313317391084329,0.00066626305969002013,2141.8522500991753,2977,1,0,0.0037943685529197245,0,0.00020049127539736899,0.00020049127539736899,1,1,3.0387106809532063e-07,5.3944425465576579e-05,nan,nan
896,1640044800000000000,202112,897,898,0.0011223428861556041,0.0011223428861556041,0,0,0.22618908564104942,0,0,0.92310923201663453,0.019057348796077858,0.47108329040635416,0.45202594161027659,0.00066626305969002013,2138.6047303473151,2971,1,1,-0.0012407462454663337,0,0,0,0,0,6.7340573169336255e-07,5.3812612096461501e-05,-0.0012407462454663337,-0.0012952322632944885
897,1640131200000000000,202112,898,899,0.0022359310264318507,0.0022359310264318507,0,0,0.22842501666748127,0,0,0.92087330099020237,0.020720470861216291,0.47079688592570751,0.45007641506449153,0.00066626305969002013,2133.6479867176372,2961,1,0,0.010316374311835632,1.9896322026178307e-05,0,1.9896322026178307e-05,1,0,1.3415586158591105e-06,5.3580525602915661e-05,nan,nan
898,1640217600000000000,202112,899,900,0.001113545274197852,0.001113545274197852,0,0,0.22953856194167913,0,0,0.91975975571600455,0.02125392191422994,0.4705068388151154,0.44925291690088576,0.00066626305969002013,2129.9509367189266,2954,1,0,0.0016622209330810918,1.9896322026178307e-05,0.00053798698726268952,0.00055788330928886786,2,0,6.681271645187112e-07,5.3482490107248304e-05,nan,nan
899,1640563200000000000,202112,900,901,0.073481938252659057,0.0014316420999523005,0.07205029615270675,0,0.30302050019433818,0,0.25,0.92581312338999799,0.016984328527597809,0.47139872595879945,0.45441439743120116,0.00066643752439072353,2147.4039593732832,2999,1,0,0.0053298213665855824,0.00047645800258638371,0.00049069793892906862,0.00096715594151545233,2,0,4.4089162951595432e-05,5.4096952075142999e-05,nan,nan
900,1640649600000000000,202112,901,902,0.0019050772361774611,0.0019050772361774611,0,0,0.30492557743051563,0,0,0.92390804615382049,0.018169347809513844,0.47103869698166873,0.45286934917215432,0.00066643752439072353,2143.373452804859,2984,1,0,-0.008723801491197395,0.00047645800258638371,0,0.00047645800258638371,1,0,1.1430463417064767e-06,5.3913017758589802e-05,nan,nan
901,1640736000000000000,202112,902,903,0.0012892626850518154,0.0012892626850518154,0,0,0.30621484011556743,0,0,0.92261878346876869,0.018505694489392904,0.47056223897908234,0.45205654448968896,0.00066643752439072353,2141.0670040039349,2976,1,1,0.0032580678097692754,0,0,0,0,0,7.7355761103108925e-07,5.3816255296391545e-05,0.0032580678097692754,0.0032034779968618528
902,1640822400000000000,202112,903,904,5.5876731161125594e-05,5.5876731161125594e-05,0,0,0.30627071684672857,0,0,0.92256290673760777,0.018561571220554036,0.47056223897908234,0.45200066775852776,0.00066643752439072353,2140.8125276493738,2971,1,1,-0.0069365823721275442,0,0,0,0,0,3.3526038696675352e-08,5.380960330458664e-05,-0.0069365823721275442,-0.0069904255014708282
903,1640908800000000000,202112,904,905,0.0017639329300880682,0.0017639329300880682,0,0,0.30803464977681666,0,0,0.92079897380751952,0.020019015924391981,0.47040899486595728,0.45038997894156479,0.00066643752439072353,2136.8142150368008,2961,1,0,0.00604440274803508,0.0016938530943443133,0.00012833982849263408,0.0018221929228369473,5,0,1.0583597580528409e-06,5.3617854635900567e-05,nan,nan
904,1641168000000000000,202201,905,906,0.073192880896641666,0.0010082714725075821,0.072184609424134127,0,0.073192880896641666,0,0.25,0.92784378154397995,0.015770465547675951,0.47180712354582693,0.45603665799815291,0.00066556281403053284,2157.3947750185707,3000,1,0,0.0024476463560591886,0.0017186457119785087,0.00016776024221732989,0.0018864059541958385,5,0,4.3915728537985001e-05,5.4290078333113444e-05,nan,nan
905,1641254400000000000,202201,906,907,0.0033792507580743436,0.0033792507580743436,0,0,0.076572131654716005,0,0,0.92446453078590551,0.015712424881793273,0.47008847783384844,0.45437605295205702,0.00066556281403053284,2150.2884523750113,2981,1,1,0.0040383806633876593,0,0,0,0,0,2.0275504548446061e-06,5.4092387256197267e-05,0.0040383806633876593,0.0039822607256766174
906,1641340800000000000,202201,907,908,0.0013081010682584934,0.0013081010682584934,0,0,0.077880232722974493,0,0,0.92315642971764711,0.017020525950051758,0.47008847783384844,0.4530679518837985,0.00066556281403053284,2147.4746941682361,2975,1,1,-0.0036217539038548119,0,0,0,0,0,7.8486064095509598e-07,5.3936660938547443e-05,-0.0036217539038548119,-0.0036764754254343143
907,1641427200000000000,202201,908,909,0.0019493937509033981,0.0019493937509033981,0,0,0.079829626473877896,0,0,0.92120703596674369,0.018969919700955077,0.47008847783384844,0.45111855813289509,0.00066556281403053284,2142.7529168838159,2964,1,0,-0.0008622780483457797,0,0.00043172458344231874,0.00043172458344231874,1,0,1.1696362505420388e-06,5.3704590253916083e-05,nan,nan
908,1641513600000000000,202201,909,910,0.0011294261628453652,0.0011294261628453652,0,0,0.080959052636723261,0,0,0.9200776098038983,0.020099345863800463,0.47008847783384844,0.44998913197004964,0.00066556281403053284,2139.3323867359086,2957,1,0,-0.0023448788486479556,0,0.00043172458344231874,0.00043172458344231874,1,0,6.7765569770721915e-07,5.3570134758339243e-05,nan,nan
909,1641772800000000000,202201,910,911,0.073020776317913122,0.0020546246959900301,0.070966151621923101,0,0.15397982895463638,0,0.25,0.9266594717952763,0.016614493546666435,0.47163698267097148,0.45502248912430404,0.00066535801062748729,2157.3226299975386,2999,1,1,0.0054662846506120721,0,0,0,0,0,4.3812465790747871e-05,5.4169343943369536e-05,0.0054662846506120721,0.0053683028408779551
910,1641859200000000000,202201,911,912,0.001442707189634589,0.001442707189634589,0,0,0.15542253614427098,0,0,0.92521676460564151,0.017944599315911025,0.47158068196077652,0.45363608264486444,0.00066535801062748729,2153.987365546041,2989,1,0,0.0011255959859137637,0.0002629862252437285,0,0.0002629862252437285,1,0,8.6562431378075338e-07,5.4004295552960049e-05,nan,nan
911,1641945600000000000,202201,912,913,0.00080571325145502792,0.00080571325145502792,0,0,0.15622824939572602,0,0,0.92441105135418655,0.01840478794929051,0.47140791965173878,0.4530031317024471,0.00066535801062748729,2151.7004085728781,2983,1,0,-0.0006906363329347979,0.0002629862252437285,8.1165221258620142e-06,0.00027110274736959054,2,0,4.834279508730168e-07,5.3928944250291322e-05,nan,nan
912,1642032000000000000,202201,913,914,0.00083026355352614563,0.00083026355352614563,0,0,0.15705851294925216,0,0,0.92358078780066033,0.018666036486327867,0.47112341214349435,0.45245737565716537,0.00066535801062748729,2149.5113819294547,2975,1,0,0.0035898204666062463,0,8.1165221258620142e-06,8.1165221258620142e-06,1,0,4.9815813211568745e-07,5.3863973292519682e-05,nan,nan
913,1642118400000000000,202201,914,915,0.00031243672215856513,0.00031243672215856513,0,0,0.15737094967141071,0,0,0.9232683510785018,0.018978473208486394,0.47112341214349435,0.45214493893500685,0.00066535801062748729,2148.2971089001576,2971,1,1,-0.0032098021930140291,0,0,0,0,0,1.8746203329513908e-07,5.3826778444643668e-05,-0.0032098021930140291,-0.0032638164334919681
914,1642464000000000000,202201,915,916,0.07133288642246037,0.00056764759099115088,0.070765238831469235,0,0.22870383609387107,0,0.25,0.92964720957329794,0.014659590599608819,0.47215340008645301,0.45749380948684359,0.00066507406352617074,2164.2710477959859,3000,1,1,-0.0028509958332494575,0,0,0,0,0,4.2799731853476219e-05,5.4463548748433761e-05,-0.0028509958332494575,-0.0029482591138513675
915,1642550400000000000,202201,916,917,0.0033674960615403763,0.0033674960615403763,0,0,0.23207133215541145,0,0,0.92627971351175775,0.018027086661149033,0.47215340008645301,0.45412631342530319,0.00066507406352617074,2157.3561520795242,2990,1,1,0.0027921767408931614,0,0,0,0,0,2.0204976369242259e-06,5.4062656360155143e-05,0.0027921767408931614,0.0027360935868960819
916,1642636800000000000,202201,917,918,0.0018392544592342101,0.0018392544592342101,0,0,0.23391058661464567,0,0,0.92444045905252348,0.019866341120383289,0.47215340008645301,0.45228705896606897,0.00066507406352617074,2154.722915138284,2984,1,1,-0.0013649022426260652,0,0,0,0,0,1.1035526755405261e-06,5.3843697495960592e-05,-0.0013649022426260652,-0.0014198494927975661
917,1642723200000000000,202201,918,919,0.0027517382807766429,0.0027517382807766429,0,0,0.23666232489542233,0,0,0.92168872077174679,0.022435946306342873,0.47206233353904459,0.44962638723270076,0.00066507406352617074,2149.8666881643353,2974,1,0,0.00030339879942639945,0,5.0324428800902949e-05,5.0324428800902949e-05,2,0,1.6510429684659856e-06,5.3526950861035812e-05,nan,nan
918,1642982400000000000,202201,919,920,0.0044007602447092538,0.0044007602447092538,0,0,0.24106308514013158,0,0,0.91728796052703776,0.026772164466117673,0.47203006249657742,0.44525789803045884,0.00066507406352617074,2140.0539468347019,2956,1,0,0.0046488652575153045,0,5.0324428800902949e-05,5.0324428800902949e-05,2,0,2.6404561468255525e-06,5.3006892622673666e-05,nan,nan
919,1643068800000000000,202201,920,921,0.073617619889004976,0.000103926571234922,0.073513693317770051,0,0.31468070502913659,0,0.25,0.92349282242677344,0.020157068278014455,0.47182494535239261,0.4516678770743785,0.00066404972535667414,2153.7713239834347,2998,1,1,0.0059126736129654998,0,0,0,0,0,4.4170571933402987e-05,5.3769985365997442e-05,0.0059126736129654998,0.0058147330556660992
920,1643155200000000000,202201,921,922,0.001907144900870612,0.001907144900870612,0,0,0.31658784993000721,0,0,0.92158567752590281,0.021734372780816923,0.47166002515335859,0.4499256523725419,0.00066404972535667414,2148.8295722607695,2989,1,0,-0.00014498347247714186,8.5578462159019482e-05,0.00018144085963138967,0.00026701932179040916,2,0,1.1442869405223672e-06,5.3562577663397849e-05,nan,nan
921,1643241600000000000,202201,922,923,0.00038190828451608596,0.00038190828451608596,0,0,0.31696975821452328,0,0,0.92120376924138681,0.022056487409492745,0.47163012832543838,0.44957364091594598,0.00066404972535667414,2147.2108902003647,2981,1,0,-0.010754368135455633,0.0012626946034113473,0.00021049805769246248,0.0014731926611038098,6,0,2.2914497070965159e-07,5.3520671537612616e-05,nan,nan
922,1643328000000000000,202201,923,924,0.0012353316233719483,0.0012353316233719483,0,0,0.31820508983789525,0,0,0.91996843761801494,0.022782339817879041,0.4713753887179456,0.4485930489000669,0.00066404972535667414,2143.3746327228641,2971,1,0,-0.0017542927682910421,0.0018505333766947549,2.9057198061072815e-05,0.0018795905747558278,6,0,7.4119897402316898e-07,5.3403934392865108e-05,nan,nan
923,1643587200000000000,202201,924,925,0.0036237754054761905,0.0036237754054761905,0,0,0.32182886524337145,0,0,0.91634466221253863,0.024051882940850547,0.47019827257669322,0.44614638963584302,0.00066404972535667414,2136.5901551540255,2958,1,0,0.012404864138606244,0.00067341723544242678,0,0.00067341723544242678,2,0,2.1742652432857143e-06,5.3112665432838452e-05,nan,nan
924,1643673600000000000,202202,925,926,0.077047862673156775,0.001511115592933928,0.075536747080222871,0,0.077047862673156775,0,0.25,0.92145735050535338,0.017967351019158848,0.4697123507622572,0.45174499974309684,0.00066434408369666948,2148.160294558475,2998,1,1,0.004234487623943419,0,0,0,0,0,4.6228717603894064e-05,5.3779166636082958e-05,0.004234487623943419,0.0041344797397034417
925,1643760000000000000,202202,926,927,0.0019281365553930848,0.0019281365553930848,0,0,0.078975999228549865,0,0,0.91952921394996012,0.019298265073884161,0.46941373951192328,0.45011547443803773,0.00066434408369666948,2143.3277683274951,2985,1,1,-0.005407168240876779,0,0,0,0,0,1.1568819332358509e-06,5.3585175528337832e-05,-0.005407168240876779,-0.0054619102983383527
926,1643846400000000000,202202,927,928,0.00095212239818177045,0.00095212239818177045,0,0,0.07992812162673163,0,0,0.91857709155177825,0.019662081453660232,0.4691195865027204,0.4494575050490589,0.00066434408369666948,2140.9061619203158,2977,1,1,-0.0029164723668509583,0,0,0,0,0,5.7127343890906227e-07,5.3506845839173685e-05,-0.0029164723668509583,-0.0029705504861290409
927,1643932800000000000,202202,928,929,0.00085937049698065653,0.00085937049698065653,0,0,0.080787492123712293,0,0,0.91771772105479765,0.020400662649220223,0.46905919185201006,0.44865852920278854,0.00066434408369666948,2138.4449226109523,2967,1,1,-0.0012360476152642743,0,0,0,0,0,5.1562229818839387e-07,5.3411729666998637e-05,-0.0012360476152642743,-0.0012899749672294614
928,1644192000000000000,202202,929,930,0.00059490638968536674,0.00059490638968536674,0,0,0.081382398513397666,0,0,0.91712281466511236,0.020995569038905603,0.46905919185201006,0.44806362281310319,0.00066434408369666948,2136.7972908522747,2961,1,0,-0.0054868272967036422,0,0.00032714752533825295,0.00032714752533825295,1,0,3.5694383381122002e-07,5.3340907477750383e-05,nan,nan
929,1644278400000000000,202202,930,931,0.080687195093217784,0.0010867496695081864,0.079600445423709532,0,0.16206959360661544,0,0.25,0.92072847432388327,0.016561739031310575,0.46864510667759551,0.45208336764628521,0.00066434026529477413,2147.5980507803661,3000,1,0,-0.00021200456007983203,0,0.00034487661078769422,0.00034487661078769422,1,0,4.8412317055930674e-05,5.381944852931967e-05,nan,nan
930,1644364800000000000,202202,931,932,0.0023845793209316076,0.0023845793209316076,0,0,0.16445417292754705,0,0,0.91834389500295155,0.018946318352242055,0.46864510667759551,0.44969878832535359,0.0006640534143220096,2142.568536952967,2987,1,1,0.00012379887270679073,0,0,0,0,0,1.4307475925589646e-06,5.3535570038732568e-05,0.00012379887270679073,6.883255507549919e-05
931,1644451200000000000,202202,932,933,0.0012958109592170067,0.0012958109592170067,0,0,0.16574998388676407,0,0,0.91704808404373461,0.019914624916744162,0.46848135448023803,0.44856672956349408,0.0006640534143220096,2139.1245851395511,2980,1,1,-0.000189813312128815,0,0,0,0,0,7.7748657553020406e-07,5.34008011385112e-05,-0.000189813312128815,-0.00024399159984285642
932,1644537600000000000,202202,933,934,0.0012040761598080992,0.0012040761598080992,0,0,0.16695406004657218,0,0,0.9158440078839265,0.021118701076552282,0.46848135448023803,0.44736265340368603,0.0006640534143220096,2135.8982788436747,2972,1,0,-0.008372563853140497,0.00037446248993267472,0,0.00037446248993267472,1,0,7.2244569588485944e-07,5.3257458738534045e-05,nan,nan
933,1644796800000000000,202202,934,935,0.0021142350988371176,0.0021142350988371176,0,0,0.1690682951454093,0,0,0.91372977278508927,0.023172949115262704,0.4684513609501747,0.44527841183491229,0.0006640534143220096,2130.9915421698911,2964,1,0,0.004123579596780275,0.00076736139009026048,0,0.00076736139009026048,2,0,1.2685410593022705e-06,5.3009334742251469e-05,nan,nan
934,1644883200000000000,202202,935,936,0.082650949304226451,0.00041580256110750524,0.082235146743118964,0,0.25171924444963578,0,0.25,0.9187091002229546,0.017084195869962238,0.46789664804645748,0.45081245217649496,0.00066407373099085449,2147.1616887654941,2999,1,0,0.0053460472821009967,0.00044113522248482657,0,0.00044113522248482657,1,0,4.9590569582535872e-05,5.3668149068630353e-05,nan,nan
935,1644969600000000000,202202,936,937,0.0019976454278383621,0.0019976454278383621,0,0,0.25371688987747415,0,0,0.91671145479511607,0.01775687043334297,0.46723416261422862,0.4494772921808855,0.00066407373099085449,2142.8502179484426,2984,1,1,0.0061841001162644717,0,0,0,0,0,1.1985872567030172e-06,5.3509201450105416e-05,0.0061841001162644717,0.0061293923275576633
936,1645056000000000000,202202,937,938,0.0011660179842578487,0.0011660179842578487,0,0,0.25488290786173201,0,0,0.9155454368108582,0.018922888417600803,0.46723416261422862,0.44831127419662764,0.00066407373099085449,2140.3353017815157,2981,1,1,0.0032099834229582188,0,0,0,0,0,6.9961079055470918e-07,5.3370389785312817e-05,0.0032099834229582188,0.0031559134223823511
937,1645142400000000000,202202,938,939,0.0006373440018889717,0.0006373440018889717,0,0,0.25552025186362098,0,0,0.91490809280896923,0.01956023241948977,0.46723416261422862,0.44767393019473867,0.00066407373099085449,2139.1854610162436,2973,1,0,0.0036112968348215391,0.00041267133589913677,0.00045067870569655451,0.00086335004159569123,2,1,3.8240640113338298e-07,5.3294515499373645e-05,nan,nan
938,1645488000000000000,202202,939,940,0.0020394775333775492,0.0020394775333775492,0,0,0.25755972939699856,0,0,0.91286861527559171,0.02159970995286729,0.46723416261422862,0.44563445266136126,0.00066407373099085449,2135.1766386045283,2966,1,0,-0.013609960709968975,0.00041267133589913677,0.00045679124912983711,0.00086946258502897393,2,0,1.2236865200265295e-06,5.3051720554923959e-05,nan,nan
939,1645574400000000000,202202,940,941,0.084717069094617417,0.00053627663643878809,0.08418079245817861,0,0.34227679849161596,0,0.25,0.91741252011113095,0.015982982938129078,0.46669775152462933,0.45071476858649978,0.00066408586655031937,2149.9809364302637,2999,1,0,0.00588798146736125,0,0.00045746924197886843,0.00045746924197886843,1,0,5.0830241456770451e-05,5.3656520069821405e-05,nan,nan
940,1645660800000000000,202202,941,942,0.0021956222984275504,0.0021956222984275504,0,0,0.34447242079004353,0,0,0.91521689781270332,0.018178605236556563,0.46669775152462933,0.44851914628807238,0.00066408586655031937,2144.4897602073243,2987,1,0,-0.0054922080683652849,0.00086711970567045595,0.0011601134248627983,0.0020272331305332542,5,0,1.3173733790565303e-06,5.339513646286576e-05,nan,nan
941,1645747200000000000,202202,942,943,0.0016793017201915971,0.0016793017201915971,0,0,0.34615172251023513,0,0,0.91353759609251173,0.019505560695086292,0.46652157839379838,0.4470160176987118,0.00066408586655031937,2139.7068425393918,2972,1,0,-0.0027076437400367528,0.0016521465757556228,0.001497280753734654,0.0031494273294902769,8,0,1.0075810321149584e-06,5.3216192583179974e-05,nan,nan
942,1646006400000000000,202202,943,944,0.0035685315281082835,0.0035685315281082835,0,0,0.34972025403834339,0,0,0.9099690645644033,0.021020464355501228,0.46549476445995169,0.44447430010445027,0.00066408586655031937,2131.8144275293653,2960,1,0,0.0094391050760901686,0.00078502687008516676,0.00035093387027082323,0.0011359607403559899,4,0,2.1411189168649703e-06,5.2913607155291694e-05,nan,nan
943,1646092800000000000,202203,944,945,0.0017003962858028201,0.0017003962858028201,0,0,0.0017003962858028201,0,0,0.90826866827860053,0.021150806901133676,0.46470973758986656,0.44355893068873264,0.00066408586655031937,2128.0051995603508,2956,1,0,0.0096035728973692409,0.00025253476835478806,1.3766541398967466e-05,0.00026630130975375551,2,0,1.0202377714816919e-06,5.2804634605801507e-05,nan,nan
944,1646179200000000000,202203,945,946,0.084437373449546771,0.0032638666771114635,0.081173506772435372,0,0.08613776973534959,0,0.25,0.91334967141234302,0.018223759984929803,0.46578671569863761,0.44756295571370647,0.00066341022732683359,2144.220022923651,2999,1,0,0.010006785483233114,0.00072954271132710455,0,0.00072954271132710455,2,0,5.0662424069728061e-05,5.3281304251631722e-05,nan,nan
945,1646265600000000000,202203,946,947,0.0027581816815071872,0.0027581816815071872,0,0,0.088895951416856772,0,0,0.91059148973083581,0.020154471837810786,0.46537298078432449,0.44521850894651238,0.00066341022732683359,2138.0184831025822,2987,1,0,0.00036738983265320065,0.00045352132601220456,0.00010759832678074406,0.00056111965279294861,2,0,1.6549090089043122e-06,5.3002203446013378e-05,nan,nan
946,1646352000000000000,202203,947,948,0.0028796375018817293,0.0028796375018817293,0,0,0.091775588918738507,0,0,0.9077118522289539,0.021352737020819152,0.46453229462488776,0.4431795576040673,0.00066341022732683359,2132.4352619372471,2972,1,0,-0.0054614687355831011,9.2244813431551723e-05,0.00016101887858399012,0.00025326369201554187,3,0,1.7277825011290376e-06,5.2759471143341349e-05,nan,nan
947,1646611200000000000,202203,948,949,0.002827674671169904,0.002827674671169904,0,0,0.094603263589908407,0,0,0.90488417755778405,0.024094658589631009,0.46448941807370875,0.44039475948407653,0.00066341022732683359,2126.5404382554707,2959,1,0,-0.0080963994826978494,0.00080179915292104146,5.3420551803246054e-05,0.00085521970472428755,4,0,1.6966048027019426e-06,5.2427947557628157e-05,nan,nan
948,1646697600000000000,202203,949,950,0.0035102223025262986,0.0035102223025262986,0,0,0.09811348589243471,0,0,0.90137395525525776,0.02742039126529415,0.46439717326027719,0.43697678199498197,0.00066341022732683359,2118.7395838726752,2947,1,0,0.0073808161450774311,0.00070955433948948973,0,0.00070955433948948973,2,0,2.106133381515779e-06,5.2021045475593095e-05,nan,nan
949,1646784000000000000,202203,950,951,0.07558384053548696,0.0021826387463139731,0.073401201789172935,0,0.17369732642792168,0,0.25,0.91191904534406787,0.021137940999471479,0.4665284931717702,0.44539055217229984,0.00066210809003469965,2140.6280656615941,2998,1,0,0.012477727758572858,0.00014499255248948383,0,0.00014499255248948383,1,0,4.5350304321292176e-05,5.3022684782416652e-05,nan,nan
950,1646870400000000000,202203,951,952,0.0012895330761654314,0.0012895330761654314,0,0,0.17498685950408713,0,0,0.91062951226790256,0.0217941993014312,0.46621185578466734,0.44441765648323722,0.00066210809003469965,2136.3214908301215,2982,1,0,0.015581241469028886,0.00014499255248948383,0,0.00014499255248948383,1,0,7.7371984569925883e-07,5.2906863867052055e-05,nan,nan
951,1646956800000000000,202203,952,953,0.00089151480327232869,0.00089151480327232869,0,0,0.17587837430735945,0,0,0.90973799746463024,0.022262776823555902,0.46600038714409353,0.44373761032053871,0.00066210809003469965,2134.3360574316266,2976,1,0,-0.0069282042568722521,0.00048568152034342673,0.00040684306146318095,0.00089252458180660767,2,0,5.3490888196339715e-07,5.2825905990540324e-05,nan,nan
952,1647216000000000000,202203,953,954,0.0039929161930350636,0.0039929161930350636,0,0,0.17987129050039452,0,0,0.90574508127159536,0.026255693016591072,0.46600038714409353,0.43974469412750367,0.00066210809003469965,2128.0859083067871,2966,1,0,-0.020903225699253212,0.00048568152034342673,0.00040684306146318095,0.00089252458180660767,2,0,2.3957497158210382e-06,5.2350558824702826e-05,nan,nan
953,1647302400000000000,202203,954,955,0.004084526033862299,0.004084526033862299,0,0,0.18395581653425683,0,0,0.90166055523773281,0.029368856009766478,0.46551470562375008,0.43614584961398473,0.00066210809003469965,2120.315401975603,2953,1,1,-0.0051564193589956368,0,0,0,0,0,2.4507156203173794e-06,5.1922124954045803e-05,-0.0051564193589956368,-0.00521079219957
954,1647388800000000000,202203,955,956,0.069903189864040802,0.0011043715359560801,0.068798818328084682,0,0.25385900639829762,0,0.25,0.91321750141884439,0.022806777009543797,0.46801213921419538,0.44520536220465046,0.00066135330396180337,2139.4660644063724,3000,1,1,-0.0088835095078357816,0,0,0,0,0,4.1941913918424477e-05,5.3000638357696477e-05,-0.0088835095078357816,-0.0089784520601119012
955,1647475200000000000,202203,956,957,0.0021249991262150959,0.0021249991262150959,0,0,0.25598400552451273,0,0,0.91109250229262928,0.024484390540379292,0.46778844641650558,0.4433040558761252,0.00066135330396180337,2133.3618520612495,2975,1,1,0.0096879879330915748,0,0,0,0,0,1.2749994757290575e-06,5.2774292366205376e-05,0.0096879879330915748,0.0096339386412496401
956,1647561600000000000,202203,957,958,0.0014849592886861116,0.0014849592886861116,0,0,0.25746896481319886,0,0,0.90960754300394331,0.025774473698689453,0.46769100835131761,0.44191653465262709,0.00066135330396180337,2129.9243936544476,2967,1,0,-0.0090979419210595342,0,0.00037501805518350693,0.00037501805518350693,1,0,8.909755732116669e-07,5.2609111268169893e-05,nan,nan
957,1647820800000000000,202203,958,959,0.00064156287958183275,0.00064156287958183275,0,0,0.2581105276927807,0,0,0.90896598012436136,0.026416036578271258,0.46769100835131761,0.44127497177304525,0.00066135330396180337,2128.1745569865097,2953,1,0,0.0018749403454535586,0,0.00045569186193091763,0.00045569186193091763,2,0,3.8493772774909965e-07,5.2532734734886346e-05,nan,nan
958,1647907200000000000,202203,959,960,0.00260713092522173,0.00260713092522173,0,0,0.26071765861800245,0,0,0.90635884919913967,0.028958780531210211,0.46765881486517624,0.43870003433396487,0.00066135330396180337,2122.2137606266833,2941,1,0,-0.0010011667009042781,0,8.0673806747410688e-05,8.0673806747410688e-05,1,0,1.564278555133038e-06,5.2226194563567247e-05,nan,nan
959,1647993600000000000,202203,960,961,0.06639622165883112,0.0016791388150658049,0.064717082843765317,0,0.32711388027683358,0,0.25,0.91749902942596462,0.022935311910928406,0.4702171706684467,0.44728185875751891,0.00066171404794527567,2140.5665443987732,2999,1,0,0.012490498459273422,0.00063206808501948511,0,0.00063206808501948511,1,0,3.9837732995298672e-05,5.3247840328276067e-05,nan,nan
960,1648080000000000000,202203,961,962,0.0011814745700283902,0.0011814745700283902,0,0,0.32829535484686195,0,0,0.91631755485593602,0.023808958400867632,0.47006325662840215,0.44625429822753515,0.00066171404794527567,2138.0026309227073,2993,1,0,-0.0051080939926336898,0.00063206808501948511,0,0.00063206808501948511,1,0,7.0888474201703418e-07,5.3125511693754185e-05,nan,nan
961,1648166400000000000,202203,962,963,0.0012677925243857215,0.0012677925243857215,0,0,0.3295631473712477,0,0,0.91504976233155022,0.02381261475521437,0.46943118854338267,0.44561857378816894,0.00066171404794527567,2135.4811086730597,2985,1,0,-0.011328668880853597,0.00015419816200206793,0,0.00015419816200206793,1,0,7.6067551463143287e-07,5.3049830212877252e-05,nan,nan
962,1648425600000000000,202203,963,964,0.00050375724782553729,0.00050375724782553729,0,0,0.33006690461907323,0,0,0.91454600508372486,0.024316372003039873,0.46943118854338267,0.44511481654034341,0.00066171404794527567,2133.5964988453675,2978,1,0,0.006820236452174994,0.00022298054890841062,0,0.00022298054890841062,2,0,3.0225434869532235e-07,5.2989859111945636e-05,nan,nan
963,1648512000000000000,202203,964,965,0.0003936705273914017,0.0003936705273914017,0,0,0.33046057514646465,0,0,0.91415233455633349,0.024401646206427163,0.4692769903813806,0.44487534417495406,0.00066171404794527567,2132.0665676721828,2974,1,0,0.00040020742849914212,0.00031132068415770436,0,0.00031132068415770436,2,0,2.3620231643484103e-07,5.2961350497018341e-05,nan,nan
964,1648598400000000000,202203,965,966,0.06649284621013471,0.0020518246785220118,0.064441021531612699,0,0.39695342135659939,0,0.25,0.9232367203781382,0.019239526770424176,0.47123812357428002,0.45199859680385629,0.00066318081612925844,2147.888980006428,2999,1,0,-0.0035913224250389633,0.00068614301048005612,0,0.00068614301048005612,2,0,3.9895707726080827e-05,5.3809356762363845e-05,nan,nan
965,1648684800000000000,202203,966,967,0.0015150619627162861,0.0015150619627162861,0,0,0.39846848331931567,0,0,0.92172165841542208,0.020217317080121769,0.47096948774777064,0.45075217066764939,0.00066318081612925844,2144.5952525641233,2987,1,0,-0.011362813549623905,0.00090851996792870083,0.00035342361894115035,0.0012619435868698511,3,0,9.0903717762977172e-07,5.3660972698529684e-05,nan,nan
966,1648771200000000000,202204,967,968,0.00053016377199883113,0.00053016377199883113,0,0,0.00053016377199883113,0,0,0.92119149464342331,0.019912466484179145,0.47055198056379993,0.45063951407962133,0.00066318081612925844,2143.1119088157902,2978,1,0,0.0085644537669231462,0.0019054076108830228,0.00035342361894115035,0.0022588312298241729,5,0,3.1809826319929867e-07,5.3647561199954919e-05,nan,nan
967,1649030400000000000,202204,968,969,0.0020048399943855127,0.0020048399943855127,0,0,0.0025350037663843441,0,0,0.91918665464903782,0.020935280910648776,0.47006096777984191,0.44912568686919391,0.00066318081612925844,2138.2248085739448,2969,1,0,0.008374160551854434,0.0014143948269250337,0,0.0014143948269250337,3,0,1.2029039966313077e-06,5.3467343674904034e-05,nan,nan
968,1649116800000000000,202204,969,970,0.0031337664345221627,0.0031337664345221627,0,0,0.0056687702009065068,0,0,0.91605288821451536,0.020956357116318575,0.46850462266541576,0.44754826554909793,0.00066318081612925844,2131.3203555955106,2959,1,0,0.0043675490673728097,0.0010818286210044765,0,0.0010818286210044765,2,0,1.8802598607132976e-06,5.3279555422511656e-05,nan,nan
969,1649203200000000000,202204,970,971,0.067572691566222171,2.1619447996996817e-05,0.067551072118225169,0,0.073241461767128674,0,0.25,0.92418733933511898,0.015733482423235363,0.46996041087917723,0.45422692845594359,0.00066411528653209889,2146.3884751936221,3000,1,0,0.0087086146102090482,0.0010714452960326676,0,0.0010714452960326676,2,0,4.0543614939733305e-05,5.4074634339993277e-05,nan,nan
970,1649289600000000000,202204,971,972,0.0023480703099250425,0.0023480703099250425,0,0,0.075589532077053712,0,0,0.92183926902519397,0.015938662141095038,0.46888896558314458,0.45295030344205123,0.00066411528653209889,2142.5614618004133,2986,1,0,-0.0011668890098939788,0,0.00025118635609092913,0.00025118635609092913,1,0,1.4088421859550254e-06,5.392265517167277e-05,nan,nan
971,1649376000000000000,202204,972,973,0.00022166214561167031,0.00022166214561167031,0,0,0.075811194222665385,0,0,0.92161760687958239,0.016160324286706666,0.46888896558314458,0.45272864129643953,0.00066411528653209889,2141.6358060718885,2977,1,0,0.0024457932099227375,0,0.00025118635609092913,0.00025118635609092913,1,0,1.3299728736700216e-07,5.3896266821004704e-05,nan,nan
972,1649635200000000000,202204,973,974,0.0011893613386046475,0.0011893613386046475,0,0,0.077000555561270029,0,0,0.92042824554097757,0.017349685625311303,0.46888896558314458,0.45153927995783477,0.00066411528653209889,2139.0514006626381,2971,1,1,-0.0040670311789854884,0,0,0,0,0,7.1361680316278841e-07,5.3754676185456519e-05,-0.0040670311789854884,-0.0041214994719741072
973,1649721600000000000,202204,974,975,0.0013083196612494088,0.0013083196612494088,0,0,0.078308875222519433,0,0,0.91911992587972824,0.018658005286560645,0.46888896558314458,0.45023096029658533,0.00066411528653209889,2136.114348584917,2964,1,1,0.0078370940230211815,0,0,0,0,0,7.8499179674964522e-07,5.3598923844831592e-05,0.0078370940230211815,0.0077827101073796008
974,1649808000000000000,202204,975,976,0.070359262913172488,0.00090010855344325655,0.069459154359729242,0,0.14866813813569191,0,0.25,0.9254289482941368,0.014668585380002186,0.4700487668370702,0.45538018145706866,0.00066476424712307567,2149.3798665522131,3000,1,1,0.0090823880408116755,0,0,0,0,0,4.2215557747903494e-05,5.4211926363936738e-05,0.0090823880408116755,0.008985960556699835
975,1649894400000000000,202204,976,977,0.0014896555670614057,0.0014896555670614057,0,0,0.15015779370275331,0,0,0.92393929272707553,0.015637203416499018,0.46978824807178798,0.4541510446552896,0.00066476424712307567,2145.5975715186983,2988,1,1,-0.0073699232216601967,0,0,0,0,0,8.9379334023684344e-07,5.4065600554201141e-05,-0.0073699232216601967,-0.007424882615554634
976,1650240000000000000,202204,977,978,0.0011493394759673316,0.0011493394759673316,0,0,0.15130713317872063,0,0,0.92278995325110824,0.016786542892466321,0.46978824807178798,0.45300170517932226,0.00066476424712307567,2143.1831546799021,2981,1,1,0.011698772068689847,0,0,0,0,0,6.89603685580399e-07,5.3928774426109797e-05,0.011698772068689847,0.011644153690578156
977,1650326400000000000,202204,978,979,0.00065948168274959065,0.00065948168274959065,0,0,0.15196661486147023,0,0,0.9221304715683587,0.017446024575215907,0.46978824807178798,0.45234222349657272,0.00066476424712307567,2142.2760183012347,2977,1,1,0.0068772535973993885,0,0,0,0,0,3.9568900964975439e-07,5.3850264701972941e-05,0.0068772535973993885,0.0068230076436877653
978,1650412800000000000,202204,979,980,0.0023902360323145096,0.0023902360323145096,0,0,0.15435685089378473,0,0,0.91974023553604434,0.019824976870364195,0.46978260620320489,0.44995762933284128,0.00066476424712307567,2137.9458485594619,2969,1,0,-0.0020809654083892991,0.00030450187449583408,0,0.00030450187449583408,1,0,1.4341416193887058e-06,5.3566384444385874e-05,nan,nan
979,1650499200000000000,202204,980,981,0.067962452479820273,0.0021078093828540618,0.065854643096966148,0,0.222319303373605,0,0.25,0.92621952627546467,0.016449589689913165,0.47133455798268709,0.45488496829277547,0.00066522695981968455,2149.7273921362721,3000,1,0,-0.010419487402284749,0.00032245604581525664,1.6846727353872723e-05,0.00033930277316912934,2,0,4.0777471487892165e-05,5.4152972415806608e-05,nan,nan
980,1650585600000000000,202204,981,982,0.0018230927230327547,0.0018230927230327547,0,0,0.22414239609663775,0,0,0.92439643355243184,0.017370707595506813,0.47088357057396751,0.45351286297846233,0.00066522695981968455,2146.0209814801983,2989,1,0,0.010274833906761042,0,1.6846727353872723e-05,1.6846727353872723e-05,1,0,1.0938556338196529e-06,5.3989626545055036e-05,nan,nan
981,1650844800000000000,202204,982,983,0.0014946144668818641,0.0014946144668818641,0,0,0.22563701056351962,0,0,0.9229018190855498,0.018379894167469213,0.47064085662650773,0.45226096245904024,0.00066522695981968455,2142.4322274330952,2977,1,1,0.0043394958860985188,0,0,0,0,0,8.9676868012911856e-07,5.3840590768933365e-05,0.0043394958860985188,0.0042847585266494563
982,1650931200000000000,202204,983,984,0.00064773758534618299,0.00064773758534618299,0,0,0.22628474814886579,0,0,0.92225408150020372,0.018944798364594867,0.4705994399323975,0.45165464156780427,0.00066522695981968455,2140.0825536864613,2971,1,1,-0.0016549152110308853,0,0,0,0,0,3.886425512077098e-07,5.3768409710452886e-05,-0.0016549152110308853,-0.001709072263292546
983,1651017600000000000,202204,984,985,0.00041113427128890449,0.00041113427128890449,0,0,0.2266958824201547,0,0,0.92184294722891458,0.019193144125901694,0.47051804567740652,0.45132490155150634,0.00066522695981968455,2138.3783077792004,2963,1,0,0.00022616896230033784,0.00030077867644634655,0,0.00030077867644634655,1,0,2.4668056277334268e-07,5.3729154946607899e-05,nan,nan
984,1651104000000000000,202204,985,986,0.061127451263673388,0.0007922555594505864,0.060335195704222779,0,0.28782333368382806,0,0.25,0.9314279345433657,0.014576997656404836,0.47300246609988561,0.45842546844348092,0.00066564403627576837,2156.5463648089476,3000,1,0,-0.012841547928893946,0.00029857779558005822,0,0.00029857779558005822,1,0,3.6676470758204031e-05,5.4574460528985819e-05,nan,nan
985,1651190400000000000,202204,986,987,0.0013954077257720356,0.0013954077257720356,0,0,0.28921874140960008,0,0,0.93003252681759363,0.015224678569636548,0.47262860269361551,0.45740392412397901,0.00066564403627576837,2153.0274013662352,2987,1,0,0.0062037244661096256,0.00012003760243417037,0,0.00012003760243417037,1,0,8.3724463546322128e-07,5.44528481099975e-05,nan,nan
986,1651449600000000000,202205,987,988,0.0013700945866755116,0.0013700945866755116,0,0,0.0013700945866755116,0,0,0.92866243223091804,0.01652925100909701,0.47259584162000801,0.45606659061091104,0.00066564403627576837,2150.3597572896315,2978,1,0,-0.00058204613763682893,0.00012003760243417037,0,0.00012003760243417037,1,0,8.2205675200530694e-07,5.4293641739394179e-05,nan,nan
987,1651536000000000000,202205,988,989,0.0018753940112479735,0.0018753940112479735,0,0,0.0032454885979234854,0,0,0.92678703821967012,0.018141465405542651,0.47246425181260676,0.45432278640706425,0.00066564403627576837,2146.3513730468967,2969,1,0,0.011696157704173685,0,0.0006440365947827188,0.0006440365947827188,1,0,1.1252364067487841e-06,5.4086046000840978e-05,nan,nan
988,1651622400000000000,202205,989,990,0.00065016667429216126,0.00065016667429216126,0,0,0.0038956552722156468,0,0,0.92613687154537794,0.018791632079834832,0.47246425181260676,0.45367261973277218,0.00066564403627576837,2145.5107218726812,2965,1,0,0.012616219686161575,0,0.0006440365947827188,0.0006440365947827188,1,0,3.9010000457529672e-07,5.4008645206282406e-05,nan,nan
989,1651708800000000000,202205,990,991,0.061461569678727547,0.001313050883452525,0.060148518795275045,0,0.065357224950943191,0,0.25,0.93514980662812008,0.014997035419701595,0.47507342102391209,0.46007638560420994,0.00066595990389077824,2166.310479833131,2999,1,0,0.0094898735590389829,0,0.00023091310923990886,0.00023091310923990886,1,0,3.6876941807236532e-05,5.4770998286215471e-05,nan,nan
990,1651795200000000000,202205,991,992,5.2748804678103573e-05,5.2748804678103573e-05,0,0,0.065409973755621298,0,0,0.93509705782344199,0.015049784224379661,0.47507342102391209,0.4600236367995319,0.00066595990389077824,2166.0674559877139,2987,1,0,0.0010413542671146676,0,0.00023091310923990886,0.00023091310923990886,1,0,3.1649282806862143e-08,5.4764718666610942e-05,nan,nan
991,1652054400000000000,202205,992,993,0.00092895792791635899,0.00092895792791635899,0,0,0.066338931683537661,0,0,0.93416809989552552,0.015678401298823509,0.47492325059717583,0.45924484929835174,0.00066595990389077824,2163.6192248129087,2979,1,1,0.019182056521369506,0,0,0,0,0,5.5737475674981544e-07,5.4672005868851406e-05,0.019182056521369506,0.019126827140743905
992,1652140800000000000,202205,993,994,0.0038358145647095698,0.0038358145647095698,0,0,0.070174746248247225,0,0,0.93033228533081591,0.019414760546553504,0.47487352293868595,0.4554587623921319,0.00066595990389077824,2156.5788053366082,2961,1,1,-0.014942211708484157,0,0,0,0,0,2.3014887388257418e-06,5.4221281237158556e-05,-0.014942211708484157,-0.014998734478460141
993,1652227200000000000,202205,994,995,0.0017939448303978833,0.0017939448303978833,0,0,0.071968691078645106,0,0,0.92853834050041795,0.021208705376951395,0.47487352293868595,0.45366481756173405,0.00066595990389077824,2153.336394632151,2957,1,0,-0.017107265472649919,0.0004700240918643682,3.8372763479626609e-06,0.00047386136821233086,2,0,1.0763668982387301e-06,5.400771637639691e-05,nan,nan
994,1652313600000000000,202205,995,996,0.06761502331989451,0.0056458388215210164,0.061969184498373568,0,0.13958371439853962,0,0.25,0.93171923704956938,0.020042835730884178,0.4758810363902275,0.4558382006593435,0.00066628150948099289,2160.7265354939336,3000,1,0,0.011428750338612381,0.00048150641756262655,5.2461779451240562e-05,0.00053396819701386714,3,0,4.0569013991936709e-05,5.4266452459445655e-05,nan,nan
995,1652400000000000000,202205,996,997,0.0022340929157311082,0.0022340929157311082,0,0,0.14181780731427071,0,0,0.92948514413383843,0.020562351093974179,0.47502374761390687,0.454461396519933,0.00066628150948099289,2154.9580356069264,2986,1,0,-0.007839797919639185,0.00075145321226287201,4.8026394953269136e-05,0.00079947960721614116,3,0,1.3404557494386648e-06,5.4102547204753933e-05,nan,nan
996,1652659200000000000,202205,997,998,0.0013027802163658949,0.0013027802163658949,0,0,0.14312058753063661,0,0,0.92818236391747277,0.021090815413745575,0.47463658966560962,0.45354577425186438,0.00066628150948099289,2151.5190390055918,2968,1,0,0.0030253226677558792,0.00075145321226287201,0,0.00075145321226287201,2,0,7.8166812981953696e-07,5.3993544553793378e-05,nan,nan
997,1652745600000000000,202205,998,999,0.00093574493346258627,0.00093574493346258627,0,0,0.14405633246409918,0,0,0.92724661898401028,0.020523653922682471,0.47388513645334673,0.45336148253066461,0.00066628150948099289,2148.8576890112699,2962,1,0,-0.0088906169111013563,0.00061876418997127791,0,0.00061876418997127791,1,0,5.6144696007755171e-07,5.3971605063174364e-05,nan,nan
998,1652832000000000000,202205,999,1000,0.0025936767552840359,0.0025936767552840359,0,0,0.14665000921938323,0,0,0.92465294222872629,0.021812789861629444,0.47323286604517822,0.45142007618354901,0.00066628150948099289,2142.3217480290668,2949,1,0,0.00078496749545153312,0.00061876418997127791,0,0.00061876418997127791,1,0,1.5562060531704214e-06,5.3740485259946311e-05,nan,nan
999,1652918400000000000,202205,1000,1001,0.062807676131415066,0.0017545853383667588,0.061053090793048305,0,0.20945768535079828,0,0.25,0.93009326510001622,0.016747385115039006,0.47342032510752463,0.45667293999248582,0.00066659481440699384,2147.3381216679159,2999,1,1,0.0078430762440113121,0,0,0,0,0,3.7684605678849035e-05,5.4365826189581652e-05,0.0078430762440113121,0.0077510258121428815
1000,1653004800000000000,202205,1001,1002,0.00068926300323940816,0.00068926300323940816,0,0,0.21014694835403769,0,0,0.92940400209677676,0.017436648118278438,0.47342032510752463,0.45598367698924641,0.00066659481440699384,2146.0297929665694,2991,1,0,0.017061375763688647,0.00019249709323703701,0,0.00019249709323703701,2,0,4.1355780194364491e-07,5.428377107014838e-05,nan,nan
1001,1653264000000000000,202205,1002,1003,0.0017976162315181158,0.0017976162315181158,0,0,0.2119445645855558,0,0,0.92760638586525856,0.019234264349796526,0.47342032510752463,0.45418606075772827,0.00066659481440699384,2142.3203371305076,2986,1,0,-0.0071794794692490536,0.00084365732413103954,0,0.00084365732413103954,3,0,1.0785697389108694e-06,5.4069769137824794e-05,nan,nan
1002,1653350400000000000,202205,1003,1004,0.00066464032414248356,0.00066464032414248356,0,0,0.21260920490969829,0,0,0.92694174554111608,0.019513910487464901,0.47322782801428764,0.45371391752682283,0.00066659481440699384,2140.5442374513318,2979,1,0,-0.0075963316771000362,0.00067497923372873713,0,0.00067497923372873713,2,0,3.9878419448549016e-07,5.4013561610336055e-05,nan,nan
1003,1653436800000000000,202205,1004,1005,0.0032928693201513975,0.0032928693201513975,0,0,0.21590207422984969,0,0,0.92364887622096459,0.021504459345828373,0.47257666778339363,0.45107220843756546,0.00066659481440699384,2134.8886657989992,2964,1,0,-0.0063644399973680618,2.3819002834734611e-05,6.2619947024688952e-05,8.6438949859423566e-05,2,0,1.9757215920908387e-06,5.3699072433043499e-05,nan,nan
1004,1653523200000000000,202205,1005,1006,0.060977891878690987,0.00069812860117668949,0.060279763277514324,0,0.27687996610854071,0,0.25,0.93069774999028276,0.016616212456001651,0.47365698122314165,0.45704076876714145,0.00066683321540861329,2145.8712030827105,2999,1,0,0.0014731952384833143,0,0.00024831876803623111,0.00024831876803623111,3,0,3.6586735127214593e-05,5.4409615329421592e-05,nan,nan
1005,1653609600000000000,202205,1006,1007,0.0010592538319513559,0.0010592538319513559,0,0,0.27793921994049209,0,0,0.9296384961583315,0.017675466287952985,0.47365698122314165,0.45598151493519012,0.00066683321540861329,2143.7948997994899,2986,1,0,0.0069178274171861143,0.00026213762044686333,0.00023263818161264183,0.00049477580205950522,3,0,6.3555229917081359e-07,5.4283513682760731e-05,nan,nan
1006,1653955200000000000,202205,1007,1008,0.0012448467972372269,0.0012448467972372269,0,0,0.27918406673772933,0,0,0.92839364936109425,0.018090876932719355,0.47324226314690615,0.45515138621418838,0.00066683321540861329,2139.6372045348348,2972,1,0,-0.01208875894489168,0.00026213762044686333,0.00059095399201505904,0.00085309161246192237,3,0,7.4690807834233617e-07,5.4184688835022424e-05,nan,nan
1007,1654041600000000000,202206,1008,1009,0.00082525131453242023,0.00082525131453242023,0,0,0.00082525131453242023,0,0,0.92756839804656155,0.018364918329362215,0.47296665818796146,0.4546017398586007,0.00066683321540861329,2137.0105465055576,2964,1,0,0.0052361882045087746,0,0.00059095399201505904,0.00059095399201505904,2,0,4.9515078871945214e-07,5.4119254745071515e-05,nan,nan
1008,1654128000000000000,202206,1009,1010,0.00092830715586119967,0.00092830715586119967,0,0,0.00175355847039362,0,0,0.92664009089070043,0.019293225485223473,0.47296665818796146,0.45367343270273941,0.00066683321540861329,2134.0328494210262,2956,1,1,-0.00064711236793877822,0,0,0,0,0,5.5698429351671986e-07,5.4008741988421356e-05,-0.00064711236793877822,-0.00070167809422071626
1009,1654214400000000000,202206,1010,1011,0.060148667521230506,0.00062734022854640835,0.059521327292684098,0,0.061902225991624128,0,0.25,0.93325503649808672,0.014940424285328177,0.47409773039170705,0.45915730610637912,0.00066685458599161323,2146.4744900936748,3000,1,0,-0.00044670387072763968,0,0.00060718900063679254,0.00060718900063679254,1,0,3.608920051273831e-05,5.4661584060283228e-05,nan,nan
1010,1654473600000000000,202206,1011,1012,0.00073757265164048087,0.00073757265164048087,0,0,0.062639798643264605,0,0,0.93251746384644618,0.015544049111571151,0.47403075647900833,0.45848670736743735,0.00066685458599161323,2145.3433288858537,2993,1,0,-0.0063288623909197456,0.00064014711353746641,0.00060718900063679254,0.001247336114174259,2,0,4.4254359098428854e-07,5.4581750877075874e-05,nan,nan
1011,1654560000000000000,202206,1012,1013,0.0015929672957134837,0.0015929672957134837,0,0,0.064232765938978087,0,0,0.93092449655073273,0.017137016407284551,0.47403075647900833,0.45689374007172395,0.00066685458599161323,2142.4361880808879,2983,1,0,0.0053781251462169527,0.00064014711353746641,0,0.00064014711353746641,1,0,9.5578037742809012e-07,5.4392111913300469e-05,nan,nan
1012,1654646400000000000,202206,1013,1014,0.0010787872557197333,0.0010787872557197333,0,0,0.065311553194697822,0,0,0.92984570929501287,0.016101932434532028,0.47297382086477219,0.45687188843024035,0.00066685458599161323,2139.9486623649395,2973,1,1,0.010182841684699941,0,0,0,0,0,6.4727235343183996e-07,5.438951052740957e-05,0.010182841684699941,0.010127804901819099
1013,1654732800000000000,202206,1014,1015,0.0016546649381383271,0.0016546649381383271,0,0,0.066966218132836153,0,0,0.92819104435687461,0.016587435818659159,0.47238924008776662,0.45580180426910766,0.00066546889562700356,2136.4104447444392,2964,1,1,0.0085035109409236035,0,0,0,0,0,9.9279896288299616e-07,5.4262119555846143e-05,0.0085035109409236035,0.0084482560224048743
1014,1654819200000000000,202206,1015,1016,0.062035527908647109,0.00047343498702934075,0.061562092921617746,0,0.12900174604148326,0,0.25,0.93479796599798115,0.012495647269381609,0.47364680663368186,0.46115115936429979,0.00066529380027389616,2150.6958317145604,3000,1,0,-0.0029318647466705068,0.00025612903262053405,0,0.00025612903262053405,1,0,3.7221316745188266e-05,5.4898947543369019e-05,nan,nan
1015,1655078400000000000,202206,1016,1017,0.0013050830162720892,0.0013050830162720892,0,0,0.13030682905775534,0,0,0.93349288298170885,0.013800730285653753,0.47364680663368186,0.45984607634802765,0.00066529380027389616,2147.4600090531117,2983,1,0,-0.010187736797784749,0.00025612903262053405,0,0.00025612903262053405,1,0,7.8304980976325356e-07,5.4743580517622343e-05,nan,nan
1016,1655164800000000000,202206,1017,1018,0.0017663051654996692,0.0017663051654996692,0,0,0.13207313422325501,0,0,0.93172657781620927,0.014782599661582678,0.47325458873889659,0.45847198907731351,0.00066529380027389616,2143.016973991233,2968,1,1,0.0091903932062623126,0,0,0,0,0,1.0597830992998016e-06,5.4579998699680186e-05,0.0091903932062623126,0.0091347534244633315
1017,1655251200000000000,202206,1018,1019,0.00033640768180080396,0.00033640768180080396,0,0,0.1324095419050558,0,0,0.93139017013440828,0.014481295061565619,0.4729357325979876,0.45845443753642162,0.00066529380027389616,2142.0077278583099,2962,1,0,-0.017412244339430245,0,4.2893868893068278e-05,4.2893868893068278e-05,1,0,2.0184460908048237e-07,5.4577909230526382e-05,nan,nan
1018,1655337600000000000,202206,1019,1020,0.00038978127077001959,0.00038978127077001959,0,0,0.13279932317582582,0,0,0.93100038886363823,0.014632504136824015,0.4728164465002318,0.45818394236340737,0.00066529380027389616,2140.6359313519097,2955,1,0,0.0016124905083982101,0,8.9234293389548245e-05,8.9234293389548245e-05,2,0,2.3386876246201176e-07,5.4545707424215162e-05,nan,nan
1019,1655424000000000000,202206,1020,1021,0.066571081569763657,0.0021738185506767031,0.064397263019086978,0,0.19937040474558948,0,0.25,0.93550217171116012,0.012604742015625637,0.47405345686339145,0.46144871484776645,0.00066392962791137573,2153.2541943209271,2999,1,0,-0.0083011100977056045,0.0003236860781703491,3.1556369878336077e-05,0.0003552424480486852,3,0,3.9942648941858195e-05,5.493437081521029e-05,nan,nan
1020,1655769600000000000,202206,1021,1022,0.0012866803390596832,0.0012866803390596832,0,0,0.20065708508464916,0,0,0.93421549137210069,0.013561309068414924,0.47388840022025625,0.46032709115184195,0.00066392962791137573,2150.1570112482468,2985,1,0,-0.018976029257559684,0.0003236860781703491,1.672763263009343e-05,0.00034041371080044251,2,0,7.7200820343580997e-07,5.4800844184743096e-05,nan,nan
1021,1655856000000000000,202206,1022,1023,0.0028749007112188383,0.0028749007112188383,0,0,0.20353198579586801,0,0,0.93134059066088193,0.015788837623293122,0.4735647141420859,0.45777587651879337,0.00066392962791137573,2144.4024293714047,2976,1,0,-0.0042500115705694456,0.00083822496835141386,0.00014987071206198595,0.0009880956804133997,3,0,1.7249404267313029e-06,5.449712815699921e-05,nan,nan
1022,1655942400000000000,202206,1023,1024,0.00025970642289399251,0.00025970642289399251,0,0,0.20379169221876201,0,0,0.93108088423798796,0.015708181566986702,0.47339453290248568,0.45768635133549962,0.00066392962791137573,2143.3096141550454,2970,1,0,0.0089699170801318586,0.00083822496835141386,0.00014987071206198595,0.0009880956804133997,3,0,1.5582385373639549e-07,5.4486470397083291e-05,nan,nan
1023,1656028800000000000,202206,1024,1025,0.0028497389638586111,0.0028497389638586111,0,0,0.20664143118262063,0,0,0.92823114527412953,0.016694149016599606,0.47246264714536285,0.4557684981287638,0.00066392962791137573,2137.6264992418137,2958,1,0,0.011638894727029222,0.00046273373588202025,0,0.00046273373588202025,1,0,1.7098433783151665e-06,5.4258154539138547e-05,nan,nan
1024,1656288000000000000,202206,1025,1026,0.065750150479078631,0.0014142638088252783,0.064335886670253264,0,0.27239158166169924,0,0.25,0.93375455569129318,0.012754476585120715,0.47325451613820607,0.46050003955308599,0.00066468689481701752,2150.611918684745,3000,1,0,0.0016474710166883336,0.00049549968717866211,0,0.00049549968717866211,1,0,3.9450090287447179e-05,5.482143328012928e-05,nan,nan
1025,1656374400000000000,202206,1026,1027,0.00056149414535880838,0.00056149414535880838,0,0,0.27295307580705808,0,0,0.93319306154593451,0.012227803172455023,0.4727104323591938,0.46048262918673949,0.00066468689481701752,2149.3406265534718,2991,1,1,0.0029445549927788971,0,0,0,0,0,3.3689648721528504e-07,5.481936061746899e-05,0.0029445549927788971,0.002889398735674213
1026,1656460800000000000,202206,1027,1028,0.00055454655689519158,0.00055454655689519158,0,0,0.27350762236395326,0,0,0.93263851498903927,0.012782349729350185,0.4727104323591938,0.45992808262984425,0.00066468689481701752,2147.3227721926864,2979,1,0,-0.0040800771051514809,0.0014922745584662498,0,0.0014922745584662498,3,0,3.3272793413711495e-07,5.4753343170219552e-05,nan,nan
1027,1656547200000000000,202206,1028,1029,0.0011594497047485905,0.0011594497047485905,0,0,0.27466707206870183,0,0,0.93147906528429059,0.013941799434098722,0.4727104323591938,0.45876863292509568,0.00066468689481701752,2145.4952405054696,2973,1,0,-0.023100258490644204,0.0020568136005854045,0,0.0020568136005854045,4,0,6.9566982284915431e-07,5.4615313443463775e-05,nan,nan
1028,1656633600000000000,202207,1029,1030,0.0037052445180692896,0.0037052445180692896,0,0,0.0037052445180692896,0,0,0.92777382076622161,0.014662494835235438,0.47121815780072757,0.45655566296549271,0.00066468689481701752,2137.575576460049,2959,1,0,0.0038460534045411201,0.0015680984980227057,0,0.0015680984980227057,3,0,2.223146710841574e-06,5.435186463874913e-05,nan,nan
1029,1656979200000000000,202207,1030,1031,0.065439695647972071,0.0019790355234196996,0.063460660124552329,0,0.069144940166041363,0,0.25,0.93314403194807871,0.01163433920581316,0.47238918557694587,0.46075484637113356,0.00066537106728142229,2149.0743204806372,2999,1,0,-0.0071018558587911578,0.0010026751575012514,0,0.0010026751575012514,2,0,3.9263817388783239e-05,5.4851767425134942e-05,nan,nan
1030,1657065600000000000,202207,1031,1032,0.001563176519259519,0.001563176519259519,0,0,0.070708116685300887,0,0,0.9315808554288193,0.011192165410070124,0.47138651041944457,0.46019434500937534,0.00066537106728142229,2145.9790147401559,2981,1,1,0.0013244006690586153,0,0,0,0,0,9.3790591155571143e-07,5.4785041072544683e-05,0.0013244006690586153,0.0012686777220745149
1031,1657152000000000000,202207,1032,1033,0.0011161420425920277,0.0011161420425920277,0,0,0.071824258727892915,0,0,0.93046471338622727,0.0119814132263818,0.47122306330630437,0.45924165007992351,0.00066537106728142229,2143.3156893188634,2973,1,1,0.01306570923150639,0,0,0,0,0,6.6968522555521654e-07,5.4671625009514703e-05,0.01306570923150639,0.01301036792127132
1032,1657238400000000000,202207,1033,1034,0.0013724352896069391,0.0013724352896069391,0,0,0.073196694017499855,0,0,0.92909227809662032,0.013291483823285146,0.47119188095995257,0.45790039713666841,0.00066537106728142229,2139.3862604112765,2963,1,1,-0.0045456035228518248,0,0,0,0,0,8.2346117376416349e-07,5.4511952040079571e-05,-0.0045456035228518248,-0.0046009389360656683
1033,1657497600000000000,202207,1034,1035,8.0133494534737088e-06,8.0133494534737088e-06,0,0,0.073204707366953323,0,0,0.92908426474716688,0.013299497172738642,0.47119188095995257,0.45789238378721486,0.00066537106728142229,2139.3494798186907,2960,1,1,0.00075781667013108736,0,0,0,0,0,4.8080096720842257e-09,5.4510998069906532e-05,0.00075781667013108736,0.00070330086405150875
1034,1657584000000000000,202207,1035,1036,0.063967711726046581,0.0012088409619556914,0.062758870764090924,0,0.1371724190929999,0,0.25,0.93467913929727686,0.010581828020394772,0.47263048365883659,0.46204865563844061,0.00066572009039850798,2152.3846352841879,3000,1,1,0.0034770607583723043,0,0,0,0,0,3.8380627035627944e-05,5.500579233790959e-05,0.0034770607583723043,0.0033836743389987667
1035,1657670400000000000,202207,1036,1037,0.00071124064485034806,0.00071124064485034806,0,0,0.13788365973785024,0,0,0.93396789865242658,0.011293068665245109,0.47263048365883659,0.46133741499359032,0.00066572009039850798,2151.1076109737069,2993,1,1,-0.0025230848800499744,0,0,0,0,0,4.2674438691020879e-07,5.4921120832570273e-05,-0.0025230848800499744,-0.0025784327452694549
1036,1657756800000000000,202207,1037,1038,0.00057849724503219882,0.00057849724503219882,0,0,0.13846215698288244,0,0,0.93338940140739446,0.011871565910277292,0.47263048365883659,0.46075891774855809,0.00066572009039850798,2148.9296805484087,2984,1,1,0.0010491152751852376,0,0,0,0,0,3.470983470193193e-07,5.4852252112923585e-05,0.0010491152751852376,0.00099391592472529476
1037,1657843200000000000,202207,1038,1039,0.00063434782098834171,0.00063434782098834171,0,0,0.13909650480387079,0,0,0.9327550535864062,0.01209216168247397,0.47242360763444075,0.46033144595196568,0.00066572009039850798,2146.5546669436326,2975,1,0,-0.0077043817253317501,0.00062399358809211438,0,0.00062399358809211438,1,0,3.8060869259300505e-07,5.4801362613329242e-05,nan,nan
1038,1658102400000000000,202207,1039,1040,0.00077353486921418542,0.00077353486921418542,0,0,0.13987003967308498,0,0,0.93198151871719181,0.012448956358570698,0.47221523753788203,0.45976628117931018,0.00066572009039850798,2143.8813373010762,2967,1,0,-0.011748791355627487,0.0010740152784483464,0,0.0010740152784483464,2,0,4.641209215285113e-07,5.473408109277502e-05,nan,nan
1039,1658188800000000000,202207,1040,1041,0.066162944639996724,0.00067561224531065408,0.065487332394686085,0,0.2060329843130817,0,0.25,0.93685262732113361,0.0089074360707742072,0.4728800316959535,0.46397259562517962,0.00066595762395217119,2157.4931027215657,2999,1,0,-0.0057961638481512558,0.0013247094673546978,0,0.0013247094673546978,4,0,3.9697766783998034e-05,5.5234832812521385e-05,nan,nan
1040,1658275200000000000,202207,1041,1042,0.0011465424872682923,0.0011465424872682923,0,0,0.20717952680034998,0,0,0.93570608483386541,0.0088370084093725813,0.47227154662161847,0.46343453821224628,0.00066595762395217119,2154.8545484988267,2989,1,0,0.010144852256066955,0.0013806780091571674,0,0.0013806780091571674,4,0,6.8792549236097542e-07,5.5170778358600753e-05,nan,nan
1041,1658361600000000000,202207,1042,1043,0.0013763312929634529,0.0013763312929634529,0,0,0.20855585809331342,0,0,0.93432975354090197,0.0082236703654738723,0.47127671195318738,0.46305304158771388,0.00066595762395217119,2150.3974704652956,2976,1,0,0.0099409122447339238,0.0011556210179442241,0,0.0011556210179442241,2,0,8.2579877577807176e-07,5.512536209377546e-05,nan,nan
1042,1658448000000000000,202207,1043,1044,0.0012743819888031672,0.0012743819888031672,0,0,0.20983024008211659,0,0,0.93305537155209861,0.0081793348369418144,0.47061735319451992,0.46243801835757831,0.00066595762395217119,2148.0855714731197,2971,1,0,0.010618588657728498,0.00098307545313994606,0,0.00098307545313994606,2,0,7.6462919328190026e-07,5.5052145042568838e-05,nan,nan
1043,1658707200000000000,202207,1044,1045,0.00089816286479162176,0.00089816286479162176,0,0,0.21072840294690823,0,0,0.93215720868730689,0.0076002043996387242,0.46987870654347252,0.46227850214383404,0.00066595762395217119,2146.1168966885944,2963,1,0,-0.0095148326537355717,0.00036926113930071513,0,0.00036926113930071513,1,0,5.3889771887497309e-07,5.5033155017123093e-05,nan,nan
1044,1658793600000000000,202207,1045,1046,0.069547330510204425,0.0013017081077827033,0.068245622402421713,0,0.28027573345711265,0,0.25,0.93533759343275169,0.0058722075868771033,0.47060490050981385,0.46473269292293612,0.00066613488463079513,2155.4581306856826,2999,1,1,-0.00273182253181077,0,0,0,0,0,4.1728398306122653e-05,5.5325320586063823e-05,-0.00273182253181077,-0.0028288762507029564
1045,1658880000000000000,202207,1046,1047,0.0015146591846917929,0.0015146591846917929,0,0,0.28179039264180444,0,0,0.93382293424805984,0.0073868667715687557,0.47060490050981385,0.46321803373824427,0.00066613488463079513,2151.8192887553532,2986,1,0,0.0026609586981192071,0.00056168410655019988,0,0.00056168410655019988,1,0,9.0879551081507577e-07,5.5145004016457646e-05,nan,nan
1046,1658966400000000000,202207,1047,1048,0.0010292310291985501,0.0010292310291985501,0,0,0.282819623671003,0,0,0.93279370321886113,0.0083571135622343366,0.47057540839054735,0.46221829482831223,0.00066613488463079513,2149.4090597055451,2976,1,0,-0.0026742852262215669,0.0010128229194190542,0,0.0010128229194190542,2,0,6.1753861751913e-07,5.502598747956098e-05,nan,nan
1047,1659052800000000000,202207,1048,1049,0.0012727365828089632,0.0012727365828089632,0,0,0.28409236025381196,0,0,0.93152096663605222,0.0079447524035952833,0.46973285951982335,0.4617881071162272,0.00066613488463079513,2146.0666184757602,2969,1,0,-0.0053915514410428087,0.00045113881286885428,0,0.00045113881286885428,1,0,7.6364194968537788e-07,5.4974774656693717e-05,nan,nan
1048,1659312000000000000,202208,1049,1050,0.0021403180457185257,0.0021403180457185257,0,0,0.0021403180457185257,0,0,0.92938064859033354,0.0091827928235759231,0.46928172070695451,0.46009892788337747,0.00066613488463079513,2141.6570197897527,2962,1,0,-0.014047026239474205,0.001137448796812305,0,0.001137448796812305,2,0,1.2841908274311154e-06,5.4773681890878268e-05,nan,nan
1049,1659398400000000000,202208,1050,1051,0.072167819010537662,0.00033975554615467006,0.07182806346438296,0,0.07430813705625619,0,0.25,0.93229233736789885,0.0066432852962906228,0.46946781133209453,0.46282452603580432,0.0006659900523619855,2150.5281530298885,3000,1,0,-0.0067576978679924652,0.0016933907489605935,0,0.0016933907489605935,3,0,4.3300691406322598e-05,5.5098157861405276e-05,nan,nan
1050,1659484800000000000,202208,1051,1052,0.0022220870089075815,0.0022220870089075815,0,0,0.076530224065163771,0,0,0.93007025035899094,0.0060631226602471102,0.46806668650961891,0.4620035638493723,0.0006659900523619855,2146.3339899368311,2990,1,0,-0.00062474856117091296,0.0005144152624624752,0,0.0005144152624624752,1,0,1.3332522053445488e-06,5.5000424267782414e-05,nan,nan
1051,1659571200000000000,202208,1052,1053,0.0023795675138387632,0.0023795675138387632,0,0,0.078909791579002533,0,0,0.92769068284515233,0.0064147433655230863,0.46705271310533758,0.46063796973981491,0.0006659900523619855,2140.6931126704421,2978,1,0,-0.0051668821019620033,0.00026016975900063896,0,0.00026016975900063896,1,0,1.427740508303258e-06,5.483785354045416e-05,nan,nan
1052,1659657600000000000,202208,1053,1054,0.00032518365037703851,0.00032518365037703851,0,0,0.07923497522937957,0,0,0.92736549919477507,0.0063010714342681354,0.46683328531452162,0.46053221388025389,0.0006659900523619855,2139.4762795557153,2973,1,0,0.015572173139179574,0.00026016975900063896,0,0.00026016975900063896,1,0,1.951101902262231e-07,5.4825263557173079e-05,nan,nan
1053,1659916800000000000,202208,1054,1055,0.00047696785089923054,0.00047696785089923054,0,0,0.079711943080278805,0,0,0.92688853134387572,0.0062576997671660731,0.466573115555521,0.46031541578835539,0.0006659900523619855,2137.7525801347697,2968,1,0,-0.013777848221156653,0.00064007129974631011,0,0.00064007129974631011,1,0,2.8618071053953836e-07,5.4799454260518492e-05,nan,nan
1054,1660003200000000000,202208,1055,1056,0.078032930598668809,0.0019829302745406796,0.076050000324128036,0,0.15774487367894763,0,0.25,0.92912969604108653,0.0061738080688318094,0.46765175205496035,0.46147794398612962,0.00066588142816037695,2150.1725952486199,3000,1,0,0.0040664748258113278,0.00064633125258750927,0,0.00064633125258750927,1,0,4.6819758359201283e-05,5.4937850474539243e-05,nan,nan
1055,1660089600000000000,202208,1056,1057,0.0010893416452437503,0.0010893416452437503,0,0,0.15883421532419137,0,0,0.9280403543958432,0.0059704872089005019,0.46700542080237284,0.46103493359347336,0.00066588142816037695,2148.0529881734224,2990,1,0,-0.0056961912590684366,0,1.6611111111111686e-05,1.6611111111111686e-05,1,0,6.5360498714625015e-07,5.4885111142080166e-05,nan,nan
1056,1660176000000000000,202208,1057,1058,0.0013750892645726417,0.0013750892645726417,0,0,0.16020930458876401,0,0,0.92666526513127045,0.0068411068966031758,0.46675318601393778,0.45991207911733573,0.00066588142816037695,2143.75225219092,2978,1,0,-0.0011842399769843412,3.8973230830282786e-05,1.6611111111111686e-05,5.5584341941394472e-05,2,0,8.2505355874358495e-07,5.4751437990159012e-05,nan,nan
1057,1660262400000000000,202208,1058,1059,0.00099021731075511982,0.00099021731075511982,0,0,0.16119952189951914,0,0,0.92567504782051546,0.0078313242073582874,0.46675318601393778,0.45892186180658057,0.00066588142816037695,2141.6805096190692,2970,1,0,0.0014514243639640243,0.00058871391075978067,8.3847814732890106e-05,0.00067256172549267084,3,0,5.9413038645307185e-07,5.4633554976973879e-05,nan,nan
1058,1660521600000000000,202208,1059,1060,0.0011673980708176786,0.0011673980708176786,0,0,0.16236691997033681,0,0,0.92450764974969801,0.0082550539977990153,0.46638135187374935,0.45812629787595133,0.00066588142816037695,2137.5624188468541,2957,1,0,0.011879897435504281,0.00065903398709588642,0.00039073942135626962,0.0010497734084521562,5,0,7.0043884249060717e-07,5.4538844985232303e-05,nan,nan
1059,1660608000000000000,202208,1060,1061,0.07908634907317226,0.0010480158485135158,0.07803833322465871,0,0.24145326904350906,0,0.25,0.92825873810680737,0.0055870752951483983,0.46692290670097802,0.46133583140583068,0.00066511769217504689,2153.4298522014465,2998,1,0,0.0033605265935091784,0.00026721689392756692,0.00025703785188825248,0.00052425474581581941,3,0,4.7451809443903361e-05,5.4920932310217935e-05,nan,nan
1060,1660694400000000000,202208,1061,1062,0.00080100519415802606,0.00080100519415802606,0,0,0.24225427423766707,0,0,0.92745773291264932,0.0058536467014513377,0.46665568980705047,0.46080204310560013,0.00066511769217504689,2150.4339135945293,2985,1,1,0.012798588089410725,0,0,0,0,0,4.8060311649481566e-07,5.4857386084000016e-05,0.012798588089410725,0.01274325010021023
1061,1660780800000000000,202208,1062,1063,0.00067693313400463834,0.00067693313400463834,0,0,0.2429312073716717,0,0,0.9267807997786448,0.0063931953994324419,0.46658699758903871,0.46019380218960726,0.00066511769217504689,2148.8281429716722,2976,1,1,0.0085878692867701403,0,0,0,0,0,4.0615988040278298e-07,5.4784976451143726e-05,0.0085878692867701403,0.008532678150438594
1062,1660867200000000000,202208,1063,1064,0.00053781913368906246,0.00053781913368906246,0,0,0.24346902650536076,0,0,0.9262429806449558,0.0069310145331213996,0.46658699758903871,0.45965598305591815,0.00066511769217504689,2147.4358230744028,2973,1,0,-0.00022547520628993272,0.00017960465696569895,0,0.00017960465696569895,1,0,3.2269148021343743e-07,5.4720950363799773e-05,nan,nan
1063,1661126400000000000,202208,1064,1065,0.00077565741936054641,0.00077565741936054641,0,0,0.24424468392472132,0,0,0.92546732322559555,0.0077066719524819648,0.46658699758903871,0.45888032563655745,0.00066511769217504689,2146.210496928777,2963,1,0,-0.0039304406473442341,0.00030281882313201486,0,0.00030281882313201486,2,0,4.6539445161632787e-07,5.4628610194828265e-05,nan,nan
1064,1661212800000000000,202208,1065,1066,0.077589086943089983,0.00055990271775975238,0.077029184225330269,0,0.32183377086781129,0,0.25,0.92844656857617136,0.0059305240172333644,0.46718854629670292,0.4612580222794686,0.00066550493579795218,2155.4101425240701,2999,1,0,-0.0056410251387324023,0.00015556383787801751,0,0.00015556383787801751,1,0,4.6553452165853994e-05,5.4911669318984354e-05,nan,nan
1065,1661299200000000000,202208,1066,1067,0.00053221335502265355,0.00053221335502265355,0,0,0.32236598422283391,0,0,0.92791435522114862,0.0061516096964999894,0.46703298245882491,0.46088137276232394,0.00066550493579795218,2153.7469960922836,2994,1,1,0.010060435549703789,0,0,0,0,0,3.1932801301359211e-07,5.4866830090752848e-05,0.010060435549703789,0.010005249391600024
1066,1661385600000000000,202208,1067,1068,0.00037865377785504465,0.00037865377785504465,0,0,0.32274463800068898,0,0,0.92753570144329367,0.0065302634743550575,0.46703298245882491,0.46050271898446887,0.00066550493579795218,2152.5000006441005,2988,1,0,0.0048555989394583532,0.00090103890333447065,0,0.00090103890333447065,2,0,2.2719226671302678e-07,5.4821752260055818e-05,nan,nan
1067,1661472000000000000,202208,1068,1069,0.0019430959953467023,0.0019430959953467023,0,0,0.32468773399603568,0,0,0.92559260544794675,0.0060785949116997457,0.46583560017982395,0.4597570052681233,0.00066550493579795218,2146.7080094952498,2977,1,0,-0.0028823977069775118,0.001137283176743739,0,0.001137283176743739,3,0,1.1658575972080215e-06,5.4732976817633721e-05,nan,nan
1068,1661731200000000000,202208,1069,1070,0.00094611466212270266,0.00094611466212270266,0,0,0.32563384865815836,0,0,0.92464649078582417,0.0052226317671535084,0.46493456127648947,0.45971192950933498,0.00066550493579795218,2144.5491045262715,2973,1,0,0.0010059633241685138,0.00023624427340926843,0,0.00023624427340926843,1,0,5.6766879727362158e-07,5.4727610655873212e-05,nan,nan
1069,1661817600000000000,202208,1070,1071,0.073085664918742438,0.00088667692596820519,0.072198987992774188,0,0.39871951357690083,0,0.25,0.93034409974377641,0.0041417454075243516,0.46724292257564848,0.46310117716812516,0.00066579536851513155,2160.5700376290706,2999,1,1,0.0036121922291944895,0,0,0,0,0,4.3851398951245463e-05,5.5131092520014902e-05,0.0036121922291944895,0.0035132097377232291
1070,1661904000000000000,202208,1071,1072,0.0012816849695331772,0.0012816849695331772,0,0,0.40000119854643401,0,0,0.92906241477424301,0.0054234303770574824,0.46724292257564848,0.46181949219859209,0.00066579536851513155,2158.6168246393872,2990,1,1,0.0027009809945195314,0,0,0,0,0,7.6901098171990631e-07,5.4978510976022861e-05,0.0027009809945195314,0.0026452334725617886
1071,1661990400000000000,202209,1072,1073,0.00019892018157214108,0.00019892018157214108,0,0,0.00019892018157214108,0,0,0.92886349459267081,0.0055348649713999401,0.46719917978203362,0.46166431481063475,0.00066579536851513155,2157.7404571534826,2983,1,1,0.0025473793860391822,0,0,0,0,0,1.1935210894328465e-07,5.4960037477456518e-05,0.0025473793860391822,0.0024922999964527822
1072,1662076800000000000,202209,1073,1074,0.0012594880209044934,0.0012594880209044934,0,0,0.0014584082024766344,0,0,0.92760400657176634,0.00679435299230444,0.46719917978203362,0.46040482678973027,0.00066579536851513155,2154.646780878059,2977,1,1,-0.0086479087581736776,0,0,0,0,0,7.5569281254269602e-07,5.4810098427348837e-05,-0.0086479087581736776,-0.0087034745494135694
1073,1662422400000000000,202209,1074,1075,0.00030164674621097884,0.00030164674621097884,0,0,0.0017600549486876133,0,0,0.92730235982555542,0.0070959997385154133,0.46719917978203362,0.46010318004351924,0.00066579536851513155,2153.4959692149691,2974,1,1,-0.0039609019293560472,0,0,0,0,0,1.8098804772658729e-07,5.4774188100418956e-05,-0.0039609019293560472,-0.0040158571055041925
1074,1662508800000000000,202209,1075,1076,0.071181979354160763,0.00069852528118153853,0.070483454072979262,0,0.072942034302848374,0,0.25,0.93309115574653068,0.0054935970028781537,0.46929237637470261,0.46379877937182501,0.00066584652638634933,2168.6517714723955,3000,1,0,-0.0079591064548286648,0.0004500439862632293,0,0.0004500439862632293,2,0,4.2709187612496455e-05,5.5214140401407735e-05,nan,nan
1075,1662595200000000000,202209,1076,1077,0.00056628732271879164,0.00056628732271879164,0,0,0.073508321625567169,0,0,0.93252486842381188,0.0049810874579371348,0.46875297794087267,0.46377189048293621,0.00066584652638634933,2167.2566658993433,2994,1,0,-0.003744245297899562,0.0015798605213769856,1.2642835964717695e-05,0.0015925033573417034,5,0,3.3977239363127494e-07,5.5210939343206695e-05,nan,nan
1076,1662681600000000000,202209,1077,1078,0.0018747381552021525,0.0018747381552021525,0,0,0.075383059780769326,0,0,0.93065013026860977,0.0057106406838887298,0.46818038547624752,0.46246974479235942,0.00066584652638634933,2162.8497271707197,2984,1,0,0.010550459928237088,0.0011298165351137563,1.2642835964717695e-05,0.0011424593710784741,3,0,1.1248428931212916e-06,5.5055921999090411e-05,nan,nan
1077,1662940800000000000,202209,1078,1079,0.0015153473012125816,0.0015153473012125816,0,0,0.076898407081981909,0,0,0.92913478296739738,0.0049663549148738061,0.46705056894113367,0.4620842140262606,0.00066584652638634933,2159.5698667524066,2976,1,1,0.0018934917988863347,0,0,0,0,0,9.0920838072754902e-07,5.5010025479316739e-05,0.0018934917988863347,0.0018375725650262905
1078,1663027200000000000,202209,1079,1080,0.00022905226618955259,0.00022905226618955259,0,0,0.077127459348171459,0,0,0.92890573070120763,0.0051078478815190179,0.46700678929136152,0.46189894140984317,0.00066584652638634933,2158.7009484514929,2974,1,1,-0.0029642157098664088,0,0,0,0,0,1.3743135971373155e-07,5.4987969215457519e-05,-0.0029642157098664088,-0.0030193411104415804
1079,1663113600000000000,202209,1080,1081,0.074329632221938474,0.00089067650848587978,0.073438955713452603,0,0.15145709157010995,0,0.25,0.93301644602995737,0.0044988932925035746,0.46875766966122984,0.46425877636872742,0.00066599600590087297,2171.428167168408,3000,1,1,0.0061668007476528217,0,0,0,0,0,4.4597779333163087e-05,5.5268901948658027e-05,0.0061668007476528217,0.0060669340663710002
1080,1663200000000000000,202209,1081,1082,0.00051579366096707649,0.00051579366096707649,0,0,0.15197288523107702,0,0,0.93250065236899027,0.0043326673095600357,0.46841665983927455,0.46408399252971572,0.00066599600590087297,2169.6169307430487,2992,1,1,0.0010007519315471582,0,0,0,0,0,3.094761965802459e-07,5.5248094348775676e-05,0.0010007519315471582,0.00094519436100180235
1081,1663286400000000000,202209,1082,1083,0.00079835287645814575,0.00079835287645814575,0,0,0.15277123810753518,0,0,0.93170229949253225,0.0046758771057284496,0.4681890882991297,0.46351321119340233,0.00066599600590087297,2167.24765600704,2986,1,1,0.0048676739497487279,0,0,0,0,0,4.7901172587488748e-07,5.5180144189690749e-05,0.0048676739497487279,0.0048120147938331623
1082,1663545600000000000,202209,1083,1084,0.0018597115566147103,0.0018597115566147103,0,0,0.15463094966414989,0,0,0.92984258793591745,0.005424340797148759,0.46763346436653253,0.46220912356938487,0.00066599600590087297,2164.5732809804958,2979,1,0,0.0020644632036006874,0.0004145273898567673,0,0.0004145273898567673,1,0,1.1158269339688263e-06,5.5024895663022007e-05,nan,nan
1083,1663632000000000000,202209,1084,1085,0.0021597269051354877,0.0021597269051354877,0,0,0.15679067656928539,0,0,0.9276828610307819,0.0072214471521605357,0.46745215409147067,0.46023070693931128,0.00066599600590087297,2160.0438740293262,2973,1,0,0.0073054371976832948,0.0004145273898567673,0,0.0004145273898567673,1,0,1.2958361430812926e-06,5.4789369873727532e-05,nan,nan
1084,1663718400000000000,202209,1085,1086,0.074710725466123132,0.0020065869150293772,0.072704138551093825,0,0.23150140203540853,0,0.25,0.93030664106156313,0.0059502992284893984,0.46812847014502701,0.46217817091653773,0.0006661658948266837,2165.2280255008413,2999,1,1,-0.0013884670857807677,0,0,0,0,0,4.4826435279673885e-05,5.5021210823397355e-05,-0.0013884670857807677,-0.0014883147318838388
1085,1663804800000000000,202209,1086,1087,0.00074174355641172139,0.00074174355641172139,0,0,0.23224314559182024,0,0,0.92956489750515137,0.0066681697891921195,0.46811653364717254,0.46144836385798044,0.0006661658948266837,2162.6678995706743,2991,1,1,0.0013134863954731408,0,0,0,0,0,4.4504613384703282e-07,5.4934329030711957e-05,0.0013134863954731408,0.0012581070203085817
1086,1663891200000000000,202209,1087,1088,0.0015373851634221493,0.0015373851634221493,0,0,0.23378053075524238,0,0,0.92802751234172909,0.0082055549526142899,0.46811653364717254,0.45991097869455827,0.0006661658948266837,2158.2661638642685,2981,1,0,-0.0020813818737901906,0.00042129784131767986,0,0.00042129784131767986,1,0,9.2243109805328959e-07,5.475130698744741e-05,nan,nan
1087,1664150400000000000,202209,1088,1089,0.0021115781985219162,0.0021115781985219162,0,0,0.23589210895376431,0,0,0.92591593414320728,0.0097254743979951364,0.46782070427060207,0.45809522987260698,0.0006661658948266837,2151.3529798692498,2964,1,0,-0.0048456507416467223,0.00042129784131767986,0,0.00042129784131767986,1,0,1.2669469191131498e-06,5.4535146413405595e-05,nan,nan
1088,1664236800000000000,202209,1089,1090,0.0024243764582856974,0.0024243764582856974,0,0,0.23831648541205,0,0,0.92349155768492153,0.011307255173645501,0.46739940642928435,0.4560921512556389,0.0006661658948266837,2146.8076352361745,2957,1,1,0.0057083336008522658,0,0,0,0,0,1.4546258749714185e-06,5.4296684673290343e-05,0.0057083336008522658,0.0056525822903040045
1089,1664323200000000000,202209,1090,1091,0.068164399114767793,0.00074844371991300573,0.067415955394854774,0,0.30648088452681777,0,0.25,0.92882833136211884,0.0084795005069897289,0.46865391593455241,0.46017441542756082,0.00066626515725088091,2153.3685172019887,3000,1,0,0.0017271330693375314,0.0004965801161826999,0,0.0004965801161826999,2,0,4.0898639468860677e-05,5.478266850328105e-05,nan,nan
1090,1664409600000000000,202209,1091,1092,0.00040041965485896448,0.00040041965485896448,0,0,0.30688130418167675,0,0,0.92842791170725958,0.0088799201618487197,0.46865391593455241,0.459773995772702,0.00066626515725088091,2152.0937743849054,2984,1,0,-0.00062756405917582759,0.0016473862946805255,0.00010119893224920954,0.001748585226929735,5,0,2.402517929153787e-07,5.4734999496750245e-05,nan,nan
1091,1664496000000000000,202209,1092,1093,0.0021445482903322492,0.0021445482903322492,0,0,0.30902585247200898,0,0,0.92628336341692741,0.0097204158588025894,0.46800188963786327,0.45828147377905892,0.00066626515725088091,2147.5301812306493,2974,1,0,-0.0089187297786746111,0.0017043101466949423,0.00010119893224920954,0.0018055090789441518,4,0,1.2867289741993496e-06,5.4557318307030818e-05,nan,nan
1092,1664755200000000000,202210,1093,1094,0.0019462006169296421,0.0019462006169296421,0,0,0.0019462006169296421,0,0,0.92433716279999767,0.0093650041187366088,0.46685108345936549,0.45748607934062729,0.00066626515725088091,2143.2983205841915,2967,1,0,0.0023299999567773753,0.00097074444659991477,0,0.00097074444659991477,2,0,1.1677203701577851e-06,5.4462628492931826e-05,nan,nan
1093,1664841600000000000,202210,1094,1095,0.0019547469743892024,0.0019547469743892024,0,0,0.0039009475913188447,0,0,0.92238241582560843,0.0087411772658805443,0.46556179654574287,0.45682061927986073,0.00066626515725088091,2138.2435042553088,2956,1,0,-0.00030711485553510168,0.00079566547458225325,0,0.00079566547458225325,2,0,1.1728481846335215e-06,5.4383407057126271e-05,nan,nan
1094,1664928000000000000,202210,1095,1096,0.064772828259723178,0.0010908783756706716,0.063681949884052472,0,0.068673775851042021,0,0.25,0.92961617867750135,0.0064943227415408863,0.46805525070952109,0.46156092796798065,0.00066633750193742524,2149.5365339890718,2999,1,0,0.0088542912321083449,0.00040340254656663974,1.343166755742077e-05,0.00041683421412406048,2,0,3.8863696955833903e-05,5.4947729519997702e-05,nan,nan
1095,1665014400000000000,202210,1096,1097,0.0010448751150949243,0.0010448751150949243,0,0,0.069718650966136941,0,0,0.92857130356240614,0.0067323927635025791,0.46765184816295446,0.46091945539945234,0.00066633750193742524,2146.5130801374289,2988,1,0,0.0050859003619478744,0,1.343166755742077e-05,1.343166755742077e-05,1,0,6.2692506905695457e-07,5.4871363738030042e-05,nan,nan
1096,1665100800000000000,202210,1097,1098,0.0019158564076627864,0.0019158564076627864,0,0,0.071634507373799727,0,0,0.92665544715474346,0.0086482491711653113,0.46765184816295446,0.45900359899178961,0.00066633750193742524,2143.9216721957555,2978,1,0,0.0033358723783819618,0,0.000484616192545202,0.000484616192545202,1,0,1.1495138445976719e-06,5.4643285594260662e-05,nan,nan
1097,1665360000000000000,202210,1098,1099,0.000881004187172435,0.000881004187172435,0,0,0.072515511560972162,0,0,0.92577444296757105,0.0095292533583377723,0.46765184816295446,0.45812259480461709,0.00066633750193742524,2141.8254309790414,2966,1,0,-0.002129275800134593,0.00068914434378325733,0.000484616192545202,0.0011737605363284593,3,0,5.28602512303461e-07,5.4538404143406795e-05,nan,nan
1098,1665446400000000000,202210,1099,1100,0.0013329562896988026,0.0013329562896988026,0,0,0.073848467850670965,0,0,0.92444148667787218,0.010804047128051877,0.46762276690296212,0.45681871977491062,0.00066633750193742524,2139.3312301221467,2958,1,0,0.003393436301718478,0.001141499204198815,1.1779176503753779e-05,0.0011532783807025688,4,1,7.997737738192815e-07,5.4383180925584604e-05,nan,nan
1099,1665532800000000000,202210,1100,1101,0.066429023037509416,0.0016533685155737791,0.064775654521935608,0,0.14027749088818037,0,0.25,0.93162929358581104,0.0083093452170455058,0.46996931940142944,0.46165997418438415,0.00066599014805553266,2155.5380474094072,2998,1,0,0.0026445490678538401,0.00049014279933385805,4.8079464339390728e-05,0.0005382222636732488,2,0,3.9857413822505649e-05,5.4959520736236209e-05,nan,nan
1100,1665619200000000000,202210,1101,1102,0.0019513120542628487,0.0019513120542628487,0,0,0.14222880294244322,0,0,0.92967798153154868,0.0085866711580474455,0.46913232634479896,0.4605456551867515,0.00066599014805553266,2150.5360701031277,2983,1,0,-0.0068288049561054647,0.00022904767850072654,4.8079464339390728e-05,0.00027712714284011729,2,0,1.1707872325577093e-06,5.4826863712708512e-05,nan,nan
1101,1665705600000000000,202210,1102,1103,0.00080953292735745034,0.00080953292735745034,0,0,0.14303833586980066,0,0,0.92886844860419127,0.0093962040854048915,0.46913232634479896,0.45973612225939414,0.00066599014805553266,2148.8887671702237,2976,1,0,0.00022471931841155769,0.00046420518217019297,0,0.00046420518217019297,2,0,4.8571975641447021e-07,5.4730490745165973e-05,nan,nan
1102,1665964800000000000,202210,1103,1104,0.0016040237289277684,0.0016040237289277684,0,0,0.14464235959872843,0,0,0.92726442487526362,0.010542132457331195,0.46890327866629822,0.45836114620896712,0.00066599014805553266,2144.6215396692655,2969,1,0,0.0095829454399812015,0.0014946411790885473,6.2381597844554391e-05,0.0015570227769331018,4,0,9.6241423735666097e-07,5.4566803120115136e-05,nan,nan
1103,1666051200000000000,202210,1104,1105,0.00094984349620170789,0.00094984349620170789,0,0,0.14559220309493012,0,0,0.92631458137906209,0.011021660946193943,0.46866812116262874,0.45764646021643479,0.00066599014805553266,2141.230273797566,2960,1,0,-0.0030632191410671578,0.0017081490937111991,6.2381597844554391e-05,0.0017705306915557536,4,0,5.6990609772102476e-07,5.4481721454337476e-05,nan,nan
1104,1666137600000000000,202210,1105,1106,0.063715792693260456,0.0017733358862625473,0.061942456806997927,0,0.20930799578819059,0,0.25,0.93344781844130176,0.0077070221112141273,0.47057742027625721,0.462870398165042,0.00066581793758739365,2157.0450319483111,2997,1,0,5.7139060005680888e-05,0.00047463932153337117,0,0.00047463932153337117,1,0,3.8229475615956276e-05,5.510361882917166e-05,nan,nan
1105,1666224000000000000,202210,1106,1107,0.0013140799492111202,0.0013140799492111202,0,0,0.21062207573740171,0,0,0.9321337384920908,0.0079087931089833145,0.47002126580053627,0.46211247269155187,0.00066581793758739365,2153.1917797710676,2985,1,0,0.0045379327109000391,0,6.2169716820061015e-06,6.2169716820061015e-06,1,1,7.8844796952667205e-07,5.5013389606137123e-05,nan,nan
1106,1666310400000000000,202210,1107,1108,4.6213622651654723e-06,4.6213622651654723e-06,0,0,0.21062669709966689,0,0,0.93212911712982571,0.007913414471248487,0.47002126580053627,0.46210785132928672,0.00066581793758739365,2153.1705434567289,2984,1,1,-0.010344152332542452,0,0,0,0,0,2.7728173590992832e-09,5.5012839443962707e-05,-0.010344152332542452,-0.010399167944803774
1107,1666569600000000000,202210,1108,1109,6.3079887437142649e-05,6.3079887437142649e-05,0,0,0.21068977698710403,0,0,0.93206603724238857,0.0078693808105091082,0.46996770902644802,0.46209832821593783,0.00066581793758739365,2152.8946117793707,2980,1,1,0.00036712933239182067,0,0,0,0,0,3.7847932462285589e-08,5.5011705739992595e-05,0.00036712933239182067,0.00031207977871936578
1108,1666656000000000000,202210,1109,1110,0.0011831760497470678,0.0011831760497470678,0,0,0.21187295303685111,0,0,0.93088286119264152,0.0090525568602561751,0.46996770902644802,0.46091515216619067,0.00066581793758739365,2150.5158146374802,2972,1,1,0.0027225559380215322,0,0,0,0,0,7.0990562984824067e-07,5.4870851448356036e-05,0.0027225559380215322,0.0026669751809433278
1109,1666742400000000000,202210,1110,1111,0.060662981434696894,0.00075113553743603578,0.059911845897260854,0,0.272535934471548,0,0.25,0.9381187661784004,0.0073527692982704954,0.47273576773833581,0.46538299844006487,0.00066585747784587534,2166.5525329091984,3000,1,0,0.00022904474301088922,6.7632663704116221e-05,0,6.7632663704116221e-05,1,0,3.6397788860818137e-05,5.5402737909531529e-05,nan,nan
1110,1666828800000000000,202210,1111,1112,0.00023062487871214151,0.00023062487871214151,0,0,0.27276655935026012,0,0,0.93788814129968834,0.0071715374450585304,0.47252983937237375,0.46535830192731481,0.00066585747784587534,2165.7139590936454,2991,1,0,0.0029585274558096438,6.7632663704116221e-05,0,6.7632663704116221e-05,1,0,1.383749272272849e-07,5.539979784848986e-05,nan,nan
1111,1666915200000000000,202210,1112,1113,0.00084559504878861007,0.00084559504878861007,0,0,0.27361215439904873,0,0,0.93704254625089978,0.0070483339646313266,0.47204544010776583,0.46499710614313405,0.00066585747784587534,2162.9954360160327,2985,1,0,-0.0016624743212654586,0.00010752221521265304,0,0.00010752221521265304,1,0,5.0735702927316609e-07,5.5356798350373105e-05,nan,nan
1112,1667174400000000000,202210,1113,1114,3.6294496559123682e-05,3.6294496559123682e-05,0,0,0.27364844889560785,0,0,0.9370062517543406,0.0070581917692338798,0.47203222176178755,0.46497402999255322,0.00066585747784587534,2162.8294293617168,2979,1,0,0.0078963235245768822,0.00010752221521265304,0,0.00010752221521265304,1,0,2.1776697935474208e-08,5.5354051189589669e-05,nan,nan
1113,1667260800000000000,202211,1114,1115,0.0021010161865312577,0.0021010161865312577,0,0,0.0021010161865312577,0,0,0.93490523556780913,0.0083679293726555137,0.47163658247023271,0.46326865309757681,0.00066585747784587534,2157.8847937542055,2970,1,1,0.0050676235594869458,0,0,0,0,0,1.2606097119187546e-06,5.5151030130663909e-05,0.0050676235594869458,0.0050112119196443631
1114,1667347200000000000,202211,1115,1116,0.062230801661054998,0.0015634201334475449,0.060667381527607436,0,0.064331817847586251,0,0.25,0.93994950433537161,0.0072072326177007422,0.47357836847653673,0.46637113585883411,0.00066614124941230014,2167.8275686439747,3000,1,0,-0.0026621583135311216,0.00021778221947866123,0,0.00021778221947866123,1,0,3.7338480996633e-05,5.5520373316527875e-05,nan,nan
1115,1667433600000000000,202211,1116,1117,0.0014056587059043122,0.0014056587059043122,0,0,0.065737476553490562,0,0,0.93854384562946691,0.0084107403078846968,0.47347729296867658,0.46506655266079006,0.00066614124941230014,2165.7734420344145,2985,1,0,-0.00041822928787344741,0.00021778221947866123,0,0.00021778221947866123,1,0,8.4339522354258726e-07,5.5365065792951202e-05,nan,nan
1116,1667520000000000000,202211,1117,1118,0.0022642820566666647,0.0022642820566666647,0,0,0.068001758610157226,0,0,0.93627956357280007,0.010239457925594017,0.47325951074919792,0.46302005282360209,0.00066614124941230014,2161.0207131935958,2975,1,1,-0.00087306196244869004,0,0,0,0,0,1.3585692339999987e-06,5.5121434859952629e-05,-0.00087306196244869004,-0.00092954196654264267
1117,1667779200000000000,202211,1118,1119,0.00062504462922736829,0.00062504462922736829,0,0,0.068626803239384596,0,0,0.93565451894357266,0.0096465818241751478,0.47265055038387482,0.46300396855969789,0.00066614124941230014,2159.2223946810955,2968,1,0,0.00561777925815371,0,0.0001410631073413467,0.0001410631073413467,1,0,3.7502677753642099e-07,5.5119520066630703e-05,nan,nan
1118,1667865600000000000,202211,1119,1120,0.00055673015460724635,0.00055673015460724635,0,0,0.069183533393991845,0,0,0.93509778878896532,0.010050776475022635,0.47257428263199497,0.46252350615697047,0.00066614124941230014,2157.8397661041167,2962,1,0,-0.025472489274079552,0,0.0001410631073413467,0.0001410631073413467,1,0,3.3403809276434782e-07,5.5062322161544101e-05,nan,nan
1119,1667952000000000000,202211,1120,1121,0.063726421613752082,0.0014995211589218871,0.062226900454830064,0,0.13290995500774394,0,0.25,0.93904207094127201,0.0086627232254592144,0.47385239708336591,0.46518967385790688,0.00066631011865401558,2165.0034788405883,2999,1,1,-0.01854551437210316,0,0,0,0,0,3.8235852968251249e-05,5.5379723078322247e-05,-0.01854551437210316,-0.018639129948149733
1120,1668038400000000000,202211,1121,1122,0.00085700680610868382,0.00085700680610868382,0,0,0.13376696181385261,0,0,0.93818506413516334,0.0094419375758948102,0.47381350085552937,0.46437156327963458,0.00066631011865401558,2162.662548322402,2984,1,1,0.0067567442285048724,0,0,0,0,0,5.1420408366521031e-07,5.5282328961861254e-05,0.0067567442285048724,0.006700947695459346
1121,1668124800000000000,202211,1122,1123,0.0021532779130749987,0.0021532779130749987,0,0,0.1359202397269276,0,0,0.93603178622208827,0.011595215488969798,0.47381350085552937,0.46221828536655968,0.00066631011865401558,2157.0590100120357,2974,1,0,-0.0054169126641595627,8.8711437691394479e-05,0,8.8711437691394479e-05,1,0,1.2919667478449993e-06,5.5025986353161869e-05,nan,nan
1122,1668384000000000000,202211,1123,1124,0.0022732100246870592,0.0022732100246870592,0,0,0.13819344975161466,0,0,0.93375857619740121,0.01241546218744102,0.47308701919242141,0.46067155700498053,0.00066631011865401558,2152.197702161538,2964,1,0,0.0096931462640457537,8.8711437691394479e-05,0,8.8711437691394479e-05,1,0,1.3639260148122355e-06,5.4841852024402446e-05,nan,nan
1123,1668470400000000000,202211,1124,1125,0.0016489187611637467,0.0016489187611637467,0,0,0.1398423685127784,0,0,0.93210965743623742,0.01359537790974466,0.47285251767299141,0.45925713976324678,0.00066631011865401558,2148.3596456681621,2956,1,0,0.0041994787451470703,0.00049964531888360025,0,0.00049964531888360025,1,0,9.8935125669824802e-07,5.467346901943414e-05,nan,nan
1124,1668556800000000000,202211,1125,1126,0.064995669189707728,0.00030587707518613978,0.06468979211452161,0,0.20483803770248613,0,0.25,0.9364281543082742,0.010425941238699568,0.47342704777348571,0.46300110653478804,0.00066615409649487119,2156.9601840890814,3000,1,0,0.0048992427593875518,0.00051170527998014464,0,0.00051170527998014464,1,0,3.8997401513824636e-05,5.5119179349379524e-05,nan,nan
1125,1668643200000000000,202211,1126,1127,0.0015896604953783578,0.0015896604953783578,0,0,0.2064276981978645,0,0,0.93483849381289563,0.010684089922910082,0.47276129186790189,0.46207720194499352,0.00066615409649487119,2153.4162300592934,2988,1,1,0.0054705190626454124,0,0,0,0,0,9.5379629722701467e-07,5.5009190707737323e-05,0.0054705190626454124,0.005414556075640448
1126,1668729600000000000,202211,1127,1128,0.00037424238970362543,0.00037424238970362543,0,0,0.20680194058756812,0,0,0.93446425142319189,0.011058332312613703,0.47276129186790189,0.46170295955528989,0.00066615409649487119,2152.3801138649969,2983,1,0,0.00025874586314772105,0.0004417732476555713,9.308279184220212e-05,0.00053485603949777344,3,0,2.2454543382217527e-07,5.496463804229641e-05,nan,nan
1127,1668988800000000000,202211,1128,1129,0.00060273502318195459,0.00060273502318195459,0,0,0.20740467561075007,0,0,0.93386151640000992,0.011661067335795666,0.47276129186790189,0.46110022453210792,0.00066615409649487119,2151.2821527802721,2980,1,0,-0.0059734900835630442,0.0014895193600139584,9.308279184220212e-05,0.0015826021518561605,5,0,3.6164101390917274e-07,5.4892883872869991e-05,nan,nan
1128,1669075200000000000,202211,1129,1130,0.00060047155963063794,0.00060047155963063794,0,0,0.20800514717038071,0,0,0.93326104484037931,0.011280049026861722,0.47227054693361947,0.46099049790675956,0.00066615409649487119,2149.2474416150812,2972,1,0,0.0016232541781113249,0.0010477461123583871,0,0.0010477461123583871,2,0,3.6028293577838278e-07,5.4879821179376133e-05,nan,nan
1129,1669161600000000000,202211,1130,1131,0.069206886252884264,0.0018465706301044459,0.067360315622779748,0,0.27721203342326495,0,0.25,0.93566933084779547,0.0082733455741871593,0.47197133821099146,0.46369799263680417,0.00066622805611627682,2156.2598640780916,2998,1,1,0.0039706351522560248,0,0,0,0,0,4.1524131751730556e-05,5.520214198057193e-05,0.0039706351522560248,0.0038739088785237222
1130,1669334400000000000,202211,1131,1132,5.6966580911910131e-05,5.6966580911910131e-05,0,0,0.27726900000417687,0,0,0.93561236426688354,0.008330312155099065,0.47197133821099146,0.46364102605589236,0.00066622805611627682,2156.0083615061585,2994,1,1,-0.0021021720714375588,0,0,0,0,0,3.4179948547146076e-08,5.5195360244749093e-05,-0.0021021720714375588,-0.0021574016116308551
1131,1669593600000000000,202211,1132,1133,0.00080543842281589873,0.00080543842281589873,0,0,0.27807443842699275,0,0,0.93480692584406755,0.00884947666286948,0.47182820125346875,0.46297872459059924,0.00066622805611627682,2154.6163798705829,2989,1,1,-0.010384829802424033,0,0,0,0,0,4.8326305368953915e-07,5.5116514832214192e-05,-0.010384829802424033,-0.010440429580309937
1132,1669680000000000000,202211,1133,1134,0.00020089693951813242,0.00020089693951813242,0,0,0.27827533536651089,0,0,0.93460602890454936,0.0090503736023875882,0.47182820125346875,0.46277782765108105,0.00066622805611627682,2153.8891290292895,2985,1,0,-0.0037210762525492244,0,0.00035226508333691456,0.00035226508333691456,2,0,1.2053816371087944e-07,5.5092598529890608e-05,nan,nan
1133,1669766400000000000,202211,1134,1135,0.00017047881370782538,0.00017047881370782538,0,0,0.27844581418021874,0,0,0.93443555009084156,0.0092208524160953889,0.47182820125346875,0.46260734883737337,0.00066622805611627682,2153.2344166924272,2980,1,0,-0.0016365049426418257,0,0.00035226508333691456,0.00035226508333691456,2,0,1.0228728822469523e-07,5.5072303433020637e-05,nan,nan
1134,1669852800000000000,202212,1135,1136,0.072111752217691644,0.0023948067323696707,0.069716945485321952,0,0.072111752217691644,0,0.25,0.93575540498063281,0.0078949267287371887,0.47182516585468526,0.46393023912594794,0.00066638968071871174,2158.918986783056,2997,1,1,0.0038838528242909152,0,0,0,0,0,4.3267051330614988e-05,5.5229790372136651e-05,0.0038838528242909152,0.0037853559825881634
1135,1669939200000000000,202212,1136,1137,0.00020640623024383627,0.00020640623024383627,0,0,0.072318158447935474,0,0,0.93554899875038888,0.0080276421556903007,0.47178832045303992,0.46376067829734952,0.00066638968071871174,2158.1067179190195,2991,1,0,0.0045526895503527542,0.00066077696890070074,0,0.00066077696890070074,1,0,1.2384373814630176e-07,5.5209604559208277e-05,nan,nan
1136,1670198400000000000,202212,1137,1138,0.00030018425389482443,0.00030018425389482443,0,0,0.072618342701830305,0,0,0.935248814496494,0.0082537361437397851,0.47175127532011724,0.46349753917637732,0.00066638968071871174,2156.9059410230011,2984,1,0,0.0021861828642038149,0.00066077696890070074,0,0.00066077696890070074,1,0,1.8011055233689466e-07,5.5178278473378254e-05,nan,nan
1137,1670284800000000000,202212,1138,1139,0.0013953153228943318,0.0013953153228943318,0,0,0.074013658024724635,0,0,0.93385349917359972,0.0077612266410273982,0.4708073629073139,0.46304613626628627,0.00066638968071871174,2153.7933047708902,2976,1,1,-0.0061711899856233803,0,0,0,0,0,8.3718919373659899e-07,5.5124540031700743e-05,-0.0061711899856233803,-0.0062271517148488175
1138,1670371200000000000,202212,1139,1140,0.00061509253962240419,0.00061509253962240419,0,0,0.074628750564347035,0,0,0.93323840663397739,0.0079349293269017473,0.47058666798043985,0.46265173865353776,0.00066638968071871174,2151.952915145624,2968,1,1,-0.000986041705542494,0,0,0,0,0,3.6905552377344247e-07,5.5077587934944966e-05,-0.000986041705542494,-0.0010414883490012124
1139,1670457600000000000,202212,1140,1141,0.073588810398634324,0.001640603450451228,0.071948206948183047,0,0.14821756096298136,0,0.25,0.9343476710488583,0.0071816495830147199,0.47076466031593722,0.46358301073292185,0.00066638821981157472,2157.5280486912507,3000,1,0,4.1561831668887658e-05,0.00028162328563467129,0,0.00028162328563467129,1,1,4.4153286239180594e-05,5.5188453658681172e-05,nan,nan
1140,1670544000000000000,202212,1141,1142,0.001771397346427106,0.001771397346427106,0,0,0.14998895830940848,0,0,0.93257627370243112,0.0089530469294418578,0.47076466031593722,0.46181161338649479,0.00066638821981157472,2152.9227695936984,2993,1,0,-0.0052161359285177421,0.00031573325653653172,0,0.00031573325653653172,1,0,1.0628384078562636e-06,5.4977573022201763e-05,nan,nan
1141,1670803200000000000,202212,1142,1143,0.0024586550406769407,0.0024586550406769407,0,0,0.15244761335008541,0,0,0.93011761866175435,0.011411701970118848,0.47076466031593722,0.45935295834581785,0.00066638821981157472,2148.306642473754,2987,1,0,3.5221847275739491e-05,0.00031573325653653172,0,0.00031573325653653172,1,0,1.4751930244061643e-06,5.4684875993549746e-05,nan,nan
1142,1670889600000000000,202212,1143,1144,0.00066813065603961539,0.00066813065603961539,0,0,0.15311574400612504,0,0,0.92944948800571481,0.010984174034004235,0.47021683101986006,0.4592326569858553,0.00066638821981157472,2146.0200811597088,2980,1,0,0.0075725175874661755,0.00016901870911806158,0,0.00016901870911806158,1,0,4.0087839362376927e-07,5.4670554403078008e-05,nan,nan
1143,1670976000000000000,202212,1144,1145,0.00076744247647584426,0.00076744247647584426,0,0,0.15388318648260088,0,0,0.92868204552923883,0.011751616510480078,0.47021683101986006,0.45846521450937949,0.00066638821981157472,2144.5352151180009,2977,1,0,0.00061836221041701423,0.0018460163189177366,0,0.0018460163189177366,5,0,4.6046548588550659e-07,5.4579192203497557e-05,nan,nan
1144,1671062400000000000,202212,1145,1146,0.077430111420390108,0.0018176477080694455,0.075612463712320666,0,0.23131329790299099,0,0.25,0.92948924802975363,0.0092921140662504398,0.46939068104800125,0.46009856698174928,0.00066626359515599583,2150.1447233754698,2999,1,0,0.0074197811423964569,0.0016794338824916526,0,0.0016794338824916526,4,0,4.6458066852234064e-05,5.4773638926398726e-05,nan,nan
1145,1671148800000000000,202212,1146,1147,0.0031644583076202801,0.0031644583076202801,0,0,0.23447775621061126,0,0,0.92632478972213284,0.0078296672140497868,0.46707722846809074,0.45924756125403959,0.00066626359515599583,2141.8921464503646,2982,1,1,0.0010431556188356321,0,0,0,0,0,1.898674984572168e-06,5.4672328720718995e-05,0.0010431556188356321,0.00098658461513034096
1146,1671408000000000000,202212,1147,1148,0.0010663948879929019,0.0010663948879929019,0,0,0.23554415109860416,0,0,0.92525839483414007,0.0088960621020427264,0.46707722846809074,0.45818116636604661,0.00066626359515599583,2138.9588222161465,2973,1,1,-0.0014035545631758636,0,0,0,0,0,6.3983693279574111e-07,5.4545376948338876e-05,-0.0014035545631758636,-0.0014587397770569983
1147,1671494400000000000,202212,1148,1149,0.0016217479262940287,0.0016217479262940287,0,0,0.23716589902489818,0,0,0.92363664690784608,0.010517810028336736,0.46707722846809074,0.45655941843975262,0.00066626359515599583,2135.5838881282971,2966,1,0,0.0017443810647167917,0.00020696547205948477,0,0.00020696547205948477,1,0,9.7304875577641706e-07,5.4352311719018176e-05,nan,nan
1148,1671580800000000000,202212,1149,1150,0.00078404735779339014,0.00078404735779339014,0,0,0.23794994638269157,0,0,0.92285259955005261,0.011301857386130145,0.46707722846809074,0.45577537108195926,0.00066626359515599583,2133.7792162583678,2963,1,0,0.0043983593815876782,0.00047706673284664107,0,0.00047706673284664107,2,0,4.7042841467603412e-07,5.4258972747852288e-05,nan,nan
1149,1671667200000000000,202212,1150,1151,0.076484680737993457,0.00083919360914455176,0.07564548712884886,0,0.31443462712068504,0,0.25,0.92543012308593176,0.0087395381724243472,0.4670848306291786,0.45834529245675432,0.00066586314708440145,2141.3921232633325,2999,1,0,0.0047910133916808529,0.0002985311928635926,0,0.0002985311928635926,1,0,4.5890808442796075e-05,5.4564915768661228e-05,nan,nan
1150,1671753600000000000,202212,1151,1152,0.001859120238780947,0.001859120238780947,0,0,0.31629374735946597,0,0,0.92357100284715077,0.0098497636036722382,0.46671038322541214,0.45686061962173996,0.00066586314708440145,2137.8474620834154,2989,1,1,0.00041922589052144772,0,0,0,0,0,1.1154721432685681e-06,5.438816900258809e-05,0.00041922589052144772,0.00036372224937559106
1151,1672099200000000000,202212,1152,1153,0.0004465119893593268,0.0004465119893593268,0,0,0.31674025934882527,0,0,0.92312449085779147,0.0094140368506808354,0.46626926385423684,0.45685522700355602,0.00066586314708440145,2136.8230973216873,2987,1,0,-0.011065061377133395,0.00098827712368667014,0,0.00098827712368667014,2,0,2.6790719361559607e-07,5.4387527024232855e-05,nan,nan
1152,1672185600000000000,202212,1153,1154,0.00094396561734491082,0.00094396561734491082,0,0,0.31768422496617016,0,0,0.92218052524044658,0.010124315394872845,0.46615242031766035,0.45602810492278756,0.00066586314708440145,2134.0618338084605,2981,1,0,-0.00039531873494189903,0.00098827712368667014,0,0.00098827712368667014,2,0,5.663793704069464e-07,5.4289060109855659e-05,nan,nan
1153,1672272000000000000,202212,1154,1155,0.001607114748943564,0.001607114748943564,0,0,0.3192913397151137,0,0,0.9205734104915031,0.0097548758964430583,0.4651641431939737,0.45540926729753067,0.00066586314708440145,2130.5449335507406,2977,0,0,0,0,0,0,0,0,9.6426884936613846e-07,5.4215388963991748e-05,nan,nan
1154,1672358400000000000,202212,1155,1155,0.073671547928517545,0.00040921012933930383,0.073262337799178248,0,0.39296288764363124,0,0.25,0.92638779867872745,0.0076230645193365977,0.4670054315990318,0.4593823670796966,0.00066600847142441236,2146.2235190458077,3000,0,0,0,0,0,0,0,0,4.4202928757110527e-05,5.4688377033297218e-05,nan,nan
