decision,session_ns,month,entry,endpoint,turnover,forced,discretionary,deployment,month_turnover,budget_excess,applied_fraction,gross,net,long_weight,short_weight,max_abs_weight,effective_names,held_names,return_mature,return_complete,observed_return_component,missing_long,missing_short,missing_gross,missing_names,guarded_names,modeled_trade_cost,modeled_borrow_cost,complete_gross_return,complete_net_return
399,1577923200000000000,202001,400,401,0.25000000000000044,0,0.25000000000000044,0.25000000000000044,0.25000000000000044,0,0.25,0.25000000000000044,-6.2170863075750038e-16,0.125,0.12500000000000025,0.00017307024577773404,2166.1370184352472,2888,1,0,-0.00046247898750513544,0.00014729255070172894,1.3967913843509722e-05,0.00016126046454523866,2,0,0.00015000000000000026,1.4880952380952411e-05,nan,nan
400,1578009600000000000,202001,401,402,0.00020076628095241859,0.00020076628095241859,0,0,0.25020076628095284,0,0,0.24979923371904802,0.00020076628095179835,0.125,0.12479923371904782,0.00017307024577773404,2164.9298451606346,2885,1,0,-0.00014907566294980045,0.00014729255070172894,1.3967913843509722e-05,0.00016126046454523866,2,0,1.2045976857145116e-07,1.4857051633219979e-05,nan,nan
401,1578268800000000000,202001,402,403,0.00023110003376278725,0.00023110003376278725,0,0,0.25043186631471565,0,0,0.24956813368528524,0.0001372812133111459,0.12485270744929829,0.12471542623598676,0.00017307024577773404,2162.641617037717,2878,1,1,0.00051943198848121484,0,0,0,0,0,1.3866002025767236e-07,1.4847074551903188e-05,0.00051943198848121484,0.00050444625390905402
402,1578355200000000000,202001,403,404,0,0,0,0,0.25043186631471565,0,0,0.24956813368528524,0.0001372812133111459,0.12485270744929829,0.12471542623598676,0.00017307024577773404,2162.641617037717,2878,1,0,0.00064671559280193782,0,5.2334715817098105e-05,5.2334715817098105e-05,1,0,0,1.4847074551903188e-05,nan,nan
403,1578441600000000000,202001,404,405,0.00043534330614406153,0.00043534330614406153,0,0,0.25086720962085973,0,0,0.24913279037914118,0.00057262451945519195,0.12485270744929829,0.1242800829298427,0.00017307024577773404,2159.6320858597715,2874,1,0,0.00012710784095051216,0,0.00021185668464790877,0.00021185668464790877,2,0,2.6120598368643696e-07,1.4795247967838418e-05,nan,nan
404,1578528000000000000,202001,405,406,0.049132790379140333,0.00012319340321206954,0.04900959697592825,0,0.30000000000000004,5.5511151231257827e-17,0.064891502910460433,0.29707307302577202,0.00065066525191309751,0.14886186913884297,0.14821120388692954,0.00020656137534601969,2160.2254829352391,2901,1,0,0.00042447321901489712,0,0.00018809383847267363,0.00018809383847267363,1,0,2.9479674227484197e-05,1.7644190938920185e-05,nan,nan
405,1578614400000000000,202001,406,407,0.00072776707239571728,0.00072776707239571728,0,0,0.30072776707239574,0.00072776707239574634,0,0.29634530595337633,0.0013784323243088219,0.14886186913884297,0.1474834368145338,0.00020656137534601969,2156.1850127848797,2892,1,1,-0.0010138431880696659,0,0,0,0,0,4.3666024343743039e-07,1.7557552001730215e-05,-0.0010138431880696659,-0.0010318374003148334
406,1578873600000000000,202001,407,408,0.0002806803221666356,0.0002806803221666356,0,0,0.3010084473945624,0.0010084473945624062,0,0.29606462563120967,0.0016591126464754471,0.14886186913884297,0.14720275649236716,0.00020656137534601969,2154.0850944618637,2887,1,0,-6.4698075303336203e-06,0,9.485381463941324e-05,9.485381463941324e-05,1,0,1.6840819329998137e-07,1.7524137677662758e-05,nan,nan
407,1578960000000000000,202001,408,409,7.7354838570359289e-05,7.7354838570359289e-05,0,0,0.30108580223313275,0.0010858022331327599,0,0.29598727079263931,0.0017364674850458182,0.14886186913884297,0.14712540165379681,0.00020656137534601969,2153.0449928108219,2883,1,0,5.855623378833722e-05,2.1055186147539617e-05,9.485381463941324e-05,0.00011590900078695286,2,0,4.6412903142215573e-08,1.7514928768309143e-05,nan,nan
408,1579046400000000000,202001,409,410,0.00017005280176382839,0.00017005280176382839,0,0,0.3012558550348966,0.0012558550348966135,0,0.29581721799087551,0.0019065202868096419,0.14886186913884297,0.14695534885203301,0.00020656137534601969,2151.3464094549331,2881,1,0,0.00087781716417268047,2.1055186147539617e-05,0,2.1055186147539617e-05,1,0,1.0203168105829703e-07,1.7494684387146786e-05,nan,nan
409,1579132800000000000,202001,410,411,0.00010840836931756047,0.00010840836931756047,0,0,0.30136426340421418,0.0013642634042141943,0,0.29570880962155793,0.0018622020067473458,0.14878550581415304,0.1469233038074054,0.00020656137534601969,2150.0092875622499,2878,1,1,0.0011245392109902371,0,0,0,0,0,6.5045021590536278e-08,1.7490869500881597e-05,0.0011245392109902371,0.001106983296467765
410,1579219200000000000,202001,411,412,9.6250603582960219e-05,9.6250603582960219e-05,0,0,0.30146051400779716,0.0014605140077971757,0,0.29561255901797495,0.0019584526103303052,0.14878550581415304,0.14682705320382242,0.00020656137534601969,2149.0994227191363,2877,1,1,0.00071680873441344443,0,0,0,0,0,5.7750362149776132e-08,1.7479411095693145e-05,0.00071680873441344443,0.00069927157295560159
411,1579564800000000000,202001,412,413,0.00026438357496787304,0.00026438357496787304,0,0,0.30172489758276505,0.0017248975827650614,0,0.29534817544300707,0.0020316487657951517,0.14868991210440149,0.14665826333860607,0.00020656137534601969,2147.2440455897245,2875,1,0,0.00068326762071753086,0,2.4319101158196778e-05,2.4319101158196778e-05,1,0,1.5863014498072384e-07,1.7459317064119771e-05,nan,nan
412,1579651200000000000,202001,413,414,1.6207470527501584e-05,1.6207470527501584e-05,0,0,0.30174110505329255,0.0017411050532925576,0,0.29533196797247957,0.0020478562363226561,0.14868991210440149,0.14664205586807857,0.00020656137534601969,2147.0222714299125,2874,1,0,0.00080621437857831147,0.00010620024555350057,2.4319101158196778e-05,0.00013051934671169733,2,0,9.724482316500951e-09,1.7457387603342687e-05,nan,nan
413,1579737600000000000,202001,414,415,0.00045259773732853927,0.00045259773732853927,0,0,0.30219370279062108,0.0021937027906210882,0,0.29487937023515104,0.0023382275675351179,0.14860879890134349,0.14627057133380808,0.00020656137534601969,2143.9638030050437,2869,1,0,0.00017374788527263385,0.00010620024555350057,0,0.00010620024555350057,1,0,2.7155864239712354e-07,1.7413163254024771e-05,nan,nan
414,1579824000000000000,202001,415,416,0.00018140906627539413,0.00018140906627539413,0,0,0.30237511185689647,0.0023751118568964835,0,0.29469796116887559,0.0023072361427035198,0.14850259865578999,0.14619536251308615,0.00020656137534601969,2142.0468340757188,2865,1,0,0.00041972475637048107,6.007165915807086e-05,0,6.007165915807086e-05,1,0,1.0884543976523648e-07,1.7404209822986444e-05,nan,nan
415,1580083200000000000,202001,416,417,0.00022995075028517999,0.00022995075028517999,0,0,0.30260506260718167,0.0026050626071816851,0,0.29446801041859044,0.0025371868929886976,0.14850259865578999,0.14596541176280095,0.00020656137534601969,2140.7202413818991,2863,1,0,0.00050611672446088617,6.007165915807086e-05,0,6.007165915807086e-05,1,0,1.3797045017110802e-07,1.7376834733666782e-05,nan,nan
416,1580169600000000000,202001,417,418,0.00029621140173605669,0.00029621140173605669,0,0,0.30290127400891775,0.0029012740089177647,0,0.29417179901685436,0.0027132549764086159,0.14844252699663191,0.14572927202022298,0.00020656137534601969,2137.8219461801677,2858,1,1,0.00049521401354006697,0,0,0,0,0,1.7772684104163402e-07,1.7348722859550355e-05,0.00049521401354006697,0.00047768756383947497
417,1580256000000000000,202001,418,419,2.4517367624191765e-05,2.4517367624191765e-05,0,0,0.30292579137654196,0.0029257913765419752,0,0.29414728164923015,0.0027377723440328056,0.14844252699663191,0.14570475465259877,0.00020656137534601969,2137.4973541815143,2857,1,0,-0.00042051082212135024,0,0.00011200982607566008,0.00011200982607566008,1,0,1.4710420574515057e-08,1.7345804125309377e-05,nan,nan
418,1580342400000000000,202001,419,420,0.00027455701696054943,0.00027455701696054943,0,0,0.30320034839350252,0.0032003483935025279,0,0.2938727246322696,0.0030123293609933635,0.14844252699663191,0.14543019763563828,0.00020656137534601969,2135.4366082679348,2853,1,0,0.00042991175505431475,9.4243770240714118e-05,0.00011200982607566008,0.0002062535963163742,2,0,1.6473421017632965e-07,1.7313118766147414e-05,nan,nan
419,1580428800000000000,202001,420,421,0.00046303914603874256,0.00046303914603874256,0,0,0.30366338753954125,0.0036633875395412629,0,0.29340968548623086,0.003475368507032102,0.14844252699663191,0.14496715848959954,0.00020656137534601969,2132.0329191428027,2847,1,0,0.00019485087177940097,0.0002495671637264809,0,0.0002495671637264809,2,0,2.7782348762324555e-07,1.7257995058285658e-05,nan,nan
420,1580688000000000000,202002,421,422,0.00049253550119905242,0.00049253550119905242,0,0,0.00049253550119905242,0,0,0.29291714998503182,0.0037794164677497221,0.14834828322639118,0.1445688667586412,0.00020656137534601969,2129.5329340751709,2844,1,0,-0.0010446714377482561,0.0001553233934857668,0,0.0001553233934857668,1,0,2.9552130071943145e-07,1.7210579376028713e-05,nan,nan
421,1580774400000000000,202002,422,423,0.00034240926787145967,0.00034240926787145967,0,0,0.00083494476907051214,0,0,0.29257474071716039,0.0038111789486496564,0.14819295983290542,0.14438178088425549,0.00020656137534601969,2126.6057571775718,2839,1,0,0.0003640807103489109,2.2067913647224199e-05,0,2.2067913647224199e-05,1,0,2.054455607228758e-07,1.7188307248125656e-05,nan,nan
422,1580860800000000000,202002,423,424,0.00043807168866550776,0.00043807168866550776,0,0,0.00127301645773602,0,0,0.29213666902849494,0.0040541800613137103,0.14809542454490468,0.14404124448359076,0.00020656137534601969,2123.177185618827,2834,1,0,0.00043648999968419065,5.5640916877127081e-05,0,5.5640916877127081e-05,2,0,2.6284301319930464e-07,1.7147767200427472e-05,nan,nan
423,1580947200000000000,202002,424,425,2.5213869253045233e-05,2.5213869253045233e-05,0,0,0.0012982303269890652,0,0,0.29211145515924186,0.0040352581032723055,0.14807335663125745,0.14403809852798496,0.00020656137534601969,2122.8369467140847,2832,1,0,0.00099094540472157116,3.3573003229902882e-05,3.1459556058210352e-06,3.6718958835723916e-05,2,0,1.512832155182714e-08,1.7147392681902972e-05,nan,nan
424,1581033600000000000,202002,425,426,0.18833892534392341,7.2799315760790879e-05,0.18826612602816264,0,0.18963715567091247,0,0.25,0.4513497711393617,0.0030306835594304869,0.22719022734939692,0.22415954378996555,0.00032447785807907599,2125.2356918974888,2946,1,0,-0.00027996362306198324,1.1755199228568865e-05,6.1412906457499096e-05,7.3168105686067958e-05,3,0,0.00011300335520635405,2.6685659974995897e-05,nan,nan
425,1581292800000000000,202002,426,427,0.00024502847031898471,0.00024502847031898471,0,0,0.18988218414123145,0,0,0.45110474266904277,0.0029034117306091251,0.22700407719982668,0.22410066546921675,0.00032447785807907599,2123.2393437394389,2935,1,0,-0.00048940369511219395,0,6.1412906457499096e-05,6.1412906457499096e-05,2,0,1.4701708219139083e-07,2.6678650651097231e-05,nan,nan
426,1581379200000000000,202002,427,428,0.00097511253998885797,0.00097511253998885797,0,0,0.19085729668122031,0,0,0.45012963012905394,0.0038785242705979784,0.22700407719982668,0.22312555292922792,0.00032447785807907599,2119.9700844839372,2927,1,1,0.00090171213958592175,0,0,0,0,0,5.8506752399331474e-07,2.6562565824908084e-05,0.00090171213958592175,0.00087456450623702028
427,1581465600000000000,202002,428,429,0.00020491544133457336,0.00020491544133457336,0,0,0.19106221212255489,0,0,0.44992471468771938,0.0040834397119325593,0.22700407719982668,0.2229206374878934,0.00032447785807907599,2118.696885182876,2922,1,0,0.00041024264423835717,4.0906305196180412e-05,0,4.0906305196180412e-05,1,0,1.2294926480074403e-07,2.6538171129511121e-05,nan,nan
428,1581552000000000000,202002,429,430,8.4111886784015578e-06,8.4111886784015578e-06,0,0,0.19107062331123328,0,0,0.44991630349904099,0.0040918509006109653,0.22700407719982668,0.22291222629921495,0.00032447785807907599,2118.6192380569041,2921,1,0,-0.00019556349868848249,4.0906305196180412e-05,0,4.0906305196180412e-05,1,0,5.0467132070409349e-09,2.6537169797525592e-05,nan,nan
429,1581638400000000000,202002,430,431,0.10892937668876616,0.00091432984131728967,0.10801504684744889,0,0.29999999999999943,0,0.18415761988380142,0.54303997062741372,0.00401105485111437,0.27352551273926345,0.26951445788815037,0.00038991491575546153,2132.2180372838593,2941,1,1,-0.00020969533811435794,0,0,0,0,0,6.5357626013259695e-05,3.2085054510494089e-05,-0.00020969533811435794,-0.00030713801863811171
430,1581984000000000000,202002,431,432,0.00033159820163187483,0.00033159820163187483,0,0,0.3003315982016313,0.00033159820163131126,0,0.54270837242578185,0.0039974388878693708,0.27335290565682496,0.26935546676895689,0.00038991491575546153,2130.3096847673069,2934,1,0,-0.0014989110349909768,0.00010169099090779001,0,0.00010169099090779001,1,0,1.9895892097912491e-07,3.206612699630439e-05,nan,nan
431,1582070400000000000,202002,432,433,4.3319146058528143e-05,4.3319146058528143e-05,0,0,0.30037491734768984,0.00037491734768985152,0,0.54266505327972325,0.0040407580339278971,0.27335290565682496,0.26931214762289829,0.00038991491575546153,2129.9762669135175,2929,1,0,-0.00058030636929027831,0.0003015050461092613,0,0.0003015050461092613,2,0,2.5991487635116885e-08,3.2060969955106944e-05,nan,nan
432,1582156800000000000,202002,433,434,0.00085855995978847488,0.00085855995978847488,0,0,0.30123347730747829,0.0012334773074783034,0,0.54180649331993469,0.0046959360119007924,0.27325121466591717,0.26855527865401757,0.00038991491575546153,2126.5926948210276,2920,1,0,-0.00052856454808930119,0.00052036530639668521,0,0.00052036530639668521,2,0,5.1513597587308493e-07,3.1970866506430668e-05,nan,nan
433,1582243200000000000,202002,434,435,0.00038756228566266316,0.00038756228566266316,0,0,0.30162103959314096,0.0016210395931409716,0,0.54141893103427208,0.0044974456438535183,0.27295818833906221,0.26846074269520986,0.00038991491575546153,2124.3114136573672,2914,1,0,0.00038635406017315589,0.00032055125119521385,0,0.00032055125119521385,1,0,2.3253737139759791e-07,3.1959612225620227e-05,nan,nan
434,1582502400000000000,202002,435,436,0.001634880899562428,0.001634880899562428,0,0,0.30325592049270339,0.0032559204927034013,0,0.53978405013470965,0.005491224041025514,0.27263763708786709,0.26714641304684261,0.00038991491575546153,2118.8940120910793,2907,1,1,0.003206731521835315,0,0,0,0,0,9.8092853973745683e-07,3.1803144410338404e-05,0.003206731521835315,0.0031739474488852392
435,1582588800000000000,202002,436,437,0.00062121202128014703,0.00062121202128014703,0,0,0.30387713251398352,0.0038771325139835278,0,0.53916283811342947,0.0059801885550301789,0.27257151333422935,0.26659132477920017,0.00038991491575546153,2116.4350342762687,2901,1,1,-0.0025009505702257473,0,0,0,0,0,3.7272721276808823e-07,3.1737062473714303e-05,-0.0025009505702257473,-0.0025330603599122295
436,1582675200000000000,202002,437,438,0.0010978493883656701,0.0010978493883656701,0,0,0.30497498190234917,0.0049749819023491848,0,0.53806498872506381,0.0066315960582351684,0.27234829239164904,0.26571669633341483,0.00038991491575546153,2112.5755541482108,2893,1,0,-0.0019323284162055436,0.00010404904191884754,0,0.00010404904191884754,1,0,6.5870963301940208e-07,3.1632940039692238e-05,nan,nan
437,1582761600000000000,202002,438,439,0.0017547582240228716,0.0017547582240228716,0,0,0.30672974012637205,0.0067297401263720635,0,0.53631023050104076,0.0082599230203963918,0.27228507676071817,0.26402515374032282,0.00038991491575546153,2107.6473177867433,2884,1,0,0.0063075235484013623,0.00010404904191884754,6.4348385289309939e-05,0.00016839742720815747,2,0,1.052854934413723e-06,3.1431565921467001e-05,nan,nan
438,1582848000000000000,202002,439,440,0.00084930463811642445,0.00084930463811642445,0,0,0.3075790447644885,0.0075790447644885073,0,0.53546092586292426,0.0086403077387362699,0.27205061680082993,0.26341030906209462,0.00038991491575546153,2104.0192995821526,2875,1,0,-0.00069482443141562905,0,6.4348385289309939e-05,6.4348385289309939e-05,1,0,5.0958278286985463e-07,3.1358370126439839e-05,nan,nan
439,1583107200000000000,202003,440,441,0.1363397172894858,0.00020244010864854534,0.13613727718083724,0,0.1363397172894858,0,0.25,0.63553283532378624,0.0066320608855386749,0.32108244810466369,0.31445038721912422,0.00046061645704623155,2130.6831388381743,2972,1,1,0.0052078985048448507,0,0,0,0,0,8.1803830373691481e-05,3.7434569907038595e-05,0.0052078985048448507,0.0050886601045641204
440,1583193600000000000,202003,441,442,4.4399349554142575e-05,4.4399349554142575e-05,0,0,0.13638411663903993,0,0,0.6354884359742321,0.0066764602350928258,0.32108244810466369,0.31440598786957014,0.00046061645704623155,2130.3935164951313,2969,1,0,0.00068393397825014708,2.3650429476995697e-05,0.00038944252600028688,0.00041309295547728257,2,0,2.6639609732485545e-08,3.7429284270186922e-05,nan,nan
441,1583280000000000000,202003,442,443,0.00063319559027669929,0.00063319559027669929,0,0,0.13701731222931662,0,0,0.63485524038395535,0.0073096558253695348,0.32108244810466369,0.31377279227929344,0.00046061645704623155,2128.2522808508779,2965,1,0,0.0020176781636941929,2.3650429476995697e-05,0.00038944252600028688,0.00041309295547728257,2,0,3.7991735416601958e-07,3.7353903842773032e-05,nan,nan
442,1583366400000000000,202003,443,444,0.00058009136180573015,0.00058009136180573015,0,0,0.13759740359112235,0,0,0.63427514902214965,0.0078424463282213072,0.32105879767518669,0.31321635134696468,0.00046061645704623155,2126.3090650619524,2960,1,0,0.0063572351330770981,0.00034798263006403685,0.00031993738737201604,0.00066792001743605283,2,1,3.4805481708343809e-07,3.7287660874638655e-05,nan,nan
443,1583452800000000000,202003,444,445,0.0018244667569957706,0.0018244667569957706,0,0,0.13942187034811812,0,0,0.63245068226515389,0.0096393271880304988,0.32104500472659336,0.31140567753856219,0.00046061645704623155,2122.2890475754739,2952,1,0,0.0030799861658107304,0.00034798263006403685,0,0.00034798263006403685,1,0,1.0946800541974624e-06,3.7072104468876448e-05,nan,nan
444,1583712000000000000,202003,445,446,0.11531277714012701,0.0031646420564895804,0.11214813508363743,0,0.25473464748824515,0,0.25,0.70920175386173712,0.0090810029882932297,0.35914137842501431,0.35006037543672025,0.00051224019468594137,2144.7187198559382,2997,1,1,0.0010247482074729724,0,0,0,0,0,6.9187666284076211e-05,4.1673854218657173e-05,0.0010247482074729724,0.00091388668697023909
445,1583798400000000000,202003,446,447,0.014283943274135659,0.014283943274135659,0,0,0.26901859076238083,0,0,0.69491781058760149,0.02205591772294907,0.35848686415527442,0.33643094643232452,0.00051224019468594137,2108.3248330931115,2948,1,1,-0.0016208814900984028,0,0,0,0,0,8.570365964481395e-06,4.0051303146705302e-05,-0.0016208814900984028,-0.0016695031592095897
446,1583884800000000000,202003,447,448,0.0010899801956699008,0.0010899801956699008,0,0,0.27010857095805074,0,0,0.69382783039193152,0.023145897918618971,0.35848686415527442,0.33534096623665466,0.00051224019468594137,2106.1832322310684,2943,1,0,0.005224651653144269,0.00032710739471175469,0,0.00032710739471175469,1,0,6.5398811740194053e-07,3.9921543599601747e-05,nan,nan
447,1583971200000000000,202003,448,449,0.0021253397339657306,0.0021253397339657306,0,0,0.27223391069201647,0,0,0.69170249065796596,0.025184167071027094,0.35844332886449559,0.33325916179346765,0.00051224019468594137,2100.5634036091255,2934,1,0,-0.0084780190695930742,0.00060010261517205689,0,0.00060010261517205689,2,0,1.2752038403794384e-06,3.967370973731758e-05,nan,nan
448,1584057600000000000,202003,449,450,0.010482392609103797,0.010482392609103797,0,0,0.28271630330112024,0,0,0.68122009804886208,0.033830418310847078,0.35752525817985364,0.32369483986900582,0.00051224019468594137,2073.0744154918389,2895,1,0,0.0090545054038686842,0.00027299522046030214,0,0.00027299522046030214,1,0,6.2894355654622788e-06,3.8535099984405456e-05,nan,nan
449,1584316800000000000,202003,450,451,0.017283696698879723,0.0013168699306886755,0.015966826768191038,0,0.29999999999999999,0,0.039017493545570714,0.68930504595838449,0.033139421868608396,0.36122223391349739,0.32808281204488782,0.00051856615566492326,2072.2315894236749,2961,1,1,0.00055487020729477158,0,0,0,0,0,1.0370218019327834e-05,3.9057477624391408e-05,0.00055487020729477158,0.0005054425116510523
450,1584403200000000000,202003,451,452,0.0063916516777984614,0.0063916516777984614,0,0,0.30639165167779847,0.0063916516777984822,0,0.68291339428058573,0.038961849665097643,0.36093762197284274,0.32197577230774405,0.00051856615566492326,2053.4532320970043,2911,1,0,-0.012638434968383586,7.1600774269761135e-06,0,7.1600774269761135e-06,1,0,3.8349910066790768e-06,3.8330449084255244e-05,nan,nan
451,1584489600000000000,202003,452,453,0.0073691564955800353,0.0073691564955800353,0,0,0.31376080817337848,0.013760808173378491,0,0.67554423778500583,0.045329084186545285,0.36043666098577648,0.31510757679923024,0.00051856615566492326,2034.9374377010831,2881,1,0,-0.0045020463610118177,7.1600774269761135e-06,0,7.1600774269761135e-06,1,0,4.4214938973480206e-06,3.7512806761813119e-05,nan,nan
452,1584576000000000000,202003,453,454,0.01402525779929974,0.01402525779929974,0,0,0.32778606597267823,0.027786065972678242,0,0.66151897998570575,0.055370861088882964,0.35844492053729543,0.30307405944841148,0.00051856615566492326,1991.5364908224037,2818,1,1,-0.0028948969871249422,0,0,0,0,0,8.4151546795798457e-06,3.6080245172429938e-05,-0.0028948969871249422,-0.0029393923869769521
453,1584662400000000000,202003,454,455,0.0018839300188810968,0.0018839300188810968,0,0,0.32966999599155933,0.029669995991559339,0,0.65963504996682465,0.057218413037921786,0.35842673150237431,0.3012083184644514,0.00051856615566492326,1986.096358757236,2810,1,0,0.0078675787682746436,0.00021650680555520673,0,0.00021650680555520673,1,0,1.1303580113286579e-06,3.5858133150529923e-05,nan,nan
454,1584921600000000000,202003,455,456,0.00075361999741859463,0.00075361999741859463,0,0,0.3304236159889779,0.030423615988977915,0,0.65888142996940613,0.057645579090588102,0.35826350452999817,0.30061792543940907,0.00051856615566492326,1983.0092893959243,2804,1,0,0.0036356654255421681,0.00021650680555520673,0,0.00021650680555520673,1,0,4.521719984511568e-07,3.5787848266596316e-05,nan,nan
455,1585008000000000000,202003,456,457,0.0019562641326795849,0.0019562641326795849,0,0,0.33237988012165748,0.032379880121657489,0,0.65692516583672667,0.057136482299488797,0.35703082406810877,0.29989434176861879,0.00051856615566492326,1977.0334592300483,2795,1,1,0.010379548115028989,0,0,0,0,0,1.1737584796077507e-06,3.5701707353406997e-05,0.010379548115028989,0.010342672649195974
456,1585094400000000000,202003,457,458,0.0024170335960730337,0.0024170335960730337,0,0,0.33479691371773052,0.034796913717730527,0,0.65450813224065352,0.057476171090472282,0.35599215166556397,0.29851598057509054,0.00051856615566492326,1969.7054698744612,2781,1,0,-0.00070080771590195991,0.00045885645036517598,0,0.00045885645036517598,1,0,1.4502201576438203e-06,3.5537616735129826e-05,nan,nan
457,1585180800000000000,202003,458,459,0.0001417505704117457,0.0001417505704117457,0,0,0.33493866428814228,0.034938664288142296,0,0.65436638167024175,0.057617921660884024,0.35599215166556397,0.29837423000467878,0.00051856615566492326,1969.0342988451446,2780,1,0,0.0053748221987748651,0.00068688278941624362,0.00054395126296301159,0.0012308340523792551,5,0,8.5050342247047423e-08,3.5520741667223667e-05,nan,nan
458,1585267200000000000,202003,459,460,0.00071128039786226571,0.00071128039786226571,0,0,0.33564994468600456,0.035649944686004575,0,0.65365510127237936,0.057411489158015951,0.35553329521519872,0.29812180605718169,0.00051856615566492326,1967.1802814777475,2777,1,0,-0.0046303900112680627,0.00022802633905106765,0.00054395126296301159,0.00077197760201407929,4,0,4.2676823871735947e-07,3.5490691197283532e-05,nan,nan
459,1585526400000000000,202003,460,461,0.00077197760201407929,0.00077197760201407929,0,0,0.33642192228801865,0.03642192228801866,0,0.65288312367036527,0.057727414081927879,0.35530526887614766,0.29757785479421867,0.00051856615566492326,1964.7598553475566,2773,1,0,-0.0030493747386763979,0.00056641547028590876,3.2500166960798435e-05,0.00059891563724670722,3,0,4.6318656120844758e-07,3.5425935094549841e-05,nan,nan
460,1585612800000000000,202003,461,462,2.6225239696975078e-05,2.6225239696975078e-05,0,0,0.33644814752771562,0.036448147527715635,0,0.6528568984306683,0.057753639321624854,0.35530526887614766,0.29755162955452169,0.00051856615566492326,1964.6051302133908,2771,1,0,0.0017535256412351565,0.00096479838848039954,3.2500166960798435e-05,0.000997298555441198,4,0,1.5735143818185047e-08,3.542281304220496e-05,nan,nan
461,1585699200000000000,202004,462,463,0.0011721652577965575,0.0011721652577965575,0,0,0.0011721652577965575,0,0,0.65168473317287168,0.057618293184636786,0.35465151317875532,0.29703321999411741,0.00051856615566492326,1961.663418313577,2765,1,0,-0.0024585050407461826,0.00086889853307985467,2.147640754936239e-05,0.00089037494062921708,3,0,7.0329915467793447e-07,3.5361097618347314e-05,nan,nan
462,1585785600000000000,202004,463,464,0.0005752218823998021,0.0005752218823998021,0,0,0.0017473871401963597,0,0,0.6511095112904719,0.057396749230647602,0.35425313026056082,0.29685638102991213,0.00051856615566492326,1959.882923844712,2762,1,0,0.0061231896190784103,0.00057146398542033574,2.147640754936239e-05,0.00059294039296969815,3,0,3.451331294398813e-07,3.5340045360703831e-05,nan,nan
463,1585872000000000000,202004,464,465,0.00066439174259197138,0.00066439174259197138,0,0,0.002411778882788331,0,0,0.65044511954787998,0.056775310303154393,0.35361021492551814,0.29683490462236278,0.00051856615566492326,1958.162567615424,2759,1,0,-0.0021858463574432629,0.00023125134684306672,0,0.00023125134684306672,2,0,3.9863504555518288e-07,3.5337488645519376e-05,nan,nan
464,1586131200000000000,202004,465,466,0.14606245322728481,0.0016625573208690948,0.14439989590641572,0,0.14847423211007313,0,0.25,0.69269176435799973,0.043567162671433873,0.36812946351471582,0.32456230084328225,0.00055775605586655603,1978.5314007747074,2944,1,0,-0.00035887725942103512,0.00025455172994146876,0,0.00025455172994146876,1,0,8.7637471936370884e-05,3.8638369148009793e-05,nan,nan
465,1586217600000000000,202004,466,467,0.00046584416345177271,0.00046584416345177271,0,0,0.1489400762735249,0,0,0.69222592019454787,0.043523903375002705,0.36787491178477433,0.32435100840977193,0.00055775605586655603,1976.5852402271803,2939,1,0,-0.0028531927800893846,0,0.00033729398442698314,0.00033729398442698314,2,0,2.7950649807106362e-07,3.861321528687761e-05,nan,nan
466,1586304000000000000,202004,467,468,0.00060558501111336973,0.00060558501111336973,0,0,0.14954566128463828,0,0,0.69162033518343446,0.044129488386116057,0.36787491178477433,0.32374542339865853,0.00055775605586655603,1975.4313446380775,2935,1,0,0.0016659252972759742,0.0012528467700344905,0.00037231741356790648,0.0016251641836023971,6,0,3.6335100666802183e-07,3.8541121833173638e-05,nan,nan
467,1586390400000000000,202004,468,469,0.0010493128218890923,0.0010493128218890923,0,0,0.15059497410652736,0,0,0.69057102236154544,0.045178801208005166,0.36787491178477433,0.32269611057676945,0.00055775605586655603,1971.1805782613662,2917,1,0,0.0061934198260967955,0.0012528467700344905,3.5023429140923325e-05,0.0012878701991754138,4,0,6.2958769313345535e-07,3.8416203640091599e-05,nan,nan
468,1586736000000000000,202004,469,470,0.003510643131324286,0.003510643131324286,0,0,0.15410561723785166,0,0,0.6870603792302209,0.046177388366447546,0.36661888379833341,0.3204414954318861,0.00055775605586655603,1963.891427393497,2899,1,1,0.0024869322896371362,0,0,0,0,0,2.1063858787945716e-06,3.8147797075224535e-05,0.0024869322896371362,0.0024466781066831171
469,1586822400000000000,202004,470,471,0.12286791979418253,0.00037930219185116959,0.12248861760233135,0,0.2769735370320342,0,0.25,0.73429553665342417,0.034917517918723627,0.38460652728607603,0.34968900936735225,0.00058473518782659452,2010.2520445578468,3000,1,0,0.0072190342442492537,0.0004305782804815825,0,0.0004305782804815825,1,0,7.3720751876509518e-05,4.1629643972303838e-05,nan,nan
470,1586908800000000000,202004,471,472,0.00083855339559522153,0.00083855339559522153,0,0,0.27781209042762944,0,0,0.73345698325782893,0.035756071314318856,0.38460652728607603,0.34885045597175701,0.00058473518782659452,2007.0559082155191,2989,1,0,-0.0066238015940436592,0.0004469262465306963,0,0.0004469262465306963,2,0,5.0313203735713287e-07,4.1529816187113929e-05,nan,nan
471,1586995200000000000,202004,472,473,0.0010620268344933336,0.0010620268344933336,0,0,0.2788741172621228,0,0,0.73239495642333563,0.035956941587849033,0.38417594900559443,0.34821900741774525,0.00058473518782659452,2004.1026760566724,2980,1,0,-0.00048084905435362906,1.6347966049113817e-05,0,1.6347966049113817e-05,1,0,6.3721610069600017e-07,4.1454643740207773e-05,nan,nan
472,1587081600000000000,202004,473,474,0.00010153043993129342,0.00010153043993129342,0,0,0.27897564770205407,0,0,0.73229342598340452,0.036025776095682117,0.38415960103954533,0.34813382494386302,0.00058473518782659452,2003.5522396183735,2961,1,1,-0.0032671778389197523,0,0,0,0,0,6.0918263958776053e-08,4.1444502969507506e-05,-0.0032671778389197523,-0.0033086832601532186
473,1587340800000000000,202004,474,475,0.0007548065593147267,0.0007548065593147267,0,0,0.27973045426136878,0,0,0.73153861942408982,0.036780582654996834,0.38415960103954533,0.34737901838454838,0.00058473518782659452,2001.7432279309901,2959,1,0,0.0040732308672359512,0,4.3515304667384729e-06,4.3515304667384729e-06,1,0,4.5288393558883602e-07,4.1354645045779564e-05,nan,nan
474,1587427200000000000,202004,475,476,0.020269545738631139,1.2217468687733543e-05,0.020257328269943406,0,0.29999999999999993,0,0.044869676653580312,0.73743402946409553,0.035118580529318898,0.38627630499670834,0.3511577244673888,0.00058817197386285046,2008.5288946746311,3000,1,0,-0.0053453730145833663,0,4.1763062668092195e-06,4.1763062668092195e-06,1,0,1.2161727443178683e-05,4.1804491008022471e-05,nan,nan
475,1587513600000000000,202004,476,477,2.1041751854538132e-05,2.1041751854538132e-05,0,0,0.30002104175185446,2.1041751854466995e-05,0,0.73741298771224106,0.035139622281173462,0.38627630499670834,0.35113668271553428,0.00058817197386285046,2008.4149215498364,2987,1,1,0.00064682633736188623,0,0,0,0,0,1.2625051112722879e-08,4.1801986037563606e-05,0.00064682633736188623,0.00060501172627320989
476,1587600000000000000,202004,477,478,0.00073607925298770451,0.00073607925298770451,0,0,0.30075712100484214,0.00075712100484215394,0,0.73667690845925371,0.035875701534161177,0.38627630499670834,0.35040060346254664,0.00058817197386285046,2007.0099718880547,2980,1,0,-0.0065978796391072082,0.00039079055720013598,0,0.00039079055720013598,1,0,4.4164755179262278e-07,4.1714357555065072e-05,nan,nan
477,1587686400000000000,202004,478,479,0.00021790181351786708,0.00021790181351786708,0,0,0.30097502281836003,0.00097502281836003846,0,0.73645900664573571,0.036012395119281906,0.38623570088250975,0.35022330576322735,0.00058817197386285046,2005.9290835903537,2972,1,0,-0.0071952972294759667,0.00039079055720013598,0,0.00039079055720013598,1,0,1.3074108811072025e-07,4.1693250686098496e-05,nan,nan
478,1587945600000000000,202004,479,480,0.00062630142783705041,0.00062630142783705041,0,0,0.30160132424619707,0.0016013242461970778,0,0.73583270521789867,0.035772819684850896,0.38580276245137562,0.35002994276652433,0.00058817197386285046,2003.7959429460127,2965,1,1,-0.0088763946434534165,0,0,0,0,0,3.7578085670223026e-07,4.1670231281729092e-05,-0.0088763946434534165,-0.0089184406555918479
479,1588032000000000000,202004,480,481,0.0016787459331313508,0.0016787459331313508,0,0,0.3032800701793284,0.0032800701793284093,0,0.73415395928476745,0.037451565617982276,0.38580276245137562,0.348351196833393,0.00058817197386285046,1999.3120402402174,2956,1,1,0.0034449560227991834,0,0,0,0,0,1.0072475598788106e-06,4.1470380575403929e-05,0.0034449560227991834,0.0034024783946639005
480,1588118400000000000,202004,481,482,0.000421468836616438,0.000421468836616438,0,0,0.30370153901594482,0.0037015390159448325,0,0.73373249044815114,0.037366342534084822,0.38554941649111868,0.34818307395703352,0.00058817197386285046,1997.6745964388117,2948,1,0,0.004560186078849263,0.00014282802297431267,0,0.00014282802297431267,1,0,2.5288130196986282e-07,4.1450365947265896e-05,nan,nan
481,1588204800000000000,202004,482,483,0.0018169602361766178,0.0018169602361766178,0,0,0.30551849925212143,0.0055184992521214449,0,0.73191553021197453,0.039172146867841089,0.38554383853990853,0.34637169167206711,0.00058817197386285046,1991.4964952594325,2924,1,0,0.00039569669880980209,0.00014282802297431267,0,0.00014282802297431267,1,0,1.0901761417059707e-06,4.1234725199055611e-05,nan,nan
482,1588291200000000000,202005,483,484,0.00015027800283665954,0.00015027800283665954,0,0,0.00015027800283665954,0,0,0.73176525220913791,0.039036768824729125,0.38540101051693421,0.34636424169220476,0.00058817197386285046,1990.8301755919397,2922,1,0,0.0056600962245798086,0.00034433362795133828,0,0.00034433362795133828,1,0,9.0166801701995729e-08,4.1233838296691046e-05,nan,nan
483,1588550400000000000,202005,484,485,1.2953297848962677e-05,1.2953297848962677e-05,0,0,0.00016323130068562222,0,0,0.7317522989112889,0.039049722122578089,0.38540101051693421,0.34635128839435581,0.00058817197386285046,1990.7609369523814,2921,1,0,0.0044346986849709584,0.00034433362795133828,0,0.00034433362795133828,1,0,7.7719787093776059e-09,4.1232296237423312e-05,nan,nan
484,1588636800000000000,202005,485,486,0.13566962294662741,0.00036124635796471529,0.13530837658866274,0,0.13583285424731303,0,0.25,0.75945019923803847,0.029041725918478631,0.394245962578259,0.36520423665978075,0.00060771417148693877,2039.1404227568642,2999,1,1,-0.0024198095389352465,0,0,0,0,0,8.1401773767976438e-05,4.3476694840450092e-05,-0.0024198095389352465,-0.002544688007543673
485,1588723200000000000,202005,486,487,0.00068607918740386372,0.00068607918740386372,0,0,0.13651893343471691,0,0,0.75876412005063465,0.029668725849047933,0.39421642294984172,0.36454769710079421,0.00060771417148693877,2037.0176563966263,2996,1,1,-0.010090171483042259,0,0,0,0,0,4.1164751244231826e-07,4.3398535369142173e-05,-0.010090171483042259,-0.010133981665923842
486,1588809600000000000,202005,487,488,5.666714614279664e-05,5.666714614279664e-05,0,0,0.13657560058085971,0,0,0.75870745290449182,0.029633305403305495,0.39417037915389908,0.36453707375059397,0.00060771417148693877,2036.7289104614695,2984,1,0,0.009041676817119617,0.00060149116419802779,1.1151464544191052e-07,0.00060160267884346974,2,0,3.4000287685677984e-08,4.3397270684594515e-05,nan,nan
487,1588896000000000000,202005,488,489,0.0015137911736020793,0.0015137911736020793,0,0,0.1380893917544618,0,0,0.75719366173088976,0.030781621430654885,0.39398764158077271,0.36320602015011832,0.00060771417148693877,2032.8511739490091,2974,1,0,0.0043234714112533159,0.00060149116419802779,1.1151464544191052e-07,0.00060160267884346974,2,0,9.0827470416124763e-07,4.3238811922633138e-05,nan,nan
488,1589155200000000000,202005,489,490,0.0014755224231230042,0.0014755224231230042,0,0,0.13956491417758482,0,0,0.75571813930776666,0.031002569079423958,0.39336035419359577,0.36235778511417227,0.00060771417148693877,2030.1817829168292,2962,1,1,0.0090988156752897682,0,0,0,0,0,8.8531345387380248e-07,4.3137831561210987e-05,0.0090988156752897682,0.0090547925302746843
489,1589241600000000000,202005,490,491,0.11024127909717675,0.00044868543032721884,0.10979259366684953,0,0.24980619327476156,0,0.25,0.79289913593454686,0.023588440882313242,0.4082437884084289,0.38465534752611696,0.00062233884840669034,2079.1246939656085,3000,1,1,-0.0031155344393570985,0,0,0,0,0,6.6144767458306048e-05,4.5792303276918686e-05,-0.0031155344393570985,-0.003227471510092323
490,1589328000000000000,202005,491,492,0.0006143409701633649,0.0006143409701633649,0,0,0.25042053424492494,0,0,0.79228479496438342,0.024200579796976679,0.40824268738067898,0.38404210758370361,0.00062233884840669034,2077.8280803708699,2985,1,0,-0.00034334587191290044,0,0.00018598606490214233,0.00018598606490214233,1,0,3.6860458209801892e-07,4.5719298521869476e-05,nan,nan
491,1589414400000000000,202005,492,493,0.00058931078742995935,0.00058931078742995935,0,0,0.25100984503235491,0,0,0.79169548417695346,0.024788223132169503,0.4082418536545605,0.38345363052239223,0.00062233884840669034,2075.3557042770444,2968,1,0,-0.021171531720283084,0,0.00018598606490214233,0.00018598606490214233,1,0,3.5358647245797562e-07,4.5649241728856214e-05,nan,nan
492,1589500800000000000,202005,493,494,0.0010071649203398521,0.0010071649203398521,0,0,0.25201700995269477,0,0,0.79068831925661331,0.025795165462172191,0.40824174235939192,0.38244657689722095,0.00062233884840669034,2073.0059692712148,2962,1,1,0.0046123639785844526,0,0,0,0,0,6.0429895220391131e-07,4.5529354392526302e-05,0.0046123639785844526,0.0045662303252397224
493,1589760000000000000,202005,494,495,0.00073801656538048622,0.00073801656538048622,0,0,0.25275502651807524,0,0,0.7899503026912329,0.026447195105669771,0.40819874889845043,0.38175155379278197,0.00062233884840669034,2070.6055743300185,2954,1,1,-0.0061369434591364083,0,0,0,0,0,4.4280993922829176e-07,4.5446613546759762e-05,-0.0061369434591364083,-0.0061828328826223963
494,1589846400000000000,202005,495,496,0.047244973481924753,0.00091468395352013916,0.046330289528404595,0,0.29999999999999999,0,0.12970897938774506,0.80700741591058101,0.023381721834374387,0.4151945688724778,0.39181284703810443,0.00062799463398433095,2087.2813512138482,3000,1,1,-0.003072181389611954,0,0,0,0,0,2.8346984089154854e-05,4.6644386552155291e-05,-0.003072181389611954,-0.0031471727602532646
495,1589932800000000000,202005,496,497,0.001851300435953961,0.001851300435953961,0,0,0.30185130043595393,0.0018513004359539398,0,0.80515611547462695,0.02523302227032834,0.4151945688724778,0.38996154660215038,0.00062799463398433095,2083.7187963669376,2991,1,1,0.0026257433539043089,0,0,0,0,0,1.1107802615723767e-06,4.6423993643113135e-05,0.0026257433539043089,0.0025782085799996237
496,1590019200000000000,202005,497,498,0.002161965325427069,0.002161965325427069,0,0,0.30401326576138099,0.0040132657613810019,0,0.80299415014919984,0.026708689541062734,0.41485141984513146,0.38814273030406959,0.00062799463398433095,2078.0419088492317,2979,1,1,-0.016795034484836331,0,0,0,0,0,1.2971791952562415e-06,4.6207467893341618e-05,-0.016795034484836331,-0.016842539131924929
497,1590105600000000000,202005,498,499,0.00087290797385388395,0.00087290797385388395,0,0,0.30488617373523486,0.0048861737352348666,0,0.80212124217534608,0.027316589678019185,0.41471891592668275,0.38740232624866439,0.00062799463398433095,2075.0958378346645,2971,1,1,-0.011596165111040257,0,0,0,0,0,5.2374478431233037e-07,4.6119324553412422e-05,-0.011596165111040257,-0.011642808180377983
498,1590451200000000000,202005,499,500,0.00056395532240861932,0.00056395532240861932,0,0,0.30545012905764346,0.0054501290576434713,0,0.80155728685293748,0.027241870842294638,0.41439957884761619,0.38715770800532234,0.00062799463398433095,2072.8217050810335,2965,1,1,0.012179704761294031,0,0,0,0,0,3.3837319344517158e-07,4.6090203333966947e-05,0.012179704761294031,0.012133276184766619
499,1590537600000000000,202005,500,501,0.0020152256937186722,0.0020152256937186722,0,0,0.30746535475136211,0.0074653547513621188,0,0.799542061159219,0.02887573659631567,0.41420889887776735,0.38533316228145248,0.00062799463398433095,2068.3486996567558,2954,1,0,0.0093075802489275983,0.00046015768592122503,0,0.00046015768592122503,1,0,1.2091354162312033e-06,4.5872995509696722e-05,nan,nan
500,1590624000000000000,202005,501,502,4.2816434814404986e-05,4.2816434814404986e-05,0,0,0.30750817118617652,0.0075081711861765266,0,0.7994992447244047,0.028834372751320458,0.41416680873786249,0.38533243598654288,0.00062799463398433095,2068.1390384737824,2952,1,0,-0.0056247867228300368,0.00046015768592122503,9.6102180080647045e-05,0.00055625986600187213,2,0,2.5689860888642993e-08,4.5872909046017014e-05,nan,nan
501,1590710400000000000,202005,502,503,0.0004830581299030451,0.0004830581299030451,0,0,0.30799122931607958,0.0079912293160795955,0,0.79901618659450169,0.028354316087215444,0.41368525134085843,0.38533093525364381,0.00062799463398433095,2067.0598735240674,2948,1,0,-0.0044407587062019818,0.00041819781336648,9.6102180080647045e-05,0.00051429999344712704,2,0,2.8983487794182706e-07,4.5872730387338552e-05,nan,nan
502,1590969600000000000,202006,503,504,0.00062601906475162031,0.00062601906475162031,0,0,0.00062601906475162031,0,0,0.79839016752975001,0.028560759251491031,0.41347546339062041,0.38491470413913015,0.00062799463398433095,2064.4884464990714,2937,1,0,-0.014391370551325625,0.00041819781336648,0,0.00041819781336648,1,0,3.7561143885097217e-07,4.5823179064182161e-05,nan,nan
503,1591056000000000000,202006,504,505,0.0015689931473556336,0.0015689931473556336,0,0,0.0021950122121072542,0,0,0.79682117438239419,0.028671573266389142,0.41274637382439167,0.38407480055800325,0.00062799463398433095,2059.562008127115,2927,1,1,-0.0099411575167595283,0,0,0,0,0,9.4139588841338004e-07,4.5723190542619432e-05,-0.0099411575167595283,-0.0099878221031905606
504,1591142400000000000,202006,505,506,0.09824808695679664,0.0014228957382428295,0.096825191218553833,0,0.1004430991689039,0,0.25,0.82915242194429073,0.022021740657930586,0.42558708130111078,0.40356534064317773,0.00063717044077751469,2104.8744668081936,3000,1,0,-0.015455970343413072,0,2.9468661135306059e-06,2.9468661135306059e-06,1,0,5.8948852174077979e-05,4.8043492933711631e-05,nan,nan
505,1591228800000000000,202006,506,507,0.0021485462863094582,0.0021485462863094582,0,0,0.10259164545521336,0,0,0.82700387565798117,0.023798714618191743,0.42540129513808667,0.40160258051989239,0.00063717044077751469,2099.7006996816513,2986,1,0,-0.012130167963680423,0,0.00056935734984350425,0.00056935734984350425,2,0,1.2891277717856749e-06,4.7809831014272907e-05,nan,nan
506,1591315200000000000,202006,507,508,0.0009627017470813196,0.0009627017470813196,0,0,0.10355434720229469,0,0,0.82604117391089982,0.023888643482745348,0.42496490869682285,0.40107626521407497,0.00063717044077751469,2096.3564051791732,2979,1,0,0.012285701280743693,0,0.00056641048372997366,0.00056641048372997366,1,0,5.7762104824879178e-07,4.7747174430247023e-05,nan,nan
507,1591574400000000000,202006,508,509,0.0018041717769944465,0.0018041717769944465,0,0,0.10535851897928913,0,0,0.82423700213390527,0.024785508341751191,0.42451125523782851,0.39972574689607487,0.00063717044077751469,2092.1309204545128,2968,1,0,0.017235937607657795,0,5.6979987318680342e-05,5.6979987318680342e-05,1,0,1.0825030661966678e-06,4.7586398440008913e-05,nan,nan
508,1591660800000000000,202006,509,510,0.0011461226295731205,0.0011461226295731205,0,0,0.10650464160886225,0,0,0.82309087950433213,0.025487919089883026,0.42428939929710785,0.3988014802072225,0.00063717044077751469,2087.7678261907286,2955,1,0,0.016572015003006129,0,5.6979987318680342e-05,5.6979987318680342e-05,1,0,6.8767357774387224e-07,4.7476366691336012e-05,nan,nan
509,1591747200000000000,202006,510,511,0.085163074363217142,0.00015611182602286527,0.085006962537194267,0,0.19166771597207938,0,0.25,0.85272556189647564,0.019094861713049031,0.43591021180476058,0.41681535009171172,0.00064491370708133326,2120.3827865855242,2999,1,1,-0.011345226783352154,0,0,0,0,0,5.1097844617930285e-05,4.9620875010918061e-05,-0.011345226783352154,-0.011445945502981003
510,1591833600000000000,202006,511,512,0.00027627899962999063,0.00027627899962999063,0,0,0.19194399497170936,0,0,0.85244928289684574,0.018826605784204815,0.4356379443405235,0.41681133855631874,0.00064491370708133326,2119.246131104534,2993,1,0,0.00046036750746062993,0.00057909780283037508,0,0.00057909780283037508,1,0,1.6576739977799438e-07,4.9620397447180801e-05,nan,nan
511,1591920000000000000,202006,512,513,0.00056641946324933611,0.00056641946324933611,0,0,0.1925104144349587,0,0,0.85188286343359665,0.018942659525593028,0.43541276147959296,0.41647010195399981,0.00064491370708133326,2117.1353399697155,2962,1,0,-0.00496314313309691,0.00057909780283037508,0,0.00057909780283037508,1,0,3.3985167794960166e-07,4.9579774042142835e-05,nan,nan
512,1592179200000000000,202006,513,514,0.0007017373100464241,0.0007017373100464241,0,0,0.19321215174500511,0,0,0.85118112612355024,0.018486201229978717,0.43483366367676257,0.41634746244678372,0.00064491370708133326,2115.811637141655,2960,1,0,0.010845619758806262,0,0.00047920034749982334,0.00047920034749982334,1,0,4.210423860278544e-07,4.9565174100807586e-05,nan,nan
513,1592265600000000000,202006,514,515,0.00069764600531097617,0.00069764600531097617,0,0,0.19390979775031608,0,0,0.85048348011823915,0.018235286482280001,0.4343593833002577,0.41612409681797757,0.00064491370708133326,2113.2328551618925,2954,1,0,0.00037985190092934269,0,0.00047920034749982334,0.00047920034749982334,1,0,4.1858760318658572e-07,4.9538582954521141e-05,nan,nan
514,1592352000000000000,202006,515,516,0.080371403948711104,0.0019356611297253398,0.078435742818985729,0,0.2742812016990272,0,0.25,0.87388409105512344,0.014669177067957232,0.44427663406154044,0.42960745699358327,0.00065027543065443168,2136.7315520353841,2999,1,1,0.0061462481363271735,0,0,0,0,0,4.8222842369226659e-05,5.114374488018849e-05,0.0061462481363271735,0.0060468815490777577
515,1592438400000000000,202006,516,517,0.00083606630048410581,0.00083606630048410581,0,0,0.27511726799951131,0,0,0.87304802475463938,0.013855642297186076,0.44345183352591278,0.42959619122872683,0.00065027543065443168,2134.1672355526016,2989,1,0,0.0026949068583917639,0.00056339626842939435,0,0.00056339626842939435,1,0,5.0163978029046346e-07,5.1142403717705573e-05,nan,nan
516,1592524800000000000,202006,517,518,0.00037393137316994951,0.00037393137316994951,0,0,0.27549119937268124,0,0,0.87267409338146951,0.013806840034766876,0.44324046670811817,0.4294336266733515,0.00065027543065443168,2132.5370317128932,2980,1,0,-0.0019323980298274711,0.00056339626842939435,0,0.00056339626842939435,1,0,2.2435882390196973e-07,5.1123050794446609e-05,nan,nan
517,1592784000000000000,202006,518,519,0.00204631022171761,0.00204631022171761,0,0,0.27753750959439882,0,0,0.87062778315975187,0.013674938909773103,0.44215136103476244,0.42847642212498954,0.00065027543065443168,2128.2580391686188,2968,1,1,0.011479553527055687,0,0,0,0,0,1.2277861330305659e-06,5.1009097872022565e-05,0.011479553527055687,0.011427316643050633
518,1592870400000000000,202006,519,520,0.0013486287994324585,0.0013486287994324585,0,0,0.27888613839383131,0,0,0.86927915436031944,0.01465470648848421,0.44196693042440177,0.42731222393591778,0.00065027543065443168,2125.3408735930011,2962,1,1,-0.0019739657155841664,0,0,0,0,0,8.0917727965947505e-07,5.0870502849514014e-05,-0.0019739657155841664,-0.0020256453957133397
519,1592956800000000000,202006,520,521,0.021113861606168668,0.0022737298554159823,0.018840131750752685,0,0.29999999999999999,0,0.064002195580512386,0.87206051592233813,0.013709403553339569,0.44288495973783965,0.42917555618450132,0.0006513621074322204,2126.403659658281,3000,1,1,0.007847366238420363,0,0,0,0,0,1.2668316963701201e-05,5.1092328117202535e-05,0.007847366238420363,0.0077836055933394599
520,1593043200000000000,202006,521,522,0.00040670565899481536,0.00040670565899481536,0,0,0.3004067056589948,0.00040670565899481037,0,0.87165381026334343,0.014022083998175167,0.44283794713076002,0.42881586313258602,0.0006513621074322204,2124.7161533621165,2987,1,0,-0.012393849018631012,0.0009438132191211849,0.00089886022611820513,0.00184267344523939,6,0,2.4402339539688922e-07,5.1049507515784049e-05,nan,nan
521,1593129600000000000,202006,522,523,0.00047652871666958288,0.00047652871666958288,0,0,0.30088323437566439,0.000883234375664399,0,0.87117728154667395,0.014099364345109383,0.44263832294589234,0.42853895860078411,0.0006513621074322204,2122.9274856499442,2983,1,0,0.0020260452508358488,0.032333962906420911,0.033280493984483295,0.065614456890904199,232,0,2.8591723000174972e-07,5.1016542690569533e-05,nan,nan
522,1593388800000000000,202006,523,524,0.0022070175693104481,0.0022070175693104481,0,0,0.30309025194497485,0.0030902519449748644,0,0.86897026397736365,0.014290501910960771,0.44163038294416279,0.42733988103320319,0.0006513621074322204,2116.0826909328484,2968,1,0,0.008064825239955678,0.031963858984899861,0.032713602140182277,0.064677461125082131,229,0,1.324210541586269e-06,5.0873795361095621e-05,nan,nan
523,1593475200000000000,202006,524,525,0.063814209352799564,0.063814209352799564,0,0,0.36690446129777443,0.066904461297774442,0,0.80515605462456463,0.015239560074891436,0.41019780734972855,0.3949582472748378,0.0006513621074322204,1954.4304356105222,2741,1,0,0.00039327271306844404,0.00057370929760012981,0.0014684113023136903,0.0020421205999138201,5,0,3.8288525611679733e-05,4.7018838961290213e-05,nan,nan
524,1593561600000000000,202007,525,526,0.085765677767539364,0.00090619038628786809,0.084859487381251444,0,0.085765677767539364,0,0.25,0.84024493364326203,0.011248748899485485,0.42574684127137369,0.414498092371889,0.00066728867689543492,1987.0801222085183,2798,1,0,-0.0022053400192600155,0.00055004927866333995,0.001424065743545816,0.0019741150222091558,4,0,5.1459406660523618e-05,4.9345010996653454e-05,nan,nan
525,1593648000000000000,202007,526,527,0.0016988364260501136,0.0016988364260501136,0,0,0.087464514193589471,0,0,0.83854609721721196,0.012947585325535565,0.42574684127137369,0.41279925594583872,0.00066728867689543492,1984.1097484929517,2784,1,0,0.010692812125398677,0.00055004927866333995,0.00034637938805179909,0.00089642866671513905,3,1,1.019301855630068e-06,4.91427685649808e-05,nan,nan
526,1593993600000000000,202007,527,528,0.00094386756067663894,0.00094386756067663894,0,0,0.088408381754266116,0,0,0.83760222965653541,0.012791354328885517,0.42519679199271032,0.41240543766382548,0.00066728867689543492,1981.899300349168,2777,1,1,0.0017619842490735854,0,0,0,0,0,5.6632053640598336e-07,4.90958854361697e-05,0.0017619842490735854,0.0017123220431010096
527,1594080000000000000,202007,528,529,0.00080592222280002727,0.00080592222280002727,0,0,0.089214303977066145,0,0,0.83679630743373534,0.013597276551685546,0.42519679199271032,0.41159951544102541,0.00066728867689543492,1980.3679183200852,2772,1,0,0.012885966290001849,0,3.6181393743797507e-05,3.6181393743797507e-05,1,0,4.835533336800164e-07,4.8999942314407788e-05,nan,nan
528,1594166400000000000,202007,529,530,0.00015931966800075925,0.00015931966800075925,0,0,0.089373623645066902,0,0,0.8366369877657347,0.013756596219686307,0.42519679199271032,0.41144019577302454,0.00066728867689543492,1979.7021798449828,2764,1,0,-0.011620930097090516,0,3.6181393743797507e-05,3.6181393743797507e-05,1,0,9.5591800800455548e-08,4.8980975687264823e-05,nan,nan
529,1594252800000000000,202007,530,531,0.075562255841360046,0.00091835399107573353,0.074643901850284355,0,0.16493587948642696,0,0.25,0.86590524891184384,0.010691861960889937,0.43829855543636587,0.42760669347547597,0.00067956785779843282,2001.5044966903774,2788,1,0,-0.0051592855956989689,0.00039521130345401785,0.00065835823262313424,0.0010535695360771521,2,0,4.5337353504816026e-05,5.0905558747080472e-05,nan,nan
530,1594339200000000000,202007,531,532,0.0012423307554143088,0.0012423307554143088,0,0,0.16617821024184126,0,0,0.86466291815642948,0.009731952077357775,0.43719743511689269,0.42746548303953485,0.00067956785779843282,1998.1124193077474,2781,1,0,0.0020715879511209343,0.00039521130345401785,0.00065835823262313424,0.0010535695360771521,2,0,7.4539845324858521e-07,5.0888747980897012e-05,nan,nan
531,1594598400000000000,202007,532,533,0.0027625555728582069,0.0027625555728582069,0,0,0.16894076581469947,0,0,0.86190036258357128,0.01119857965788032,0.4365494711207249,0.42535089146284438,0.00067956785779843282,1991.8013218747944,2767,1,1,-0.014151035067237028,0,0,0,0,0,1.6575333437149241e-06,5.0637010888433855e-05,-0.014151035067237028,-0.014203329611469176
532,1594684800000000000,202007,533,534,0.00074659457273344243,0.00074659457273344243,0,0,0.1696873603874329,0,0,0.86115376801083765,0.01133090913159442,0.43624233857121525,0.42491142943962062,0.00067956785779843282,1989.2798234406414,2758,1,1,0.00072621033526836919,0,0,0,0,0,4.4795674364006546e-07,5.0584693980907214e-05,0.00072621033526836919,0.00067517768454382191
533,1594771200000000000,202007,534,535,0.0011760899948202387,0.0011760899948202387,0,0,0.17086345038225315,0,0,0.85997767801601732,0.011504507167146221,0.435741092591581,0.4242365854244346,0.00067956785779843282,1987.3571258435647,2754,1,1,0.0077673326237286747,0,0,0,0,0,7.0565399689214323e-07,5.0504355407670785e-05,0.0077673326237286747,0.0077161226143241113
534,1594857600000000000,202007,535,536,0.065554015724577239,0.00015530556163725168,0.065398710162939994,0,0.2364174661068304,0,0.25,0.88621988194474688,0.0087448595465865406,0.44748237074566694,0.43873751119908011,0.00068816549287749069,2010.8140193380536,2797,1,1,0.01098611527638739,0,0,0,0,0,3.9332409434746343e-05,5.2230656095128577e-05,0.01098611527638739,0.010894552210857516
535,1594944000000000000,202007,536,537,0.0008240958245610368,0.0008240958245610368,0,0,0.23724156193139143,0,0,0.88539578612018621,0.0089024267565311448,0.4471491064383587,0.43824667968182718,0.00068816549287749069,2008.4640926243956,2788,1,0,-0.01233319867315848,0.00023326944709388495,0,0.00023326944709388495,1,0,4.9445749473662205e-07,5.2172223771646084e-05,nan,nan
536,1595203200000000000,202007,537,538,0.00070901404341925712,0.00070901404341925712,0,0,0.23795057597481067,0,0,0.88468677207676694,0.0096114407999503982,0.4471491064383587,0.4375376656384079,0.00068816549287749069,2007.4474946932678,2783,1,0,0.0014838477866586997,0.00023326944709388495,0,0.00023326944709388495,1,0,4.2540842605155429e-07,5.2087817337905701e-05,nan,nan
537,1595289600000000000,202007,538,539,0.0016527021775034584,0.0016527021775034584,0,0,0.23960327815231414,0,0,0.88303406989926359,0.010797604083266072,0.4469158369912648,0.43611823290799828,0.00068816549287749069,2003.3883843797139,2777,1,1,-0.0052736976937714378,0,0,0,0,0,9.9162130650207492e-07,5.1918837250952169e-05,-0.0052736976937714378,-0.0053266081523288926
538,1595376000000000000,202007,539,540,0.00068631046888247352,0.00068631046888247352,0,0,0.24028958862119662,0,0,0.88234775943038124,0.01096270547040897,0.44665523245039501,0.43569252697998567,0.00068816549287749069,2001.1151286736801,2772,1,1,0.0017590064050862261,0,0,0,0,0,4.1178628132948414e-07,5.1868157973807814e-05,0.0017590064050862261,0.0017067264608310888
539,1595462400000000000,202007,540,541,0.059710411378803306,0,0.059710411378803306,0,0.29999999999999993,0,0.24814066256414866,0.90430336135550771,0.008242412471486351,0.45627288691349682,0.44803047444200911,0.00069388574060133578,2026.086706250378,2808,1,1,0.0071282090478277139,0,0,0,0,0,3.5826246827281981e-05,5.3336961243096322e-05,0.0071282090478277139,0.0070390458397573356
540,1595548800000000000,202007,541,542,0.00016490383679927743,0.00016490383679927743,0,0,0.30016490383679922,0.00016490383679923504,0,0.90413845751870847,0.0081632115863647554,0.45615083455253641,0.4479876229661704,0.00069388574060133578,2025.4246522031365,2802,1,1,-0.0024855723080666947,0,0,0,0,0,9.8942302079566461e-08,5.333185987692505e-05,-0.0024855723080666947,-0.0025390031102456995
541,1595808000000000000,202007,542,543,0.001628865646352813,0.001628865646352813,0,0,0.30179376948315206,0.0017937694831520745,0,0.90250959187235569,0.0097674816057752717,0.45613853673906524,0.44637105513328873,0.00069388574060133578,2022.0264981697005,2796,1,1,-0.0026988089271358013,0,0,0,0,0,9.7731938781168782e-07,5.3139411325391513e-05,-0.0026988089271358013,-0.0027529256578490047
542,1595894400000000000,202007,543,544,0.00076345045305113636,0.00076345045305113636,0,0,0.30255721993620321,0.0025572199362032255,0,0.90174614141930454,0.010530932058826395,0.45613853673906524,0.44560760468023769,0.00069388574060133578,2020.5765742319215,2791,1,0,0.0066539701403148226,0.00039092374053001334,0,0.00039092374053001334,1,0,4.5807027183068183e-07,5.3048524366694967e-05,nan,nan
543,1595980800000000000,202007,544,545,3.9704076797991535e-05,3.9704076797991535e-05,0,0,0.3025969240130012,0.0025969240130012117,0,0.90170643734250666,0.010570636135624385,0.45613853673906524,0.4455679006034397,0.00069388574060133578,2020.4017933002083,2788,1,0,0.0058878434868640979,0.0009026803461722881,0,0.0009026803461722881,2,0,2.3822446078794922e-08,5.3043797690885676e-05,nan,nan
544,1596067200000000000,202007,545,546,0.00088484421884593993,0.00088484421884593993,0,0,0.30348176823184714,0.0034817682318471488,0,0.90082159312366061,0.010372551412716608,0.45559707226818846,0.44522452085547054,0.00069388574060133578,2017.5455131470926,2781,1,0,0.0033223038113484645,0.00051175660564227476,0,0.00051175660564227476,1,0,5.3090653130756396e-07,5.3002919149460785e-05,nan,nan
545,1596153600000000000,202007,546,547,0.0013115886645461829,0.0013115886645461829,0,0,0.30479335689639331,0.0047933568963933193,0,0.89951000445911444,0.010660626865978257,0.45508531566254617,0.4444246887965666,0.00069388574060133578,2014.0966869985295,2773,1,1,-0.0031877046405167637,0,0,0,0,0,7.8695319872770972e-07,5.2907701047210314e-05,-0.0031877046405167637,-0.0032413992947627019
546,1596412800000000000,202008,547,548,0.00086102586154434657,0.00086102586154434657,0,0,0.00086102586154434657,0,0,0.89864897859757009,0.011521652727522608,0.45508531566254617,0.44356366293502225,0.00069388574060133578,2012.2851342776257,2771,1,1,-0.0063667756083471607,0,0,0,0,0,5.166155169266079e-07,5.2805197968455031e-05,-0.0063667756083471607,-0.0064200974218325425
547,1596499200000000000,202008,548,549,0.0003997558996613102,0.0003997558996613102,0,0,0.0012607817612056568,0,0,0.89824922269790874,0.0111218968278613,0.45468555976288488,0.44356366293502225,0.00069388574060133578,2011.2961328282081,2770,1,1,0.00048641890571185986,0,0,0,0,0,2.398535397967861e-07,5.2805197968455031e-05,0.00048641890571185986,0.00043337385420360805
548,1596585600000000000,202008,549,550,1.1534543695463915e-05,1.1534543695463915e-05,0,0,0.0012723163049011207,0,0,0.89823768815421323,0.011133431371556757,0.45468555976288488,0.44355212839132679,0.00069388574060133578,2011.2451455251801,2769,1,1,-0.010132589407538334,0,0,0,0,0,6.9207262172783488e-09,5.2803824808491284e-05,-0.010132589407538334,-0.010185400153073043
549,1596672000000000000,202008,550,551,0.068865950496835651,0.00040006874827321152,0.068465881748562468,0,0.070138266801736765,0,0.25,0.91106546769944419,0.0086501250898723125,0.45985779639466057,0.45120767130478701,0.00069715500411956805,2024.8038902244955,2826,1,0,-0.012982734404345806,0.00066120406188896789,0,0.00066120406188896789,1,0,4.1319570298101395e-05,5.3715198964855594e-05,nan,nan
550,1596758400000000000,202008,551,552,0.0024230572829277413,0.0024230572829277413,0,0,0.072561324084664508,0,0,0.90864241041651672,0.010297477242385077,0.45946994382945305,0.44917246658706689,0.00069715500411956805,2019.1802802876728,2815,1,0,-0.0085396747509369035,0.00066120406188896789,0,0.00066120406188896789,1,0,1.4538343697566448e-06,5.3472912688936532e-05,nan,nan
551,1597017600000000000,202008,552,553,0.0017186050922390771,0.0017186050922390771,0,0,0.074279929176903584,0,0,0.90692380532427763,0.0099414604816027013,0.45843263290294234,0.44849117242133851,0.00069715500411956805,2015.4993702364277,2807,1,1,0.0058075165223850376,0,0,0,0,0,1.0311630553434461e-06,5.3391806240635537e-05,0.0058075165223850376,0.005753093553089058
552,1597104000000000000,202008,553,554,2.2739241460706966e-05,2.2739241460706966e-05,0,0,0.07430266841836429,0,0,0.90690106608281695,0.0099641997230634077,0.45843263290294234,0.44846843317987783,0.00069715500411956805,2015.3996496039285,2805,1,1,0.0064816387642360317,0,0,0,0,0,1.364354487642418e-08,5.3389099188080695e-05,0.0064816387642360317,0.0064282360215030749
553,1597190400000000000,202008,554,555,0.00052133163187610275,0.00052133163187610275,0,0,0.074824000050240397,0,0,0.90637973445094089,0.010485531354939508,0.45843263290294234,0.44794710154800177,0.00069715500411956805,2014.2035159656443,2800,1,1,-0.0042609393509494128,0,0,0,0,0,3.1279897912566168e-07,5.3327035898571638e-05,-0.0042609393509494128,-0.0043145791858271105
554,1597276800000000000,202008,555,556,0.069840967121175546,0.0013219764916629784,0.068518990629512624,0,0.14466496717141594,0,0.25,0.91613563574932655,0.0088556308849513637,0.46249563331713978,0.45364000243218877,0.00069973198911195422,2024.3596466376207,2824,1,0,0.0093097793252870809,0,0.00042653193623424932,0.00042653193623424932,1,0,4.1904580272705324e-05,5.400476219430819e-05,nan,nan
555,1597363200000000000,202008,556,557,0.00021939554755306758,0.00021939554755306758,0,0,0.14488436271896901,0,0,0.91591624020177365,0.0090750264325044436,0.46249563331713978,0.45342060688463576,0.00069973198911195422,2023.5503890175137,2819,1,0,0.0069013619479407953,0,0.00042653193623424932,0.00042653193623424932,1,0,1.3163732853184055e-07,5.397864367674235e-05,nan,nan
556,1597622400000000000,202008,557,558,0.0017855316088233558,0.0017855316088233558,0,0,0.14666989432779237,0,0,0.91413070859295031,0.010263376533899445,0.46219704256342559,0.45193366602952656,0.00069973198911195422,2019.6041226986697,2813,1,1,-0.00074326849836014628,0,0,0,0,0,1.0713189652940135e-06,5.3801626908276968e-05,-0.00074326849836014628,-0.00079814144423371724
557,1597708800000000000,202008,558,559,0.00095971558566332544,0.00095971558566332544,0,0,0.14762960991345569,0,0,0.9131709930072871,0.010772503634580649,0.46197174832093452,0.45119924468635425,0.00069973198911195422,2016.6205919406661,2805,1,1,0.0054543372956710433,0,0,0,0,0,5.7582935139799528e-07,5.3714195795994558e-05,0.0054543372956710433,0.0054000472705236502
558,1597795200000000000,202008,559,560,0.00010705917275570689,0.00010705917275570689,0,0,0.14773666908621141,0,0,0.91306393383453144,0.010879562807336365,0.46197174832093452,0.45109218551359853,0.00069973198911195422,2016.1957356505336,2803,1,0,0.0036522994837806201,0,0.00029918134394062835,0.00029918134394062835,2,0,6.4235503653424142e-08,5.3701450656380777e-05,nan,nan
559,1597881600000000000,202008,560,561,0.072441282686151742,0.0010620406255038115,0.071379242060647885,0,0.22017795177236316,0,0.25,0.92236912728517706,0.0088586181431864804,0.46561387271418214,0.45675525457099581,0.00070091714628977273,2036.3336939672286,2836,1,0,-0.012027996411920663,2.0868021551485285e-06,0.00020185481181746715,0.00020394161397261569,2,0,4.3464769611691043e-05,5.437562554416617e-05,nan,nan
560,1597968000000000000,202008,561,562,0.00068697202670631521,0.00068697202670631521,0,0,0.22086492379906947,0,0,0.92168215525847086,0.0095130458955709225,0.46559760057702121,0.45608455468145032,0.00070091714628977273,2034.4866182148,2830,1,1,0.0016622542332607041,0,0,0,0,0,4.1218321602378913e-07,5.4295780319220278e-05,0.0016622542332607041,0.0016075462697254601
561,1598227200000000000,202008,562,563,0.00071887903612255348,0.00071887903612255348,0,0,0.22158380283519202,0,0,0.92096327622234841,0.0097453338419346992,0.46535430503214181,0.45560897119020727,0.00070091714628977273,2031.7216838235461,2816,1,1,0.0096775252397339421,0,0,0,0,0,4.3132742167353212e-07,5.4239163236929433e-05,0.0096775252397339421,0.0096228547490753383
562,1598313600000000000,202008,563,564,0.0012382567895095873,0.0012382567895095873,0,0,0.22282205962470161,0,0,0.91972501943283891,0.010210904836991977,0.4649679621349157,0.45475705729792376,0.00070091714628977273,2027.9029945608024,2807,1,1,-0.0082594743516504372,0,0,0,0,0,7.4295407370575248e-07,5.4137744916419496e-05,-0.0082594743516504372,-0.0083143550506405619
563,1598400000000000000,202008,564,565,0.00031659293419459509,0.00031659293419459509,0,0,0.2231386525588962,0,0,0.91940842649864429,0.0100686498800954,0.46473853818937011,0.45466988830927479,0.00070091714628977273,2026.6557580778169,2801,1,1,-0.0041329510858085965,0,0,0,0,0,1.8995576051675705e-07,5.4127367655866043e-05,-0.0041329510858085965,-0.0041872684092249795
564,1598486400000000000,202008,565,566,0.074712992554611474,0.0016936133923453936,0.073019379162266029,0,0.2978516451135077,0,0.25,0.92762519912880681,0.0087258102009744841,0.46817550466489249,0.45944969446391742,0.00070343383557883036,2043.8556822935218,2810,1,0,0.0072635030379820395,0.00042332523350314065,0.00022890540388763555,0.00065223063739077618,2,0,4.4827795532766882e-05,5.4696392198085409e-05,nan,nan
565,1598572800000000000,202008,566,567,0.0010257826238780046,0.0010257826238780046,0,0,0.29887742773738568,0,0,0.92659941650492861,0.0094394354623323767,0.46801942598363244,0.45857999052129961,0.00070343383557883036,2041.3281841023731,2802,1,0,0.0039853075909883594,0.00042332523350314065,0.00022890540388763555,0.00065223063739077618,2,0,6.1546957432680282e-07,5.4592856014440431e-05,nan,nan
566,1598832000000000000,202008,567,568,0.0019600386687489814,0.0019600386687489814,0,0,0.30083746640613468,0.00083746640613469037,0,0.92463937783617967,0.010552823664075098,0.46759610075012936,0.45704327708605375,0.00070343383557883036,2036.1886126723166,2795,1,1,-7.5166398907668648e-05,0,0,0,0,0,1.1760232012493888e-06,5.4409913938815924e-05,-7.5166398907668648e-05,-0.00013075233604773395
567,1598918400000000000,202009,568,569,0.00099434882193336809,0.00099434882193336809,0,0,0.00099434882193336809,0,0,0.92364502901424628,0.01124331298280103,0.46744417099852564,0.45620085801572408,0.00070343383557883036,2033.0272854384798,2790,1,1,-0.011560109381720928,0,0,0,0,0,5.966092931600209e-07,5.4309625954252872e-05,-0.011560109381720928,-0.01161501561696834
568,1599004800000000000,202009,569,570,5.9439229798761472e-05,5.9439229798761472e-05,0,0,0.0010537880517321296,0,0,0.92358558978444749,0.011302752212599791,0.46744417099852564,0.45614141878592529,0.00070343383557883036,2032.7827462235425,2789,1,0,-0.0082107305189389659,0.00042088212619575591,0,0.00042088212619575591,1,0,3.5663537879256882e-08,5.4302549855467293e-05,nan,nan
569,1599091200000000000,202009,570,571,0.075879360540050317,0.0032237539506836479,0.072655606589366734,0,0.076933148591782449,0,0.25,0.92897187475358611,0.01034443711438961,0.46965815593398719,0.45931371881959759,0.00070481933079695458,2045.3383454803413,2818,1,0,0.00011672738225057833,0.00039430285500240397,0,0.00039430285500240397,1,0,4.5527616324030189e-05,5.4680204621380669e-05,nan,nan
570,1599177600000000000,202009,571,572,0.0055948373709169118,0.0055948373709169118,0,0,0.082527985962699363,0,0,0.92337703738266919,0.015007197220283002,0.46919211730147542,0.45418492008119227,0.00070481933079695458,2033.9964382005926,2799,1,1,0.0087766841181397687,0,0,0,0,0,3.3569024225501467e-06,5.4069633342999079e-05,0.0087766841181397687,0.0087192575823742194
571,1599523200000000000,202009,572,573,0.0031532881664262553,0.0031532881664262553,0,0,0.085681274129125615,0,0,0.92022374921624273,0.017980970285023171,0.46910235975063247,0.45112138946560892,0.00070481933079695458,2025.8154237728402,2784,1,1,0.0015204383735714115,0,0,0,0,0,1.8919728998557533e-06,5.370492731733439e-05,0.0015204383735714115,0.0014648414733542214
572,1599609600000000000,202009,573,574,0.0029086769959024402,0.0029086769959024402,0,0,0.088589951125028057,0,0,0.91731507222033992,0.019876373884148264,0.46859572305224378,0.44871934916809514,0.00070481933079695458,2019.2088668294202,2770,1,1,0.00049815803178517601,0,0,0,0,0,1.7452061975414643e-06,5.3418970139058947e-05,0.00049815803178517601,0.00044299385544857556
573,1599696000000000000,202009,574,575,0.0014938580553735012,0.0014938580553735012,0,0,0.090083809180401556,0,0,0.9158212141649662,0.021370231939521783,0.46859572305224378,0.44722549111272164,0.00070481933079695458,2015.7583692751509,2765,1,1,-0.0025399820827232225,0,0,0,0,0,8.9631483322410058e-07,5.324112989437162e-05,-0.0025399820827232225,-0.002594119527450818
574,1599782400000000000,202009,575,576,0.069969514613489089,0.001141100471023599,0.068828414142465447,0,0.16005332379389065,0,0.25,0.92533357629299207,0.016510395933853186,0.47092198611342084,0.454411590179567,0.00070737688510603166,2028.1102118523834,2792,1,1,0.0044989373735077045,0,0,0,0,0,4.1981708768093448e-05,5.4096617878519886e-05,0.0044989373735077045,0.0044028590468610908
575,1600041600000000000,202009,576,577,0.0026031363598591679,0.0026031363598591679,0,0,0.16265646015374982,0,0,0.92273043993313275,0.018428544671983023,0.47057949230255613,0.4521509476305724,0.00070737688510603166,2022.0860954169086,2779,1,1,-0.0081847140781388852,0,0,0,0,0,1.5618818159155008e-06,5.3827493765544332e-05,-0.0081847140781388852,-0.0082401034537203464
576,1600128000000000000,202009,577,578,0.0025894630031538302,0.0025894630031538302,0,0,0.16524592315690365,0,0,0.92014097692997898,0.020097951117210487,0.47011946402359295,0.45002151290638198,0.00070737688510603166,2016.672250609364,2768,1,1,-0.0014570628493481396,0,0,0,0,0,1.5536778018922983e-06,5.3573989631712146e-05,-0.0014570628493481396,-0.0015121905167817442
577,1600214400000000000,202009,578,579,0.0009908403139171594,0.0009908403139171594,0,0,0.16623676347082081,0,0,0.9191501366160616,0.020174886165912065,0.46966251139098519,0.44948762522507263,0.00070737688510603166,2013.3108795050007,2759,1,0,0.0026745814865531581,0,0.00010541039792536153,0.00010541039792536153,1,0,5.9450418835029559e-07,5.3510431574413408e-05,nan,nan
578,1600300800000000000,202009,579,580,0.00090327725189079031,0.00090327725189079031,0,0,0.1671400407227116,0,0,0.91824685936417083,0.020755641460231671,0.46950125041219959,0.44874560895196741,0.00070737688510603166,2010.6562110415355,2753,1,0,0.012923631694338271,0,0.00010541039792536153,0.00010541039792536153,1,0,5.4196635113447418e-07,5.342209630380564e-05,nan,nan
579,1600387200000000000,202009,580,581,0.071007025527143955,0.0011080062598681838,0.069899019267275722,0,0.23814706624985554,0,0.25,0.92673626121064312,0.015798842076810579,0.4712675516437273,0.45546870956691626,0.00070967879029933459,2022.5178924180088,2784,1,1,0.0057479933025793382,0,0,0,0,0,4.2604215316286374e-05,5.4222465424632886e-05,0.0057479933025793382,0.0056511666218384193
580,1600646400000000000,202009,581,582,0.00166516628758035,0.00166516628758035,0,0,0.23981223253743589,0,0,0.92507109492306316,0.017089937955976707,0.4710805164395202,0.45399057848354291,0.00070967879029933459,2018.3738128290422,2769,1,1,0.0031315024409310482,0,0,0,0,0,9.9909977254821001e-07,5.4046497438517011e-05,0.0031315024409310482,0.0030764568437199832
581,1600732800000000000,202009,582,583,0.00168866045076673,0.00168866045076673,0,0,0.24150089298820263,0,0,0.92338243447229673,0.017931072935650036,0.47065675370397353,0.45272568076832287,0.00070967879029933459,2015.0304117615945,2757,1,1,0.00041895427495317544,0,0,0,0,0,1.0131962704600379e-06,5.3895914377181296e-05,0.00041895427495317544,0.00036404516430553415
582,1600819200000000000,202009,583,584,0.0018142822576891033,0.0018142822576891033,0,0,0.24331517524589172,0,0,0.92156815221460753,0.019745355193339149,0.47065675370397353,0.45091139851063361,0.00070967879029933459,2010.6993175198622,2751,1,1,0.00092445907296088991,0,0,0,0,0,1.088569354613462e-06,5.3679928394123045e-05,0.00092445907296088991,0.00086969057521215341
583,1600905600000000000,202009,584,585,0.002665807591776917,0.002665807591776917,0,0,0.24598098283766864,0,0,0.91890234462283082,0.022064378088892514,0.47048336135586177,0.44841898326696861,0.00070967879029933459,2003.9185487377626,2740,1,0,-0.001972126933183506,0,0.0002838658384016348,0.0002838658384016348,1,0,1.5994845550661504e-06,5.338321229368674e-05,nan,nan
584,1600992000000000000,202009,585,586,0.054019017162331366,0.0016370725926027039,0.052381944569728681,0,0.29999999999999999,0,0.18438284458877818,0.92367714669243084,0.019331309783960211,0.47150422823819549,0.45217291845423652,0.00071152261131135724,2011.5368048374401,2772,1,0,0.005034341726204412,0,0.00029847394856897115,0.00029847394856897115,1,0,3.2411410297398818e-05,5.3830109339790061e-05,nan,nan
585,1601251200000000000,202009,586,587,0.004659347133152616,0.004659347133152616,0,0,0.30465934713315262,0.0046593471331526359,0,0.9190177995592782,0.023180944983157471,0.47109937227121779,0.44791842728806158,0.00071152261131135724,1999.5306254786942,2748,1,1,0.00045239761571577865,0,0,0,0,0,2.79560827989157e-06,5.3323622296197812e-05,0.00045239761571577865,0.00039627838513968925
586,1601337600000000000,202009,587,588,0.0015871783003346331,0.0015871783003346331,0,0,0.30624652543348724,0.0062465254334872489,0,0.91743062125894348,0.024392257016793692,0.47091143913786859,0.44651918212107605,0.00071152261131135724,1996.6325701372239,2741,1,0,0.0012791142538259989,0.00014813779408603077,9.8341185066293574e-05,0.00024647897915232433,2,0,9.5230698020077993e-07,5.3157045490604291e-05,nan,nan
587,1601424000000000000,202009,588,589,0.0017217726061052375,0.0017217726061052375,0,0,0.30796829803959247,0.0079682980395924807,0,0.91570884865283819,0.025389937721479131,0.47054939318715866,0.44515945546568075,0.00071152261131135724,1992.7071678809421,2733,1,0,-0.0081338610448151803,0.00087835303499818286,0.0001975101358133402,0.0010758631708115232,6,0,1.0330635636631425e-06,5.2995173269723903e-05,nan,nan
588,1601510400000000000,202010,589,590,0.00076306859564881141,0.00076306859564881141,0,0,0.00076306859564881141,0,0,0.91494578005718952,0.024823551495962905,0.46988466577657612,0.4450611142806144,0.00071152261131135724,1990.7995916795512,2730,1,0,0.0003658507387986487,0.00073021524091215209,0.00065978655909148826,0.0013900018000036402,5,0,4.578411573892868e-07,5.2983465985787436e-05,nan,nan
589,1601596800000000000,202010,590,591,0.079255237368045753,0.0017200641486179646,0.077535173219427822,0,0.080018305963694566,0,0.25,0.91804246126949196,0.018221648465609704,0.46813205486755194,0.44991040640193974,0.00070092078493061395,2025.3847804613479,2993,1,0,-0.00081770725586352458,0,0.0010139863836460118,0.0010139863836460118,2,0,4.7553142420827454e-05,5.3560762666897588e-05,nan,nan
590,1601856000000000000,202010,591,592,0.0013560479931343582,0.0013560479931343582,0,0,0.081374353956828918,0,0,0.91668641327635769,0.018772244110017416,0.46772932869318862,0.44895708458316863,0.00070092078493061395,2022.1762836438179,2985,1,0,-0.00013818222910747522,0,0.0004553948166753334,0.0004553948166753334,1,0,8.1362879588061482e-07,5.3447271974186748e-05,nan,nan
591,1601942400000000000,202010,592,593,0.0022280742896865985,0.0022280742896865985,0,0,0.083602428246515523,0,0,0.91445833898667117,0.019707141526155752,0.4670827402564145,0.44737559873025623,0.00070092078493061395,2016.0124868688597,2974,1,0,-0.0058882308708270385,0.00034400572130984463,9.4332637374493195e-05,0.0004383383586843378,2,0,1.3368445738119591e-06,5.3258999848840031e-05,nan,nan
592,1602028800000000000,202010,593,594,0.00070756005205239688,0.00070756005205239688,0,0,0.084309988298567923,0,0,0.91375077893461876,0.020414701578208166,0.4670827402564145,0.44666803867820393,0.00070092078493061395,2014.0516754818836,2970,1,0,0.0070155884288316817,0.00034400572130984463,0.00041878343818892605,0.00076278915949877068,3,0,4.2453603123143811e-07,5.3174766509309993e-05,nan,nan
593,1602115200000000000,202010,594,595,0.0026388879634568854,0.0026388879634568854,0,0,0.086948876262024813,0,0,0.91111189097116163,0.021443099842752129,0.46627749540695812,0.44483439556420346,0.00070092078493061395,2007.5119972709949,2960,1,0,0.0023367121475546399,0,0.00042539841762704239,0.00042539841762704239,2,0,1.5833327780741313e-06,5.2956475662405174e-05,nan,nan
594,1602201600000000000,202010,595,596,0.080112973706403842,0.0023237523990737689,0.07778922130733007,0,0.16706184996842866,0,0.25,0.91421387910607932,0.017677466060935912,0.46594567258350683,0.44826820652257299,0.00069241998376080405,2038.1943614330739,2999,1,0,0.0066078484804180547,0,0.0009065161205473527,0.0009065161205473527,3,0,4.8067784223842304e-05,5.3365262681258691e-05,nan,nan
595,1602460800000000000,202010,596,597,0.0011343277178849261,0.0011343277178849261,0,0,0.16819617768631359,0,0,0.91307955138819474,0.018811793778820828,0.46594567258350683,0.44713387880468802,0.00069241998376080405,2035.5380093284687,2990,1,0,-0.00042884537563559649,0,0.00076073883239875101,0.00076073883239875101,2,0,6.805966307309556e-07,5.3230223667224766e-05,nan,nan
596,1602547200000000000,202010,597,598,0.0016381812240294407,0.0016381812240294407,0,0,0.16983435891034304,0,0,0.91144137016416538,0.019911250577505341,0.46567631037083435,0.44576505979333092,0.00069241998376080405,2031.0592341274498,2980,1,0,-0.0029444075823556915,9.7762166343485227e-05,0,9.7762166343485227e-05,1,0,9.8290873441766439e-07,5.3067269023015587e-05,nan,nan
597,1602633600000000000,202010,598,599,0.00032971034303236498,0.00032971034303236498,0,0,0.17016406925337541,0,0,0.91111165982113318,0.020240960920537697,0.46567631037083435,0.44543534945029833,0.00069241998376080405,2029.9477847457772,2971,1,0,0.0007696415411069553,9.7762166343485227e-05,0,9.7762166343485227e-05,1,0,1.9782620581941897e-07,5.3028017791702188e-05,nan,nan
598,1602720000000000000,202010,599,600,0.00043624487487728083,0.00043624487487728083,0,0,0.17060031412825269,0,0,0.91067541494625581,0.02028469894088674,0.46548005694357031,0.44519535800268512,0.00069241998376080405,2028.278074538815,2963,1,0,-0.00036488462923687072,1.2687883927156942e-05,1.7771021415433422e-05,3.0458905342590364e-05,2,0,2.6174692492636852e-07,5.2999447381272035e-05,nan,nan
599,1602806400000000000,202010,600,601,0.073555458270908966,0.00043753616457751815,0.073117922106331459,0,0.24415577239916164,0,0.25,0.91787010783378631,0.015541676329099237,0.46670589208144447,0.45116421575234894,0.00068652133168945449,2060.4499565146943,2988,1,0,-0.0017840729348537092,5.1794864400349244e-05,2.0252781413056374e-05,7.2047645813405625e-05,2,0,4.413327496254538e-05,5.3710025684803438e-05,nan,nan
600,1603065600000000000,202010,601,602,0.00043016498152815169,0.00043016498152815169,0,0,0.24458593738068979,0,0,0.91743994285225816,0.015868251581826701,0.46665409721704415,0.45078584563522112,0.00068652133168945449,2058.9721392640718,2978,1,1,-0.0015602339476668342,0,0,0,0,0,2.5809898891689098e-07,5.3664981623240605e-05,-0.0015602339476668342,-0.0016141570282789915
601,1603152000000000000,202010,602,603,0.0016843495840771269,0.0016843495840771269,0,0,0.24627028696476691,0,0,0.9157555932681809,0.016918242571229421,0.46633691791970699,0.44941867534848123,0.00068652133168945449,2054.9299226674275,2969,1,1,-0.0099404216068643882,0,0,0,0,0,1.0106097504462762e-06,5.3502223255771573e-05,-0.0099404216068643882,-0.0099949344398706057
602,1603238400000000000,202010,603,604,0.0012824896377640217,0.0012824896377640217,0,0,0.24755277660253094,0,0,0.91447310363041701,0.017326992490216894,0.46590004806031871,0.44857305557010541,0.00068652133168945449,2051.2300641733909,2961,1,0,-0.00024685087418978085,0.00059774680762382352,0,0.00059774680762382352,1,0,7.69493782658413e-07,5.3401554234536364e-05,nan,nan
603,1603324800000000000,202010,604,605,0.002026614206453886,0.002026614206453886,0,0,0.24957939080898484,0,0,0.91244648942396311,0.019232954724878994,0.46583972207442281,0.4466067673495473,0.00068652133168945449,2046.699114119602,2953,1,0,0.0020621894677025836,0.00059774680762382352,0,0.00059774680762382352,1,0,1.2159685238723314e-06,5.3167472303517538e-05,nan,nan
604,1603411200000000000,202010,605,606,0.050420609191015403,0.0015039672382732583,0.048916641952742174,0,0.30000000000000027,2.7755575615628914e-16,0.17816335635916325,0.91623558721900311,0.016059861885391356,0.46614772455219516,0.45008786266680045,0.00068392751725850553,2063.8964110844004,2978,1,1,0.0059384544993186265,0,0,0,0,0,3.0252365514609242e-05,5.3581888412714334e-05,0.0059384544993186265,0.0058546202453913024
605,1603670400000000000,202010,606,607,0.0011495243833960528,0.0011495243833960528,0,0,0.30114952438339632,0.0011495243833963276,0,0.91508606283560701,0.017209386268787409,0.46614772455219516,0.44893833828340451,0.00068392751725850553,2061.0909864298114,2969,1,1,0.0017725175607654165,0,0,0,0,0,6.8971463003763173e-07,5.3445040271833869e-05,0.0017725175607654165,0.001718382805863545
606,1603756800000000000,202010,607,608,0.0006127078532789708,0.0006127078532789708,0,0,0.30176223223667531,0.0017622322366753207,0,0.91447335498232818,0.017822094122066381,0.46614772455219516,0.44832563043012558,0.00068392751725850553,2059.4047505225108,2959,1,1,-0.0029981684862434793,0,0,0,0,0,3.6762471196738245e-07,5.3372098860729231e-05,-0.0029981684862434793,-0.003051908209816176
607,1603843200000000000,202010,608,609,0.0018307191652650406,0.0018307191652650406,0,0,0.30359295140194037,0.0035929514019403808,0,0.91264263581706317,0.019438021464178182,0.46604032864061856,0.44660230717643723,0.00068392751725850553,2056.2308804459162,2952,1,0,-0.004777981847698079,0.00048032503674378643,0.00037598385516465478,0.00085630889190844127,3,0,1.0984314991590242e-06,5.3166941330528241e-05,nan,nan
608,1603929600000000000,202010,609,610,0.0011603127837149427,0.0011603127837149427,0,0,0.30475326418565529,0.0047532641856553037,0,0.91148232303334831,0.020598334247893108,0.46604032864061856,0.44544199439272225,0.00068392751725850553,2053.0793978673196,2939,1,0,-0.001560178916947532,0.00048032503674378643,0.00041355599510393797,0.00089388103184772434,4,0,6.9618767022896556e-07,5.302880885627646e-05,nan,nan
609,1604016000000000000,202010,610,611,0.0040619154373406838,0.0040619154373406838,0,0,0.30881517962299598,0.0088151796229959944,0,0.90742040759600773,0.022665798936318097,0.46504310326616072,0.44237730432983946,0.00068392751725850553,2044.1409418556075,2924,1,0,0.0001773248269153987,0,3.757213993928325e-05,3.757213993928325e-05,1,0,2.4371492624044101e-06,5.2663964801171362e-05,nan,nan
610,1604275200000000000,202011,611,612,0.00081267361415386218,0.00081267361415386218,0,0,0.00081267361415386218,0,0,0.9066077339818539,0.02347847255047197,0.46504310326616072,0.44156463071568569,0.00068392751725850553,2041.7753807061351,2916,1,0,0.013158586293902593,0.00037789632497713658,0,0.00037789632497713658,1,0,4.8760416849231734e-07,5.2567217942343534e-05,nan,nan
611,1604361600000000000,202011,612,613,0.0012223522472087722,0.0012223522472087722,0,0,0.0020350258613626342,0,0,0.90538538173464522,0.024551020198919315,0.46496820096677999,0.44041718076785763,0.00068392751725850553,2039.1699228537454,2912,1,0,0.002302642546650887,0.00037789632497713658,0,0.00037789632497713658,1,0,7.3341134832526342e-07,5.2430616758078289e-05,nan,nan
612,1604448000000000000,202011,613,614,0.0016107804861079042,0.0016107804861079042,0,0,0.0036458063474705382,0,0,0.90377460124853737,0.025406008035072935,0.46459030464180284,0.43918429660672686,0.00068392751725850553,2035.922421925625,2907,1,0,0.0061950008199922971,0,0.00035075962651262788,0.00035075962651262788,1,0,9.6646829166474261e-07,5.2283844834134156e-05,nan,nan
613,1604534400000000000,202011,614,615,0.00069356946727435875,0.00069356946727435875,0,0,0.0043393758147448969,0,0,0.90308103178126298,0.026099577502347312,0.46459030464180284,0.43849072713945253,0.00068392751725850553,2034.6477532609529,2903,1,0,-0.0473187375697596,0,0.00035075962651262788,0.00035075962651262788,1,0,4.1614168036461526e-07,5.2201277040411022e-05,nan,nan
614,1604620800000000000,202011,615,616,0.089433173786973713,0.001389165824462678,0.088044007962511078,0,0.093772549601718616,0,0.25,0.90504275494586783,0.020616557495107796,0.46282965622048933,0.44221309872538223,0.00067841312159556391,2060.3087121594349,2984,1,1,-0.0071880118525254671,0,0,0,0,0,5.3659904272184234e-05,5.2644416514926451e-05,-0.0071880118525254671,-0.0072943161733125782
615,1604880000000000000,202011,616,617,0.00050924592159912944,0.00050924592159912944,0,0,0.094281795523317752,0,0,0.90453350902426888,0.021125803416706921,0.46282965622048933,0.44170385280378333,0.00067841312159556391,2058.4512710069139,2972,1,0,0.010483550773436491,0.00039485593785534151,0.00010008398927319901,0.00049493992712854051,2,0,3.0554755295947768e-07,5.2583792000450399e-05,nan,nan
616,1604966400000000000,202011,617,618,0.00023227106227250547,0.00023227106227250547,0,0,0.094514066585590251,0,0,0.90430123796199635,0.02135807447897943,0.46282965622048933,0.4414715817415108,0.00067841312159556391,2057.6203038247986,2968,1,0,0.0046937673697384011,0.00039485593785534151,0.00010008398927319901,0.00049493992712854051,2,0,1.393626373635033e-07,5.2556140683513189e-05,nan,nan
617,1605052800000000000,202011,618,619,0.00085760015527060814,0.00085760015527060814,0,0,0.095371666740860853,0,0,0.90344363780672576,0.020788830124723746,0.46211623396572621,0.44132740384100339,0.00067841312159556391,2054.8440989901405,2959,1,1,-0.006881469715760119,0,0,0,0,0,5.1456009316236488e-07,5.2538976647738496e-05,-0.006881469715760119,-0.0069345232525010198
618,1605139200000000000,202011,619,620,3.9587810593046508e-05,3.9587810593046508e-05,0,0,0.095411254551453897,0,0,0.90340404999613277,0.020828417935316795,0.46211623396572621,0.4412878160304104,0.00067841312159556391,2054.6656426833115,2954,1,1,-0.0085045478871801049,0,0,0,0,0,2.3752686355827904e-08,5.2534263813144103e-05,-0.0085045478871801049,-0.0085571059036796057
619,1605225600000000000,202011,620,621,0.079195016873775892,0.00044240953980438831,0.078752607333971547,0,0.17460627142522978,0,0.25,0.9104450626716345,0.015557355527026575,0.46300120909932896,0.4474438535723006,0.000675198730085562,2086.0791804766686,3000,1,0,-0.0021585655773464093,0.00052483504258961041,0.00051627078821783951,0.0010411058308074498,3,0,4.7517010124265534e-05,5.3267125425273883e-05,nan,nan
620,1605484800000000000,202011,621,622,0.0012380836857813628,0.0012380836857813628,0,0,0.17584435511101112,0,0,0.90920697898585301,0.016501843475206945,0.46285441123052851,0.44635256775531978,0.000675198730085562,2082.0847199032887,2989,1,0,0.0011761055577302934,0.00052483504258961041,0.00051627078821783951,0.0010411058308074498,3,0,7.4285021146881763e-07,5.3137210447061873e-05,nan,nan
621,1605571200000000000,202011,622,623,0.0031457526741539479,0.0031457526741539479,0,0,0.17899010778516508,0,0,0.90606122631169894,0.018051280232574698,0.4620562532721354,0.44400497303955899,0.000675198730085562,2075.1337675919503,2975,1,1,0.0004050101984070746,0,0,0,0,0,1.8874516044923687e-06,5.2857734885661783e-05,0.0004050101984070746,0.00035026501191692046
622,1605657600000000000,202011,623,624,0.00022739269748755977,0.00022739269748755977,0,0,0.17921750048265264,0,0,0.90583383361421144,0.017875986100487282,0.4618549098573479,0.44397892375685888,0.000675198730085562,2074.3067425510162,2972,1,1,0.0015162630506397622,0,0,0,0,0,1.3643561849253585e-07,5.2854633780578439e-05,0.0015162630506397622,0.0014632719812406911
623,1605744000000000000,202011,624,625,0.0013239851633524606,0.0013239851633524606,0,0,0.18054148564600511,0,0,0.90450984845085913,0.019199971263839745,0.4618549098573479,0.44265493859350635,0.000675198730085562,2070.5950955395047,2966,1,0,-0.0075264966082082265,0,0.00063041402686279621,0.00063041402686279621,1,0,7.9439109801147642e-07,5.2697016499226946e-05,nan,nan
624,1605830400000000000,202011,625,626,0.077794503173643476,0.0020040915994993308,0.075790411574144123,0,0.25833598881964859,0,0.25,0.91149023953941932,0.015903047147503766,0.46369664334345806,0.44779359619595382,0.00067267682534194993,2097.7101829609242,3000,1,0,-0.0098671160249502246,0,0.00062464385348043111,0.00062464385348043111,1,0,4.6676701904186085e-05,5.3308761451899267e-05,nan,nan
625,1606089600000000000,202011,626,627,0.0018667771155102156,0.0018667771155102156,0,0,0.26020276593515879,0,0,0.90962346242390912,0.016081946892715408,0.46285270465830874,0.446770757765593,0.00067267682534194993,2092.8893230264621,2987,1,1,0.003414381188607942,0,0,0,0,0,1.1200662693061292e-06,5.3186994972094409e-05,0.003414381188607942,0.0033600741273665411
626,1606176000000000000,202011,627,628,0.00097713409561891833,0.00097713409561891833,0,0,0.26117990003077768,0,0,0.90864632832829018,0.016537699397611967,0.46259201386294757,0.44605431446533528,0.00067267682534194993,2090.0104491981251,2980,1,1,0.0042131051102633219,0,0,0,0,0,5.8628045737135105e-07,5.3101704103016104e-05,0.0042131051102633219,0.0041594171257029345
627,1606262400000000000,202011,628,629,0.0006894358542135975,0.0006894358542135975,0,0,0.26186933588499128,0,0,0.90795689247407652,0.016795162600503021,0.46237602753728629,0.44558086493678289,0.00067267682534194993,2087.5516453532741,2973,1,0,0.008037892603071568,0.00034951307460177926,0,0.00034951307460177926,1,0,4.1366151252815855e-07,5.3045341063902731e-05,nan,nan
628,1606435200000000000,202011,629,630,0.0020007364340949791,0.0020007364340949791,0,0,0.26387007231908627,0,0,0.90595615603998159,0.017684684511318379,0.4618204202756464,0.44413573576432774,0.00067267682534194993,2082.8208678984788,2965,1,0,-0.0025994153854984304,0.00039123840416528937,0.00017795497756972016,0.00056919338173500955,3,0,1.2004418604569874e-06,5.287330187670568e-05,nan,nan
629,1606694400000000000,202011,630,631,0.036129927680913776,0.0016360647476648688,0.034493862933248916,0,0.30000000000000004,5.5511151231257827e-17,0.11731476735559224,0.90720388988965284,0.016437119995395526,0.46182050494252352,0.44538338494712731,0.00067165869689685511,2090.4045158388139,2999,1,0,-0.0066869874252711205,8.8970289604983627e-05,0.00015603473718191278,0.00024500502678689639,3,0,2.1677956608548264e-05,5.3021831541324675e-05,nan,nan
630,1606780800000000000,202012,631,632,0.00053988505833831512,0.00053988505833831512,0,0,0.00053988505833831512,0,0,0.90666400483131449,0.016844387001181783,0.4617541959162475,0.44490980891506515,0.00067165869689685511,2088.3335298710563,2986,1,0,-0.0016129029441928208,2.2661263328952423e-05,0,2.2661263328952423e-05,1,0,3.2393103500298909e-07,5.2965453442269659e-05,nan,nan
631,1606867200000000000,202012,632,633,0.0010105180438559948,0.0010105180438559948,0,0,0.00155040310219431,0,0,0.90565348678745849,0.015967500455516488,0.46081049362148685,0.44484299316596981,0.00067165869689685511,2085.1834471144857,2975,1,1,-0.0060687025411920656,0,0,0,0,0,6.0631082631359691e-07,5.2957499186424979e-05,-0.0060687025411920656,-0.0061222663512048043
632,1606953600000000000,202012,633,634,0.00057785093908358485,0.00057785093908358485,0,0,0.0021282540412778947,0,0,0.9050756358483748,0.016199330305946117,0.4606374830771599,0.44443815277121318,0.00067165869689685511,2082.9332423720239,2969,1,1,0.0046643066983642232,0,0,0,0,0,3.4671056345015094e-07,5.2909303901334908e-05,0.0046643066983642232,0.0046110506838994382
633,1607040000000000000,202012,634,635,0.00037704516300141093,0.00037704516300141093,0,0,0.0025052992042793056,0,0,0.90469859068537317,0.016486427067533529,0.46059250887645287,0.44410608180891881,0.00067165869689685511,2081.6482016596046,2963,1,1,0.00017803158539524868,0,0,0,0,0,2.2622709780084658e-07,5.2869771643918906e-05,0.00017803158539524868,0.00012493558665352891
634,1607299200000000000,202012,635,636,0.080286160646718993,0.0015507429254230554,0.078735417721295969,0,0.082791459850998297,0,0.25,0.91066118702808163,0.012055549430063385,0.46135836822907345,0.44930281879900918,0.00066968846711708567,2104.8037408066311,3000,1,1,-0.0033322174721340885,0,0,0,0,0,4.8171696388031391e-05,5.3488430809405856e-05,-0.0033322174721340885,-0.0034338775993315259
635,1607385600000000000,202012,636,637,0.0011567439735995293,0.0011567439735995293,0,0,0.083948203824597833,0,0,0.90950444305448208,0.012059745307285286,0.46078209418088467,0.44872234887359846,0.00066968846711708567,2102.5678414004083,2994,1,0,-0.0015269543987189713,0,0.00010505206995896871,0.00010505206995896871,1,0,6.9404638415971765e-07,5.3419327246856964e-05,nan,nan
636,1607472000000000000,202012,637,638,0.0015246938586869852,0.0015246938586869852,0,0,0.085472897683284824,0,0,0.90797974919579516,0.012675658036969451,0.4603277036163832,0.4476520455794129,0.00066968846711708567,2099.2711068131352,2986,1,0,0.0029501679728090521,0,0.00010505206995896871,0.00010505206995896871,1,0,9.1481631521219119e-07,5.3291910188025347e-05,nan,nan
637,1607558400000000000,202012,638,639,0.0012874161991279095,0.0012874161991279095,0,0,0.086760313882412732,0,0,0.90669233299666718,0.013653594899819895,0.46017296394824447,0.44651936904842382,0.00066968846711708567,2095.3851325484097,2974,1,1,0.0014366691573006484,0,0,0,0,0,7.7244971947674566e-07,5.3157067743859973e-05,0.0014366691573006484,0.0013827396398373116
638,1607644800000000000,202012,639,640,0.001740619914321091,0.001740619914321091,0,0,0.088500933796733822,0,0,0.90495171308234601,0.014964135579639697,0.45995792433099381,0.44499378875135343,0.00066968846711708567,2091.2240765907213,2966,1,0,-0.00072596504742567728,0.00048753449965572838,0,0.00048753449965572838,1,0,1.0443719485926546e-06,5.2975451041827789e-05,nan,nan
639,1607904000000000000,202012,640,641,0.07448067549795355,0.00041321640243224497,0.074067459095521301,0,0.16298160929468736,0,0.25,0.91387447665316679,0.011533013986554572,0.46270374531985953,0.4511707313333051,0.00066810329523128015,2117.6558016277004,3000,1,0,0.0029083352925192061,0.00066797193261086576,0.0006065433565682301,0.001274515289179096,3,0,4.4688405298772127e-05,5.3710801349202983e-05,nan,nan
640,1607990400000000000,202012,641,642,0.0010254022630241922,0.0010254022630241922,0,0,0.16400701155771155,0,0,0.91284907439014251,0.011511440958760274,0.46218025767445026,0.45066881671569003,0.00066810329523128015,2114.6406125834769,2982,1,0,0.003176651902517212,0.0001444842872016197,0.0006065433565682301,0.00075102764376984974,2,0,6.1524135781451529e-07,5.3651049609010725e-05,nan,nan
641,1608076800000000000,202012,642,643,0.0028103784896247003,0.0028103784896247003,0,0,0.16681739004733626,0,0,0.91003869590051767,0.014032850873981786,0.46203577338724866,0.44800292251326712,0.00066810329523128015,2108.4435234674033,2968,1,1,0.0035900523997251946,0,0,0,0,0,1.68622709377482e-06,5.3333681251579419e-05,0.0035900523997251946,0.0035350324913798405
642,1608163200000000000,202012,643,644,0.00092899818612815889,0.00092899818612815889,0,0,0.16774638823346441,0,0,0.90910969771438943,0.014961849060109951,0.46203577338724866,0.44707392432713888,0.00066810329523128015,2105.8755401218523,2962,1,0,0.0034019541220722022,0.00044354316198320427,0,0.00044354316198320427,1,0,5.5739891167689539e-07,5.322308622942129e-05,nan,nan
643,1608249600000000000,202012,644,645,0.0026209269196277867,0.0026209269196277867,0,0,0.1703673151530922,0,0,0.90648877079476164,0.017582775979737744,0.46203577338724866,0.4444529974075111,0.00066810329523128015,2099.3378776188833,2951,1,0,0.0028556006130055671,0.00044354316198320427,0,0.00044354316198320427,1,0,1.5725561517766721e-06,5.2911071119941793e-05,nan,nan
644,1608508800000000000,202012,645,646,0.07283627037616866,0.0018757178026462967,0.070960552573522323,0,0.24320358552926086,0,0.25,0.91406864051310066,0.012924923546852962,0.46349678202997718,0.45057185848312437,0.00066702824581588724,2116.7590604530033,2999,1,1,-0.0060812247079476923,0,0,0,0,0,4.3701762225701197e-05,5.363950696227671e-05,-0.0060812247079476923,-0.0061785659771356706
645,1608595200000000000,202012,646,647,0.0021587029757951471,0.0021587029757951471,0,0,0.24536228850505601,0,0,0.91190993753730565,0.014812559279684206,0.46336124840849524,0.44854868912881124,0.00066702824581588724,2111.9148806906151,2986,1,0,0.00096203685784446971,0.00034116229408699976,0,0.00034116229408699976,1,0,1.2952217854770882e-06,5.3398653467715621e-05,nan,nan
646,1608681600000000000,202012,647,648,0.00082325617524652472,0.00082325617524652472,0,0,0.24618554468030254,0,0,0.91108668136205906,0.015635815454930726,0.46336124840849524,0.44772543295356471,0.00066702824581588724,2110.5607094564457,2981,1,0,-0.0023080969440098125,0.00034116229408699976,0,0.00034116229408699976,1,0,4.9395370514791476e-07,5.3300646780186281e-05,nan,nan
647,1608768000000000000,202012,648,649,0.0023901100288089604,0.0023901100288089604,0,0,0.2485756547091115,0,0,0.9086965713332501,0.015955371043899682,0.46232597118857527,0.44637060014467578,0.00066702824581588724,2104.8049870277637,2972,1,0,0.0013832471367262696,0,0.00049352400007048611,0.00049352400007048611,1,0,1.4340660172853762e-06,5.3139357160080449e-05,nan,nan
648,1609113600000000000,202012,649,650,8.9821008312338169e-05,8.9821008312338169e-05,0,0,0.24866547571742384,0,0,0.90860675032493776,0.015865550035587334,0.46223615018026293,0.44637060014467578,0.00066702824581588724,2104.4321823152045,2971,1,0,-9.3182441583618036e-06,0,0.00070029985058391237,0.00070029985058391237,3,0,5.3892604987402908e-08,5.3139357160080449e-05,nan,nan
649,1609200000000000000,202012,650,651,0.051334524282576142,0.00086422411167378916,0.050470300170902337,0,0.29999999999999999,0,0.17076772761868991,0.91143915503264217,0.013872868632559897,0.46265601183259941,0.44878314320004142,0.00066641110175501251,2110.9862411386453,2999,1,0,0.00070063324655641058,0,0.00020865628365289286,0.00020865628365289286,3,0,3.0800714569545682e-05,5.3426564666671602e-05,nan,nan
650,1609286400000000000,202012,651,652,0.0020050405388640489,0.0020050405388640489,0,0,0.30200504053886401,0.0020050405388640224,0,0.9094341144937782,0.015301337881517515,0.46236772618764621,0.4470663883061306,0.00066641110175501251,2105.8883196506958,2985,1,0,-5.8601055192059822e-05,0.011313921337359284,0.011314286740509391,0.022628208077868674,60,60,1.2030243233184293e-06,5.3222189084063165e-05,nan,nan
651,1609372800000000000,202012,652,653,0.0013907166873396205,0.0013907166873396205,0,0,0.30339575722620366,0.0033957572262036662,0,0.90804339780643861,0.016692054568857161,0.46236772618764621,0.44567567161879096,0.00066641110175501251,2103.544225302127,2981,1,0,-0.0016573882709819997,0.00082016874842587837,0,0.00082016874842587837,2,0,8.3443001240377238e-07,5.305662757366559e-05,nan,nan
652,1609718400000000000,202101,653,654,0.00039774812309052292,0.00039774812309052292,0,0,0.00039774812309052292,0,0,0.90764564968334804,0.017057927941848045,0.46235178881259642,0.44529386087075018,0.00066641110175501251,2102.2555795930134,2975,1,0,-0.0060940470243547214,0.00082016874842587837,0,0.00082016874842587837,2,0,2.3864887385431375e-07,5.3011173913184551e-05,nan,nan
653,1609804800000000000,202101,654,655,0.0034738539674590498,0.0034738539674590498,0,0,0.0038716020905495726,0,0,0.9041717957158889,0.017858987958185593,0.46101539183703572,0.4431564038788518,0.00066641110175501251,2094.6191101440404,2962,1,0,0.0049200304200266989,0.00034603934288510407,0.00014046370693714767,0.00048650304982225174,2,0,2.08431238047543e-06,5.2756714747482352e-05,nan,nan
654,1609891200000000000,202101,655,656,0.08279431440153763,0.00052932511454074991,0.082264989286996881,0,0.0866659164920872,0,0.25,0.91093147988578327,0.013771433833420867,0.46235145685960138,0.44858002302618133,0.00066659741992236956,2119.1235739954664,3000,1,0,0.0034709416101390985,0.00034389731476651875,0.00015323221154492811,0.00049712952631144692,2,0,4.9676588640922582e-05,5.3402383693593013e-05,nan,nan
655,1609977600000000000,202101,656,657,0.0016257548587638693,0.0016257548587638693,0,0,0.088291671350851073,0,0,0.90930572502701912,0.013860816381038227,0.46158327070402821,0.44772245432299068,0.00066659741992236956,2114.5959516686507,2990,1,0,-0.0012745559641585097,0,0.00097416739383730084,0.00097416739383730084,2,0,9.7545291525832176e-07,5.3300292181308412e-05,nan,nan
656,1610064000000000000,202101,657,658,0.0022386944759057162,0.0022386944759057162,0,0,0.09053036582675679,0,0,0.9070670305511136,0.015391838271105057,0.4612294344111087,0.44583759614000446,0.00066659741992236956,2110.2490261168809,2982,1,0,-0.0030317749766512634,5.3493662141029124e-05,0.00097416739383730084,0.0010276610559783301,3,0,1.3432166855434296e-06,5.3075904302381488e-05,nan,nan
657,1610323200000000000,202101,658,659,0.0037307981931355341,0.0037307981931355341,0,0,0.094261164019892318,0,0,0.90333623235797789,0.017757177285817993,0.46054670482189747,0.44278952753608031,0.00066659741992236956,2102.8657887913782,2969,1,0,0.0007009783330513236,5.3493662141029124e-05,0.00050961109952070611,0.00056310476166173524,2,0,2.2384789158813205e-06,5.2713038992390515e-05,nan,nan
658,1610409600000000000,202101,659,660,0.0013073040018239431,0.0013073040018239431,0,0,0.095568468021716257,0,0,0.90202892835615378,0.01845881911190389,0.46024387373402847,0.44178505462212531,0.00066659741992236956,2098.9582772404774,2962,1,0,-0.0054545958537371136,0,0.00050961109952070611,0.00050961109952070611,1,0,7.8438240109436589e-07,5.2593458883586345e-05,nan,nan
659,1610496000000000000,202101,660,661,0.088291125140221083,0.0030016325347075514,0.085289492605513523,0,0.18385959316193734,0,0.25,0.90579000632451845,0.015060754053692931,0.46042538018910556,0.44536462613541206,0.00066696324627636651,2113.6118522361376,2999,1,0,0.0001418532985862801,0,0.00010334936789265963,0.00010334936789265963,2,0,5.297467508413265e-05,5.3019598349453814e-05,nan,nan
660,1610582400000000000,202101,661,662,0.00086609080307849251,0.00086609080307849251,0,0,0.18472568396501582,0,0,0.90492391552144003,0.015151763419130191,0.46003783947028493,0.44488607605115404,0.00066696324627636651,2110.9410416202645,2994,1,0,0.0019457868272490146,0.00050883547010068398,0.00068158194629221766,0.0011904174163929015,4,0,5.1965448184709555e-07,5.2962628101327858e-05,nan,nan
661,1610668800000000000,202101,662,663,0.00088329831058710077,0.00088329831058710077,0,0,0.18560898227560291,0,0,0.90404061721085283,0.015285997267804708,0.45966330723932869,0.4443773099715233,0.00066696324627636651,2107.950657646405,2983,1,0,0.0030197586244948681,0.00050883547010068398,0.0005782325783995581,0.0010870680485002421,2,0,5.2997898635226047e-07,5.290206071089563e-05,nan,nan
662,1611014400000000000,202101,663,664,0.0015601378115507314,0.0015601378115507314,0,0,0.18716912008715364,0,0,0.90248047939930209,0.015577881533809675,0.45902918046655583,0.44345129893274543,0.00066696324627636651,2104.2785402535364,2973,1,1,0.0039165667931488866,0,0,0,0,0,9.360826869304388e-07,5.2791821301517311e-05,0.0039165667931488866,0.0038628388891604392
663,1611100800000000000,202101,664,665,0.00073127457078857208,0.00073127457078857208,0,0,0.1879003946579422,0,0,0.90174920482851351,0.016279152252421838,0.45901417854046767,0.44273502628804512,0.00066696324627636651,2101.901387523189,2964,1,1,-0.0010132301757554596,0,0,0,0,0,4.3876474247314322e-07,5.2706550748576803e-05,-0.0010132301757554596,-0.0010663754912465094
664,1611187200000000000,202101,665,666,0.085474034604686625,0.0020795562536915033,0.08339447835099513,0,0.27337442926262884,0,0.25,0.90736275180656778,0.013102762953082474,0.460232757379825,0.44712999442674156,0.00066704975402422074,2122.7761716376194,3000,1,1,-0.0038865789049830498,0,0,0,0,0,5.1284420762811975e-05,5.3229761241278754e-05,-0.0038865789049830498,-0.00399109308698714
665,1611273600000000000,202101,666,667,0.0017538734099496235,0.0017538734099496235,0,0,0.27512830267257848,0,0,0.90560887839661786,0.014444851588908124,0.46002686499276302,0.44558201340385395,0.00066704975402422074,2118.0106125176608,2989,1,0,-0.0051233491215987243,0.00010815955118844892,0,0.00010815955118844892,1,0,1.0523240459697741e-06,5.3045477786173097e-05,nan,nan
666,1611532800000000000,202101,667,668,0.0010341983430427098,0.0010341983430427098,0,0,0.27616250101562118,0,0,0.90457468005357544,0.014969624693489001,0.45977215237353203,0.44480252768004214,0.00066704975402422074,2114.3425207992059,2980,1,0,-0.010735475585189834,0.00010815955118844892,0,0.00010815955118844892,1,0,6.2051900582562582e-07,5.2952681866671677e-05,nan,nan
667,1611619200000000000,202101,668,669,0.0029888077526574403,0.0029888077526574403,0,0,0.27915130876827859,0,0,0.90158587230091747,0.016787062345268576,0.45918646732309309,0.44239940497782354,0.00066704975402422074,2108.4760324360577,2967,1,1,0.0071954628612720326,0,0,0,0,0,1.7932846515944644e-06,5.2666595830693283e-05,0.0071954628612720326,0.0071410029807897442
668,1611705600000000000,202101,669,670,0.0019960088749363079,0.0019960088749363079,0,0,0.28114731764321488,0,0,0.89958986342598124,0.01877622780111874,0.45918304561355,0.44040681781243035,0.00066704975402422074,2104.5525838476669,2960,1,0,-0.0011833152924876917,0,0.00016052272776226142,0.00016052272776226142,1,0,1.1976053249617848e-06,5.2429383072908371e-05,nan,nan
669,1611792000000000000,202101,670,671,0.018852682356785073,0.00044113130979177393,0.018411551046993286,0,0.29999999999999993,0,0.05721085668042495,0.89992347484113633,0.018108603067725673,0.45901603895442994,0.44090743588670445,0.00066702841381561411,2106.7770653557136,3000,1,0,0.0026601585187805755,0.00031087271311631986,0.00016119550027619218,0.00047206821339251207,2,0,1.1311609414071045e-05,5.2488980462702918e-05,nan,nan
670,1611878400000000000,202101,671,672,0.0022810177562886504,0.0022810177562886504,0,0,0.30228101775628857,0.0022810177562885836,0,0.89764245708484769,0.020294025036281846,0.45896824106056378,0.43867421602428214,0.00066702841381561411,2102.0573725751574,2986,1,0,0.0047299105424752743,0.00031087271311631986,0,0.00031087271311631986,1,0,1.3686106537731902e-06,5.2223120955271689e-05,nan,nan
671,1612137600000000000,202102,672,673,0.0021364253950332513,0.0021364253950332513,0,0,0.0021364253950332513,0,0,0.89550603168981446,0.021801447118919327,0.45865373940436582,0.43685229228544675,0.00066702841381561411,2098.0608778968185,2978,1,1,-0.0045372465599361278,0,0,0,0,0,1.2818552370199507e-06,5.200622527207699e-05,-0.0045372465599361278,-0.0045905346404452249
672,1612224000000000000,202102,673,674,0.0013736839419165104,0.0013736839419165104,0,0,0.0035101093369497615,0,0,0.89413234774789774,0.021748476218572829,0.45794041198323443,0.43619193576466175,0.00066702841381561411,2094.6115438895295,2970,1,1,0.00080054646576357405,0,0,0,0,0,8.2421036514990619e-07,5.1927611400554973e-05,0.00080054646576357405,0.00074779464399786911
673,1612310400000000000,202102,674,675,0.00076487847475995051,0.00076487847475995051,0,0,0.0042749878117097117,0,0,0.8933674692731377,0.021579121174042495,0.45747329522358926,0.435894174049547,0.00066702841381561411,2092.5618252498789,2963,1,0,0.00064240560374124621,0,3.2151981397424953e-05,3.2151981397424953e-05,1,0,4.5892708485597026e-07,5.1892163577327028e-05,nan,nan
674,1612396800000000000,202102,675,676,0.097997948226539747,0.0027964366524816965,0.095201511574058081,0,0.10227293603824945,0,0.25,0.89418084491397831,0.016373029314543059,0.4552769371142607,0.43890390779971722,0.0006669536133364466,2105.9121086942637,3000,1,0,-0.0018742246436116009,0,6.161874057125513e-06,6.161874057125513e-06,1,0,5.8798768935923854e-05,5.2250465214252046e-05,nan,nan
675,1612483200000000000,202102,676,677,0.0029264771220412836,0.0029264771220412836,0,0,0.10519941316029074,0,0,0.89125436779193712,0.019065811031906729,0.45516008941192193,0.43609427838001474,0.0006669536133364466,2100.2057192864418,2988,1,0,0.00051448571539156594,0.00057356917436357665,0,0.00057356917436357665,2,0,1.7558862732247702e-06,5.1915985521430326e-05,nan,nan
676,1612742400000000000,202102,677,678,0.0015515240055159482,0.0015515240055159482,0,0,0.10675093716580669,0,0,0.88970284378642106,0.019274013036150492,0.45448842841128584,0.43521441537513494,0.0006669536133364466,2095.8251933240977,2979,1,0,-0.0022448557121523627,0.00057356917436357665,0,0.00057356917436357665,2,0,9.3091440330956894e-07,5.1811239925611302e-05,nan,nan
677,1612828800000000000,202102,678,679,0.0058084289412331028,0.0058084289412331028,0,0,0.11255936610703979,0,0,0.88389441484518805,0.021093059620526572,0.45249373723285741,0.43140067761233036,0.0006669536133364466,2082.1179004533801,2963,1,0,0.004691305625118678,0.00043558238907995641,0,0.00043558238907995641,2,0,3.4850573647398615e-06,5.1357223525277419e-05,nan,nan
678,1612915200000000000,202102,679,680,0.002266433238685737,0.002266433238685737,0,0,0.11482579934572552,0,0,0.88162798160650213,0.02196085358503494,0.45179441759576872,0.4298335640107333,0.0006669536133364466,2076.8310261813162,2955,1,0,0.0010647725313183342,0.00043558238907995641,0,0.00043558238907995641,2,0,1.3598599432114422e-06,5.1170662382230154e-05,nan,nan
679,1613001600000000000,202102,680,681,0.091972378513404132,0.0021798889368656225,0.089792489576538473,0,0.20679817785912966,0,0.25,0.88922986509420199,0.01735439651126686,0.45329213080273595,0.43593773429146865,0.00066706225184937702,2101.1269569003002,2998,1,1,-0.0019925411985789393,0,0,0,0,0,5.5183427108042479e-05,5.1897349320412936e-05,-0.0019925411985789393,-0.0020996219750073946
680,1613088000000000000,202102,681,682,0.00057716062231023813,0.00057716062231023813,0,0,0.20737533848143988,0,0,0.88865270447189182,0.017833575554114033,0.45324314001300425,0.43540956445888995,0.00066706225184937702,2099.19670754255,2985,1,1,-0.0027560536141565438,0,0,0,0,0,3.4629637338614283e-07,5.1834471959391665e-05,-0.0027560536141565438,-0.0028082343824893216
681,1613433600000000000,202102,682,683,0.0025264269337573401,0.0025264269337573401,0,0,0.20990176541519723,0,0,0.88612627753813455,0.018299471721177043,0.45221287462965704,0.43391340290847979,0.00066706225184937702,2092.973218498088,2976,1,1,0.00032117403519011338,0,0,0,0,0,1.515856160254404e-06,5.1656357489104733e-05,0.00032117403519011338,0.00026800182154075423
682,1613520000000000000,202102,683,684,0.004118019219539343,0.004118019219539343,0,0,0.21401978463473656,0,0,0.88200825831859531,0.021347824235651479,0.45167804127712458,0.43033021704147278,0.00066706225184937702,2084.3785513728903,2964,1,1,0.0017186163115825975,0,0,0,0,0,2.470811531723606e-06,5.122978774303248e-05,0.0017186163115825975,0.0016649157123078413
683,1613606400000000000,202102,684,685,0.000505322086692955,0.000505322086692955,0,0,0.21452510672142952,0,0,0.88150293623190223,0.021783248807875501,0.4516430925198901,0.42985984371201436,0.00066706225184937702,2083.1997304035258,2958,1,1,-0.0090332798197533988,0,0,0,0,0,3.0319325201577302e-07,5.1173790918096945e-05,-0.0090332798197533988,-0.0090847568039235105
684,1613692800000000000,202102,685,686,0.085474893278570177,0.0011671382073331316,0.084307755071236987,0,0.29999999999999971,0,0.24188362851780382,0.88990866288995063,0.016629093033601796,0.45326887796177723,0.43663978492817379,0.00066712200325391724,2105.6442677337691,3000,1,1,-0.0021367090904557541,0,0,0,0,0,5.1284935967142107e-05,5.1980926777163551e-05,-0.0021367090904557541,-0.0022399749532000597
685,1613952000000000000,202102,686,687,0.0017907225745812823,0.0017907225745812823,0,0,0.30179072257458101,0.0017907225745810162,0,0.88811794031536928,0.017674781144324334,0.4528963607298479,0.43522157958552182,0.00066712200325391724,2101.4295691279522,2988,1,1,-0.00020561237134489693,0,0,0,0,0,1.0744335447487692e-06,5.1812092807800221e-05,-0.00020561237134489693,-0.00025849889769744591
686,1614038400000000000,202102,687,688,0.0022855282871328893,0.0022855282871328893,0,0,0.30407625086171391,0.0040762508617139259,0,0.88583241202823637,0.019788219697360238,0.45281031586279935,0.43302209616543735,0.00066712200325391724,2095.529402126735,2977,1,1,-0.0042727238277646528,0,0,0,0,0,1.3713169722797337e-06,5.1550249543504444e-05,-0.0042727238277646528,-0.0043256453942804377
687,1614124800000000000,202102,688,689,0.00052445374416823965,0.00052445374416823965,0,0,0.30460070460588218,0.0046007046058821888,0,0.88530795828406816,0.020232404692083709,0.45277018148807691,0.43253777679599142,0.00066712200325391724,2094.3622175076807,2969,1,1,0.0060698050938018415,0,0,0,0,0,3.146722465009438e-07,5.1492592475713267e-05,0.0060698050938018415,0.0060179978290796268
688,1614211200000000000,202102,689,690,0.001723469325766866,0.001723469325766866,0,0,0.30632417393164907,0.0063241739316490797,0,0.88358448895830133,0.021714392848745184,0.45264944090352421,0.43093504805477728,0.00066712200325391724,2090.0901964345044,2962,1,0,0.005602359873572528,0.00075942491147259214,0,0.00075942491147259214,2,0,1.0340815954601195e-06,5.1301791435092533e-05,nan,nan
689,1614297600000000000,202102,690,691,0.0012900216059784906,0.0012900216059784906,0,0,0.30761419553762753,0.0076141955376275439,0,0.88229446735232264,0.022442115714932882,0.45236829153362879,0.42992617581869425,0.00066712200325391724,2086.773368096693,2956,1,0,-0.0039086324719598206,0.00091423480056483392,0.00057741647581381584,0.0014916512763786497,4,0,7.7401296358709435e-07,5.1181687597463596e-05,nan,nan
690,1614556800000000000,202103,691,692,0.0024287120645196942,0.0024287120645196942,0,0,0.0024287120645196942,0,0,0.87986575528780298,0.023278314032026008,0.45157203465991552,0.42829372062788795,0.00066712200325391724,2080.6691137992666,2947,1,0,-0.0084076673798927967,0.00015480988909224178,0.0011699491521693123,0.0013247590412615541,3,0,1.4572272387118165e-06,5.0987347693796184e-05,nan,nan
691,1614643200000000000,202103,692,693,0.0013939613820700058,0.0013939613820700058,0,0,0.0038226734465897001,0,0,0.87847179390573293,0.024344492583664983,0.45140814324470002,0.42706365066103341,0.00066712200325391724,2076.9082040846247,2939,1,0,-0.0082739844205286517,0,0.00059253267635549656,0.00059253267635549656,1,0,8.3637682924200352e-07,5.0840910792980167e-05,nan,nan
692,1614729600000000000,202103,693,694,0.0020587367023117121,0.0020587367023117121,0,0,0.0058814101489014121,0,0,0.87641305720342122,0.025475798385601562,0.45094442779451244,0.42546862940890928,0.00066712200325391724,2073.2132605337824,2933,1,1,-0.00054809868798186604,0,0,0,0,0,1.2352420213870273e-06,5.0651027310584438e-05,-0.00054809868798186604,-0.00059998495731383749
693,1614816000000000000,202103,694,695,0.0011359229995698589,0.0011359229995698589,0,0,0.0070173331484712706,0,0,0.87527713420385145,0.026593638331016117,0.45093538626743479,0.42434174793641716,0.00066712200325391724,2070.8124970080571,2928,1,0,-0.0080815557119714044,0,0.00060163230883417812,0.00060163230883417812,1,0,6.8155379974191529e-07,5.0516874754335376e-05,nan,nan
694,1614902400000000000,202103,695,696,0.1089982317843906,0.0012781161428572197,0.10772011564153335,0,0.11601556493286186,0,0.25,0.87454771502114537,0.020820120773137954,0.44768391789714146,0.42686379712400352,0.00066737018525859452,2081.0162765748155,3000,1,0,0.010029975397275081,4.9484070790717353e-05,0.0012431786544125035,0.0012926627252032208,3,0,6.539893907063435e-05,5.0817118705238508e-05,nan,nan
695,1615161600000000000,202103,696,697,0.0021766660781033977,0.0021766660781033977,0,0,0.11819223101096525,0,0,0.87237104894304185,0.022992619418034987,0.44768183418053825,0.42468921476250326,0.00066737018525859452,2076.5459673373257,2987,1,0,-0.001688057447907071,4.9484070790717353e-05,0.00063550775055072411,0.0006849918213414415,2,0,1.3059996468620386e-06,5.0558239852678957e-05,nan,nan
696,1615248000000000000,202103,697,698,0.0022978099028182473,0.0022978099028182473,0,0,0.1204900409137835,0,0,0.87007323904022349,0.024565634231196724,0.44731943663571,0.42275380240451316,0.00066737018525859452,2072.6141194922097,2979,1,1,0.0058145791113306646,0,0,0,0,0,1.3786859416909485e-06,5.0327833619584902e-05,0.0058145791113306646,0.0057628725917693883
697,1615334400000000000,202103,698,699,0.0021645427423298172,0.0021645427423298172,0,0,0.12265458365611331,0,0,0.86790869629789369,0.02442846754130093,0.44616858191959724,0.42174011437829617,0.00066737018525859452,2066.405679201956,2966,1,1,-0.0029440215838417668,0,0,0,0,0,1.2987256453978902e-06,5.0207156473606684e-05,-0.0029440215838417668,-0.0029955274659607713
698,1615420800000000000,202103,699,700,0.0016857120634925064,0.0016857120634925064,0,0,0.12434029571960582,0,0,0.86622298423440103,0.02511353663036061,0.44566826043238089,0.42055472380202008,0.00066737018525859452,2063.0986447534401,2960,1,0,-0.00056627436496846156,0,0.00011378262181281419,0.00011378262181281419,1,0,1.0114272380955039e-06,5.0066038547859537e-05,nan,nan
699,1615507200000000000,202103,700,701,0.10937730661802768,0.0011421123305510729,0.10823519428747654,0,0.2337176023376335,0,0.25,0.86869531369578767,0.019382192495047711,0.44403875309541813,0.42465656060036727,0.00066746193485193507,2076.4706443658865,3000,1,0,0.00084456779498287083,0,0.00029081285015053959,0.00029081285015053959,2,0,6.5626383970816607e-05,5.0554352452424672e-05,nan,nan
700,1615766400000000000,202103,701,702,0.0028689507676895125,0.0028689507676895125,0,0,0.23658655310532301,0,0,0.86582636292809823,0.022146680927965283,0.44398652192803217,0.42183984100006378,0.00066746193485193507,2069.9181205372051,2989,1,0,-3.8251486746832242e-05,0,0.00011424370273284461,0.00011424370273284461,1,0,1.7213704606137075e-06,5.0219028690483787e-05,nan,nan
701,1615852800000000000,202103,702,703,0.0014102164300333808,0.0014102164300333808,0,0,0.2379967695353564,0,0,0.86441614649806509,0.023556220969162572,0.44398618373361415,0.42042996276444861,0.00066746193485193507,2066.084953383544,2978,1,1,-0.0024257560460445599,0,0,0,0,0,8.4612985802002845e-07,5.0051186043386743e-05,-0.0024257560460445599,-0.0024766533619459664
702,1615939200000000000,202103,703,704,0.0005307130791248507,0.0005307130791248507,0,0,0.23852748261448126,0,0,0.8638854334189402,0.024086934048287427,0.44398618373361415,0.41989924968532377,0.00066746193485193507,2064.0923990851707,2974,1,1,0.0010256005556866447,0,0,0,0,0,3.1842784747491041e-07,4.9988005914919497e-05,0.0010256005556866447,0.00097529412192425024
703,1616025600000000000,202103,704,705,0.0014409048290516468,0.0014409048290516468,0,0,0.23996838744353291,0,0,0.8624445285898884,0.025318700215335794,0.44388161440261253,0.41856291418727387,0.00066746193485193507,2060.7205221529402,2966,1,1,0.002768633583869124,0,0,0,0,0,8.6454289743098816e-07,4.9828918355627843e-05,0.002768633583869124,0.0027179401226160652
704,1616112000000000000,202103,705,706,0.060031612556467016,0.0001048449301963332,0.05992676762627068,0,0.29999999999999993,0,0.13618813971451421,0.86238870977093396,0.021914341632637314,0.44215152570178556,0.42023718406914851,0.00066715953774829388,2070.3314996281606,3000,1,0,-0.0016207192661467648,6.9780724339484496e-05,0.00023823424173720174,0.00030801496607668621,3,1,3.601896753388021e-05,5.0028236198708158e-05,nan,nan
705,1616371200000000000,202103,706,707,0.0017987744413346109,0.0017987744413346109,0,0,0.30179877444133457,0.001798774441334583,0,0.86058993532959926,0.022340869280757958,0.44146540230517861,0.41912453302442088,0.00066715953774829388,2064.779613785694,2982,1,0,-0.0035828266434960072,0,0.00023823424173720174,0.00023823424173720174,2,0,1.0792646648007667e-06,4.9895777741002489e-05,nan,nan
706,1616457600000000000,202103,707,708,0.0012514403387094361,0.0012514403387094361,0,0,0.30305021478004401,0.0030502147800440249,0,0.85933849499088988,0.023014451480410463,0.44117647323565012,0.41816202175523987,0.00066715953774829388,2060.7569285898803,2973,1,0,0.00037833942399304721,4.9839807633030733e-06,0,4.9839807633030733e-06,1,0,7.5086420322566169e-07,4.9781193066099989e-05,nan,nan
707,1616544000000000000,202103,708,709,0.0015869144246307971,0.0015869144246307971,0,0,0.30463712920467478,0.0046371292046747947,0,0.85775158056625911,0.024601365905041275,0.44117647323565012,0.41657510733060898,0.00066715953774829388,2056.757906914283,2958,1,0,0.0035927348428223551,4.9839807633030733e-06,0,4.9839807633030733e-06,1,0,9.5214865477847818e-07,4.9592274682215357e-05,nan,nan
708,1616630400000000000,202103,709,710,0.00042149460057158851,0.00042149460057158851,0,0,0.3050586238052464,0.0050586238052464094,0,0.85733008596568738,0.025012892544086247,0.44117148925488681,0.41615859671080069,0.00066715953774829388,2055.4662828020514,2952,1,1,-0.0033917931350384962,0,0,0,0,0,2.528967603429531e-07,4.9542690084619129e-05,-0.0033917931350384962,-0.0034415887218834586
709,1616716800000000000,202103,710,711,0.0012063258614474857,0.0012063258614474857,0,0,0.30626494966669388,0.0062649496666938864,0,0.85612376010423985,0.026102164582221882,0.44111296234323089,0.41501079776100913,0.00066715953774829388,2052.6484351438944,2947,1,1,0.0044448489035349183,0,0,0,0,0,7.2379551686849136e-07,4.9406047352501085e-05,0.0044448489035349183,0.0043947190606655482
710,1616976000000000000,202103,711,712,0.0005211705436015178,0.0005211705436015178,0,0,0.30678612021029539,0.0067861202102953988,0,0.85560258956063839,0.026190575985712995,0.44089658277317567,0.41470600678746283,0.00066715953774829388,2050.6879101660347,2942,1,1,0.0032025326747995957,0,0,0,0,0,3.127023261609107e-07,4.9369762712793193e-05,0.0032025326747995957,0.0031528502097606416
711,1617062400000000000,202103,712,713,0.00010719968208526491,0.00010719968208526491,0,0,0.30689331989238067,0.0068933198923806782,0,0.85549538987855311,0.026181420686284824,0.44083840528241897,0.4146569845961342,0.00066715953774829388,2050.2031884116632,2938,1,0,0.0005258542554512517,0.00020084307510596607,4.241976605748318e-06,0.0002050850517117144,2,0,6.4319809251158959e-08,4.9363926737635025e-05,nan,nan
712,1617148800000000000,202103,713,714,0.00021238835238434681,0.00021238835238434681,0,0,0.30710570824476502,0.0071057082447650299,0,0.85528300152616876,0.026393809038669187,0.44083840528241897,0.41444459624374985,0.00066715953774829388,2049.444308921557,2937,1,0,0.002207658220826067,0.00020084307510596607,4.241976605748318e-06,0.0002050850517117144,2,0,1.2743301143060809e-07,4.9338642409970218e-05,nan,nan
713,1617235200000000000,202104,714,715,0.0018587058881814205,0.0018587058881814205,0,0,0.0018587058881814205,0,0,0.8534242956379875,0.027850828776638671,0.44063756220731298,0.4127867334306744,0.00066715953774829388,2044.7551727348255,2929,1,0,-0.00026004627882804631,0,0.00029005626271454637,0.00029005626271454637,2,0,1.1152235329088523e-06,4.9141277789365996e-05,nan,nan
714,1617580800000000000,202104,715,716,0.15901820597651847,0.0015251817009579675,0.15749302427556044,0,0.16087691186469991,0,0.25,0.83241714342437056,0.021917627093674515,0.42716738525902193,0.40524975816534686,0.00066457827609261522,2059.5981879825968,3000,1,0,-0.00058159641685650394,0.00027112297889963355,0.00013654219703590985,0.0004076651759355434,3,0,9.5410923585911075e-05,4.8244018829207962e-05,nan,nan
715,1617667200000000000,202104,716,717,0.00062035410140656407,0.00062035410140656407,0,0,0.16149726596610647,0,0,0.83179678932296397,0.022537981195081068,0.42716738525902193,0.40462940406394043,0.00066457827609261522,2057.2816256184751,2990,1,0,0.0025867017420096558,0.00027112297889963355,0,0.00027112297889963355,1,0,3.7221246084393842e-07,4.8170167150469099e-05,nan,nan
716,1617753600000000000,202104,717,718,0.00073774075526055946,0.00073774075526055946,0,0,0.16223500672136704,0,0,0.83105904856770341,0.022339336458373237,0.42669919251303773,0.40435985605466407,0.00066457827609261522,2054.5312141216209,2981,1,1,0.0026274516904605371,0,0,0,0,0,4.4264445315633566e-07,4.8138078101745725e-05,0.0026274516904605371,0.002578870967905635
717,1617840000000000000,202104,718,719,0.0009046871035052655,0.0009046871035052655,0,0,0.16313969382487231,0,0,0.83015436146419808,0.023244023561878505,0.42669919251303773,0.40345516895115885,0.00066457827609261522,2053.0379485153971,2977,1,1,0.001281630743668335,0,0,0,0,0,5.4281226210315932e-07,4.8030377256090339e-05,0.001281630743668335,0.0012330575541501414
718,1617926400000000000,202104,719,720,0.0010910654863582844,0.0010910654863582844,0,0,0.1642307593112306,0,0,0.82906329597783979,0.023331966058064729,0.42619763101795166,0.40286566495988668,0.00066457827609261522,2050.3987111849806,2972,1,1,-0.0006629839810942974,0,0,0,0,0,6.5463929181497059e-07,4.7960198209510323e-05,-0.0006629839810942974,-0.00071159881859562274
719,1618185600000000000,202104,720,721,0.13576924068876925,0.0012499877236040011,0.13451925296516526,0,0.29999999999999982,0,0.23840082016553021,0.82327050049194828,0.018721595838846659,0.42099604816540021,0.40227445232655384,0.00066459934847796359,2061.5230833894998,3000,1,1,0.00051582650631947662,0,0,0,0,0,8.146154441326154e-05,4.7889815753161169e-05,0.00051582650631947662,0.00038647514615305391
720,1618272000000000000,202104,721,722,0.00093916089281916211,0.00093916089281916211,0,0,0.30093916089281897,0.00093916089281897985,0,0.82233133959912919,0.019660756731665813,0.42099604816540021,0.40133529143373475,0.00066459934847796359,2058.1334094866534,2987,1,0,0.00046113625034950893,0.0007608848238848877,0,0.0007608848238848877,2,0,5.6349653569149728e-07,4.7778010884968425e-05,nan,nan
721,1618358400000000000,202104,722,723,4.5031266031268435e-05,4.5031266031268435e-05,0,0,0.30098419215885025,0.00098419215885026112,0,0.82228630833309813,0.01970578799769708,0.42099604816540021,0.40129026016770342,0.00066459934847796359,2057.9105470566424,2982,1,0,0.00086683527268332638,0.0010169242172909764,0.00010910927354568682,0.0011260334908366632,4,0,2.7018759618761063e-08,4.7772650019964689e-05,nan,nan
722,1618444800000000000,202104,723,724,0.0017446792827018962,0.0017446792827018962,0,0,0.30272887144155214,0.0027288714415521498,0,0.8205416290503964,0.019170845516993607,0.41985623728369753,0.4006853917667042,0.00066459934847796359,2053.8407093122164,2976,1,0,-0.0017502896185496077,0.00025603939340608874,0.00010910927354568682,0.00036514866695177558,2,0,1.0468075696211376e-06,4.77006418769886e-05,nan,nan
723,1618531200000000000,202104,724,725,0.0011310349084280248,0.0011310349084280248,0,0,0.30385990634998017,0.00385990634998018,0,0.81941059414196826,0.019567087740443054,0.41948884094120836,0.39992175320076545,0.00066459934847796359,2050.0451213074925,2968,1,0,-0.0057590240040005982,0,0.00010157701952398758,0.00010157701952398758,1,0,6.7862094505681485e-07,4.7609732523900652e-05,nan,nan
724,1618790400000000000,202104,725,726,0.00065014531382310257,0.00065014531382310257,0,0,0.30451005166380329,0.004510051663803305,0,0.81876044882814536,0.020217233054266141,0.41948884094120836,0.39927160788694233,0.00066459934847796359,2048.0713133497989,2965,1,0,0.0031752517590171976,0.0010326153578886995,0.00036312697705307399,0.0013957423349417735,6,0,3.9008718829386155e-07,4.7532334272255036e-05,nan,nan
725,1618876800000000000,202104,726,727,0.00097453152530685655,0.00097453152530685655,0,0,0.30548458318911015,0.0054845831891101593,0,0.81778591730283856,0.021191764579573013,0.41948884094120836,0.39829707636163553,0.00066459934847796359,2044.8885403548215,2957,1,0,-0.0015581489458588631,0.0014614213992066639,0.00036508767366893915,0.0018265090728756032,7,0,5.8471891518411393e-07,4.7416318614480422e-05,nan,nan
726,1618963200000000000,202104,727,728,0.002448332513512219,0.002448332513512219,0,0,0.30793291570262238,0.0079329157026223895,0,0.8153375847893265,0.021400129025763697,0.41836885690754755,0.396968727881784,0.00066459934847796359,2037.7423617636284,2945,1,0,0.0064232930922740296,0.00042880604131796435,0.00010353771613985275,0.00053234375745781707,2,0,1.4689995081073313e-06,4.7258181890688574e-05,nan,nan
727,1619049600000000000,202104,728,729,0.00095702862448302623,0.00095702862448302623,0,0,0.30888994432710543,0.0088899443271054368,0,0.81438055616484351,0.0214995455676108,0.41794005086622954,0.39644050529861891,0.00066459934847796359,2034.9921119963044,2941,1,1,0.00051997460485850712,0,0,0,0,0,5.7421717468981567e-07,4.7195298249835586e-05,0.00051997460485850712,0.00047220508943398171
728,1619136000000000000,202104,729,730,0.0010728634470109663,0.0010728634470109663,0,0,0.30996280777411639,0.0099628077741164001,0,0.81330769271783265,0.021766997287535155,0.41753734500268624,0.39577034771515124,0.00066459934847796359,2031.3142365680646,2935,1,1,0.0016699313196237449,0,0,0,0,0,6.4371806820657977e-07,4.7115517585137055e-05,0.0016699313196237449,0.0016221720839704014
729,1619395200000000000,202104,730,731,0.0010060964657103569,0.0010060964657103569,0,0,0.31096890423982676,0.010968904239826771,0,0.81230159625212228,0.022773093753245519,0.41753734500268624,0.39476425124944092,0.00066459934847796359,2028.7436194668564,2932,1,1,-0.00096906277372965513,0,0,0,0,0,6.0365787942621409e-07,4.6995744196362012e-05,-0.00096906277372965513,-0.0010166621758054433
730,1619481600000000000,202104,731,732,0.00047939791394407277,0.00047939791394407277,0,0,0.31144830215377084,0.011448302153770851,0,0.81182219833817826,0.022418776401558722,0.41712048736987078,0.3947017109683123,0.00066459934847796359,2027.1760534888608,2929,1,0,0.00040528455440533631,0,0.00017714555644830827,0.00017714555644830827,1,0,2.8763874836644367e-07,4.6988298924799083e-05,nan,nan
731,1619568000000000000,202104,732,733,0.0011455740639339095,0.0011455740639339095,0,0,0.31259387621770474,0.012593876217704747,0,0.81067662427424425,0.023482765942372724,0.41707969510831078,0.39359692916593836,0.00066459934847796359,2024.3070803426197,2922,1,0,-0.0025535540692492443,0,0.00017714555644830827,0.00017714555644830827,1,0,6.8734443836034573e-07,4.6856777281659325e-05,nan,nan
732,1619654400000000000,202104,733,734,0.00059272973020306496,0.00059272973020306496,0,0,0.31318660594790781,0.013186605947907826,0,0.81008389454404128,0.024017031740194136,0.41705046314211996,0.39303343140192609,0.00066459934847796359,2021.9343729213685,2915,1,0,-0.00034810964153159823,0.00077961134644416821,0,0.00077961134644416821,2,0,3.5563783812183899e-07,4.6789694214515011e-05,nan,nan
733,1619740800000000000,202104,734,735,0.00132677035503681,0.00132677035503681,0,0,0.31451337630294462,0.014513376302944636,0,0.80875712418900436,0.024874240627703926,0.41681568240835648,0.39194144178065282,0.00066459934847796359,2019.244954481085,2911,1,0,0.00035152790238722524,0.00077961134644416821,0,0.00077961134644416821,2,0,7.9606221302208588e-07,4.6659695450077715e-05,nan,nan
734,1620000000000000000,202105,735,736,0.15567249935603597,0.001151444865174568,0.15452105449086154,0,0.15567249935603597,0,0.25,0.79992543436492047,0.018349847099991896,0.40913764073245551,0.39078779363246524,0.00066485251824579031,2033.5985341576713,2998,1,0,0.0032771763337608398,0.00035013325989567012,0,0.00035013325989567012,1,0,9.3403499613621579e-05,4.6522356384817293e-05,nan,nan
735,1620086400000000000,202105,736,737,0.0015702849408398476,0.0015702849408398476,0,0,0.15724278429687583,0,0,0.79835514942408081,0.019785360121630992,0.40907025477285514,0.38928489465122573,0.00066485251824579031,2029.2788057836631,2988,1,0,0.0008895198735335341,0.00035013325989567012,0.00047654661710680457,0.00082667987700247463,2,0,9.4217096450390845e-07,4.6343439839431634e-05,nan,nan
736,1620172800000000000,202105,737,738,0.0013807105801723221,0.0013807105801723221,0,0,0.15862349487704816,0,0,0.79697443884390862,0.020465804182011965,0.40872012151295944,0.38825431733094906,0.00066485251824579031,2025.8739581706229,2983,1,0,0.0016700918901317331,0.00032348578026538462,0.00054953872814514186,0.00087302450841052648,3,0,8.2842634810339334e-07,4.6220752063208219e-05,nan,nan
737,1620259200000000000,202105,738,739,0.0015569539083840154,0.0015569539083840154,0,0,0.16018044878543217,0,0,0.79541748493552478,0.021013739618111739,0.4082156122768173,0.38720187265870715,0.00066485251824579031,2020.8658351567797,2971,1,0,-0.0022830510581729135,0.00032348578026538462,7.2992111038337266e-05,0.00039647789130372191,2,0,9.3417234503040927e-07,4.609546103079847e-05,nan,nan
738,1620345600000000000,202105,739,740,0.0010324858208519668,0.0010324858208519668,0,0,0.16121293460628414,0,0,0.79438499911467275,0.021399253878432951,0.40789212649655193,0.3864928726181206,0.00066485251824579031,2017.5981015721156,2965,1,0,-0.0025993080993159763,0.0001755503551390128,0,0.0001755503551390128,1,0,6.1949149251118005e-07,4.6011056264061976e-05,nan,nan
739,1620604800000000000,202105,740,741,0.12902696205670366,0.0012235924922765306,0.1278033695644272,0,0.29023989666298777,0,0.25,0.80642985113784471,0.016132610117321505,0.41128123062758276,0.39514862051026017,0.0006651393886843432,2042.8987661562644,3000,1,0,-0.0061216600602987019,0.00019960721079870401,0,0.00019960721079870401,1,0,7.7416177234022196e-05,4.7041502441697642e-05,nan,nan
740,1620691200000000000,202105,741,742,0.0027090192574901247,0.0027090192574901247,0,0,0.29294891592047789,0,0,0.80372083188035459,0.018378803828131236,0.41104981785424261,0.39267101402611021,0.0006651393886843432,2036.6018779538836,2983,1,1,0.0068211269976632283,0,0,0,0,0,1.6254115544940749e-06,4.6746549288822647e-05,0.0068211269976632283,0.0067727550368199109
741,1620777600000000000,202105,742,743,0.0024658375585183507,0.0024658375585183507,0,0,0.29541475347899626,0,0,0.801254994321836,0.020844641386649595,0.41104981785424261,0.3902051764675919,0.0006651393886843432,2030.7695091857227,2973,1,0,0.0014507735737099648,0.00039197446819215091,0,0.00039197446819215091,1,0,1.4795025351110104e-06,4.6452997198522841e-05,nan,nan
742,1620864000000000000,202105,743,744,0.0015726078491356211,0.0015726078491356211,0,0,0.29698736132813186,0,0,0.79968238647270018,0.02224230911500499,0.41096234779385243,0.38872003867884647,0.0006651393886843432,2025.7096882384117,2963,1,0,-0.00069810938310690615,0.00039197446819215091,6.9444444444446387e-06,0.00039891891263659553,2,0,9.4356470948137268e-07,4.6276195080815057e-05,nan,nan
743,1620950400000000000,202105,744,745,0.0023700979478802971,0.0023700979478802971,0,0,0.29935745927601215,0,0,0.79731228852481995,0.023749846379058699,0.41053106745193912,0.38678122107287949,0.0006651393886843432,2018.6722655982048,2948,1,0,-0.0053407643643502804,0,6.9444444444446387e-06,6.9444444444446387e-06,1,0,1.4220587687281784e-06,4.604538346105708e-05,nan,nan
744,1621209600000000000,202105,745,746,0.001574648571506443,0.001574648571506443,0,0,0.30093210784751862,0.00093210784751862619,0,0.79573763995331359,0.02525658811321474,0.41049711403326394,0.38524052592004815,0.0006651393886843432,2015.1854281326912,2938,1,0,-0.001562511089012757,0.00044009708460313469,0,0.00044009708460313469,1,0,9.4478914290386583e-07,4.5861967371434307e-05,nan,nan
745,1621296000000000000,202105,746,747,0.0011588730746161233,0.0011588730746161233,0,0,0.30209098092213471,0.002090980922134722,0,0.79457876687869744,0.026180388474063374,0.41037957767638011,0.38419918920231583,0.0006651393886843432,2012.6749083501461,2934,1,0,-0.0019047964115084146,0.00044009708460313469,0,0.00044009708460313469,1,0,6.9532384476967399e-07,4.5737998714561408e-05,nan,nan
746,1621382400000000000,202105,747,748,0.00079936070305279333,0.00079936070305279333,0,0,0.30289034162518752,0.0028903416251875313,0,0.79377940617564458,0.026099555007909909,0.40993948059177698,0.3838399255838662,0.0006651393886843432,2010.2406774213794,2928,1,1,0.0017585740289937229,0,0,0,0,0,4.7961642183167602e-07,4.5695229236174546e-05,0.0017585740289937229,0.0017123991833357167
747,1621468800000000000,202105,748,749,0.0003409812929075099,0.0003409812929075099,0,0,0.30323132291809501,0.0032313229180950254,0,0.79343842488273708,0.026345098596108268,0.40989176173942243,0.38354666314331326,0.0006651393886843432,2008.7690603536751,2922,1,1,0.0033786944857919915,0,0,0,0,0,2.0458877574450595e-07,4.5660317040870628e-05,0.0033786944857919915,0.0033328295799753766
748,1621555200000000000,202105,749,750,0.00083818791329459469,0.00083818791329459469,0,0,0.30406951083138961,0.0040695108313896222,0,0.79260023696944237,0.027183286509402878,0.40989176173942243,0.38270847523001872,0.0006651393886843432,2006.2836991706763,2917,1,0,-0.0017853333296093644,0.0003753655956473213,0,0.0003753655956473213,2,0,5.0291274797675684e-07,4.5560532765478419e-05,nan,nan
749,1621814400000000000,202105,750,751,0.00032295521016978277,0.00032295521016978277,0,0,0.3043924660415594,0.0043924660415594063,0,0.79227728175927259,0.027506241719572649,0.40989176173942243,0.38238552001984888,0.0006651393886843432,2004.9293155542484,2911,1,0,0.0010153741577116754,0.0003753655956473213,0,0.0003753655956473213,2,0,1.9377312610186964e-07,4.5522085716648679e-05,nan,nan
750,1621900800000000000,202105,751,752,0.0017583236038485463,0.0017583236038485463,0,0,0.30615078964540793,0.0061507896454079392,0,0.79051895815542417,0.028099489754823265,0.40930922395512354,0.3812097342002993,0.0006651393886843432,2000.1360627578385,2902,1,0,0.0022491781148470816,0,0.00058632166028337951,0.00058632166028337951,1,0,1.0549941623091277e-06,4.5382111214321349e-05,nan,nan
751,1621987200000000000,202105,752,753,0.00039417183242146657,0.00039417183242146657,0,0,0.30654496147782939,0.006544961477829403,0,0.79012478632300276,0.028493661587244697,0.40930922395512354,0.38081556236787778,0.0006651393886843432,1998.849960547522,2899,1,0,3.3181174626550368e-05,0,0.00058632166028337951,0.00058632166028337951,1,0,2.3650309945287993e-07,4.5335185996175925e-05,nan,nan
752,1622073600000000000,202105,753,754,0.0011615481593881814,0.0011615481593881814,0,0,0.30770650963721757,0.0077065096372175845,0,0.78896323816361447,0.029409842539946135,0.40918654035178009,0.37977669781183299,0.0006651393886843432,1996.0685059622047,2894,1,0,0.0021945478678483447,2.5024495716006383e-05,0,2.5024495716006383e-05,1,0,6.9692889563290878e-07,4.5211511644265832e-05,nan,nan
753,1622160000000000000,202105,754,755,0.0015206912236671844,0.0015206912236671844,0,0,0.30922720086088473,0.0092272008608847433,0,0.78744254693994731,0.030257190701724751,0.40884986882083579,0.37859267811910996,0.0006651393886843432,1992.0231275085164,2886,1,0,-0.0049122927463716402,0.00041774092862492397,0.00018630017035352437,0.00060404109897844831,3,0,9.124147342003105e-07,4.5070556918941662e-05,nan,nan
754,1622505600000000000,202106,755,756,0.13110862765387146,0.00021989360792524072,0.13088873404594625,0,0.13110862765387146,0,0.25,0.80102627214880473,0.022820276488662056,0.41192327431873405,0.38910299783007285,0.00066535481912494393,2030.2096123443555,2999,1,0,0.0005685865715412007,0.00043990530252969963,0.00027285861627629145,0.00071276391880599108,2,0,7.8665176592322884e-05,4.6321785455961054e-05,nan,nan
755,1622592000000000000,202106,756,757,0.0020797168283637696,0.0020797168283637696,0,0,0.13318834448223524,0,0,0.79894655532044101,0.023249973049243644,0.41109826418484291,0.38784829113560026,0.00066535481912494393,2024.4285110241601,2985,1,0,0.00072055183502542591,5.2876962963530828e-05,0,5.2876962963530828e-05,1,0,1.2478300970182618e-06,4.6172415611380981e-05,nan,nan
756,1622678400000000000,202106,757,758,0.00083391928721103688,0.00083391928721103688,0,0,0.13402226376944629,0,0,0.79811263603323002,0.023629573702692083,0.41087110486796163,0.38724153116527049,0.00066535481912494393,2022.0609327310049,2979,1,0,-0.0037249065955054666,0.00036108928658025192,0,0.00036108928658025192,2,0,5.0035157232662214e-07,4.610018228157982e-05,nan,nan
757,1622764800000000000,202106,758,759,0.00087236128426146733,0.00087236128426146733,0,0,0.13489462505370775,0,0,0.79724027474896852,0.023916005024138324,0.41057813988655401,0.38666213486241657,0.00066535481912494393,2019.5162901171573,2971,1,0,-0.001787318822792475,0.00030821232361672108,0,0.00030821232361672108,1,0,5.2341677055688043e-07,4.6031206531240068e-05,nan,nan
758,1623024000000000000,202106,759,760,0.0012783958899791788,0.0012783958899791788,0,0,0.13617302094368694,0,0,0.7959618788589895,0.024385995298121122,0.41017393707855576,0.38578794178043557,0.00066535481912494393,2015.7835975657722,2965,1,0,-0.0032931401477576407,0.00036571662966935039,0,0.00036571662966935039,1,0,7.6703753398750724e-07,4.5927135926242331e-05,nan,nan
759,1623110400000000000,202106,760,761,0.11277381538236012,0.0014270589287049577,0.11134675645365513,0,0.24894683632604706,0,0.25,0.81865181551473942,0.019330903404180342,0.41899135945945798,0.39966045605527922,0.00066567361646902696,2056.032384177086,3000,1,0,-0.0034674725573461138,0.00034152588978111827,0,0.00034152588978111827,1,0,6.7664289229416074e-05,4.7578625720866577e-05,nan,nan
760,1623196800000000000,202106,761,762,0.0013525467698746133,0.0013525467698746133,0,0,0.25029938309592165,0,0,0.81729926874486469,0.018879017703369156,0.41808914322411506,0.39921012552074747,0.00066567361646902696,2051.6076592442996,2987,1,0,0.0014394044197452494,0,0.00022070352585413293,0.00022070352585413293,1,0,8.1152806192476804e-07,4.7525014942946128e-05,nan,nan
761,1623283200000000000,202106,762,763,0.0010409184339904393,0.0010409184339904393,0,0,0.2513403015299121,0,0,0.81625835031087424,0.019919936137359616,0.41808914322411506,0.39816920708675702,0.00066567361646902696,2048.795998616547,2979,1,0,-0.0032443867802923305,0,0.00022719632628338398,0.00022719632628338398,2,0,6.2455106039426361e-07,4.7401096081756784e-05,nan,nan
762,1623369600000000000,202106,763,764,0.00076386201362703009,0.00076386201362703009,0,0,0.25210416354353915,0,0,0.81549448829724713,0.020528938724514677,0.41801171351087907,0.39748277478636596,0.00066567361646902696,2046.5510633613731,2971,1,0,0.004896663686120537,0,0.00078782128128994573,0.00078782128128994573,4,0,4.5831720817621803e-07,4.7319377950757854e-05,nan,nan
763,1623628800000000000,202106,764,765,0.0023020721671007339,0.0023020721671007339,0,0,0.25440623571063986,0,0,0.81319241613014615,0.022831010891615367,0.41801171351087907,0.39518070261926508,0.00066567361646902696,2041.7730723893199,2961,1,0,-0.0013854951577446902,0.00048857107898221674,0.00078132848086069466,0.0012698995598429113,4,0,1.3812433002604403e-06,4.70453217403887e-05,nan,nan
764,1623715200000000000,202106,765,766,0.045593764289360156,0.0010915344339929045,0.044502229855367254,0,0.30000000000000004,5.5511151231257827e-17,0.10906810537866581,0.82113541162709192,0.021313358631108548,0.42122438512910187,0.39991102649799315,0.00066575957545578289,2056.5168082638879,2997,1,0,-0.0079508343373599129,0.00057589541410217539,0,0.00057589541410217539,2,0,2.7356258573616095e-05,4.7608455535475378e-05,nan,nan
765,1623801600000000000,202106,766,767,0.0011624070145233398,0.0011624070145233398,0,0,0.3011624070145234,0.0011624070145234144,0,0.81997300461256883,0.020638435049411426,0.42030571983099163,0.39966728478157992,0.00066575957545578289,2053.1889599407245,2984,1,0,-0.0051271548948874108,7.5647850039141861e-05,0,7.5647850039141861e-05,1,0,6.9744420871400393e-07,4.7579438664473804e-05,nan,nan
766,1623888000000000000,202106,767,768,0.00039890285005682259,0.00039890285005682259,0,0,0.30156130986458024,0.0015613098645802514,0,0.819574101762512,0.02088604219938996,0.42023007198095247,0.39934402978156225,0.00066575957545578289,2051.7196933771256,2977,1,1,0.0079371119673117847,0,0,0,0,0,2.3934171003409353e-07,4.7540955926376456e-05,0.0079371119673117847,0.0078893316696753736
767,1623974400000000000,202106,768,769,0.0014374199119291753,0.0014374199119291753,0,0,0.30299872977650943,0.0029987297765094456,0,0.81813668185058286,0.022054376919815457,0.42009552938520062,0.39804115246538507,0.00066575957545578289,2046.5867492297948,2967,1,0,0.00062171250851669681,0.00019901036086619517,0,0.00019901036086619517,1,0,8.6245194715750521e-07,4.7385851483974415e-05,nan,nan
768,1624233600000000000,202106,769,770,0.00059663842738330477,0.00059663842738330477,0,0,0.30359536820389271,0.0035953682038927237,0,0.81754004342319953,0.021901097784231729,0.41972057060371709,0.39781947281948526,0.00066575957545578289,2044.4801581171876,2956,1,0,-0.00058043769029705958,0.00019901036086619517,0,0.00019901036086619517,1,0,3.5798305642998288e-07,4.7359461049938724e-05,nan,nan
769,1624320000000000000,202106,770,771,0.0014935462781154349,0.0014935462781154349,0,0,0.30508891448200814,0.0050889144820081555,0,0.81604649714508404,0.022109285442206545,0.41907789129364681,0.39696860585144012,0.00066575957545578289,2040.2540229941112,2948,1,1,0.00085448400629779451,0,0,0,0,0,8.961277668692608e-07,4.7258167363266685e-05,0.00085448400629779451,0.00080632971116765856
770,1624406400000000000,202106,771,772,0.00077348807359783509,0.00077348807359783509,0,0,0.30586240255560598,0.0058624025556059944,0,0.81527300907148625,0.022882773515804412,0.41907789129364681,0.39619511777784228,0.00066575957545578289,2038.0519543952553,2941,1,1,0.00055567118726499625,0,0,0,0,0,4.6409284415870106e-07,4.7166085449743129e-05,0.00055567118726499625,0.00050804100897109436
771,1624492800000000000,202106,772,773,0.002594417466938519,0.002594417466938519,0,0,0.30845682002254449,0.0084568200225444978,0,0.81267859160454758,0.025144550574327927,0.41891157108943938,0.39376702051511131,0.00066575957545578289,2033.015140940601,2928,1,1,-0.002661231156510486,0,0,0,0,0,1.5566504801631114e-06,4.6877026251798965e-05,-0.002661231156510486,-0.0027096648332424478
772,1624579200000000000,202106,773,774,0.00034117850585855012,0.00034117850585855012,0,0,0.30879799852840306,0.0087979985284030726,0,0.81233741309868901,0.02542528016416553,0.4188813466314289,0.39345606646726322,0.00066575957545578289,2031.7000891283074,2924,1,1,0.0023385044313971202,0,0,0,0,0,2.0470710351513009e-07,4.6840007912769431e-05,0.0023385044313971202,0.0022914597163808358
773,1624838400000000000,202106,774,775,0.0019368036421009167,0.0019368036421009167,0,0,0.31073480217050398,0.010734802170503988,0,0.81040060945658809,0.026839313715657703,0.41861996158612452,0.39178064787046674,0.00066575957545578289,2028.3807604059589,2920,1,0,0.0031707691962519647,0,0.00026422609938522325,0.00026422609938522325,1,0,1.16208218526055e-06,4.6640553317912709e-05,nan,nan
774,1624924800000000000,202106,775,776,0.00066879377003824811,0.00066879377003824811,0,0,0.31140359594054223,0.011403595940542244,0,0.80973181568654984,0.027508107485695977,0.41861996158612452,0.39111185410042854,0.00066575957545578289,2026.7123912830632,2916,1,0,0.0023847942828654693,0.00079339743154272229,0.00026422609938522325,0.0010576235309279454,4,0,4.0127626202294887e-07,4.6560935011955781e-05,nan,nan
775,1625011200000000000,202106,776,777,0.0006862758027754418,0.0006862758027754418,0,0,0.31208987174331765,0.012089871743317659,0,0.80904553988377448,0.028194383288471403,0.41861996158612452,0.39042557829765312,0.00066575957545578289,2024.0725768880307,2909,1,0,0.0014262859730623917,0.00079339743154272229,0,0.00079339743154272229,3,0,4.1176548166526508e-07,4.6479235511625372e-05,nan,nan
776,1625097600000000000,202107,777,778,0.0010884590326482105,0.0010884590326482105,0,0,0.0010884590326482105,0,0,0.80795708085112639,0.027561930124306699,0.41775950548771801,0.39019757536341138,0.00066575957545578289,2020.351840859129,2901,1,1,-0.0029347383868874289,0,0,0,0,0,6.5307541958892626e-07,4.6452092305168021e-05,-0.0029347383868874289,-0.0029818435546121857
777,1625184000000000000,202107,778,779,0.0011165305508307882,0.0011165305508307882,0,0,0.0022049895834789987,0,0,0.80684055030029578,0.028055475584304986,0.41744801294230177,0.38939253735799684,0.00066575957545578289,2017.512721062842,2893,1,1,0.0030949089510660388,0,0,0,0,0,6.6991833049847289e-07,4.6356254447380573e-05,0.0030949089510660388,0.0030478827782881596
778,1625529600000000000,202107,779,780,0.0011913714087073747,0.0011913714087073747,0,0,0.0033963609921863732,0,0,0.80564917889158849,0.029047472939613236,0.41734832591560223,0.3883008529759891,0.00066575957545578289,2014.5976153875881,2888,1,1,-0.0031390615432745532,0,0,0,0,0,7.1482284522442486e-07,4.6226292020951082e-05,-0.0031390615432745532,-0.0031860026581407288
779,1625616000000000000,202107,780,781,0.12586533172357861,0.0011694356821746557,0.12469589604140389,0,0.12926169271576499,0,0.25,0.82018326267897568,0.022385439854308208,0.42128435126664066,0.39889891141233152,0.00066593086675236304,2058.3360211103286,3000,1,1,0.0046668522893150042,0,0,0,0,0,7.5519199034147162e-05,4.7487965644325184e-05,0.0046668522893150042,0.0045438451246365315
780,1625702400000000000,202107,781,782,0.0012059424702270643,0.0012059424702270643,0,0,0.13046763518599205,0,0,0.81897732020874836,0.023591382324535278,0.42128435126664066,0.39769296894210449,0.00066593086675236304,2053.8183155332686,2988,1,1,0.0040574187109778401,0,0,0,0,0,7.2356548213623856e-07,4.734440106453625e-05,0.0040574187109778401,0.0040093507444311678
781,1625788800000000000,202107,782,783,0.00090470575344345043,0.00090470575344345043,0,0,0.13137234093943551,0,0,0.81807261445530499,0.024496088077978748,0.42128435126664066,0.39678826318866106,0.00066593086675236304,2050.926746949634,2981,1,1,-0.00071335895356041334,0,0,0,0,0,5.4282345206607023e-07,4.7236697998650123e-05,-0.00071335895356041334,-0.00076113847501112957
782,1626048000000000000,202107,783,784,0.0018716627751367016,0.0018716627751367016,0,0,0.13324400371457221,0,0,0.81620095168016837,0.026155374654547845,0.42117816316735684,0.39502278851280798,0.00066593086675236304,2044.6466465351905,2969,1,0,0.003451580252725359,0,6.7842202119047714e-05,6.7842202119047714e-05,2,0,1.1229976650820209e-06,4.702652244200095e-05,nan,nan
783,1626134400000000000,202107,784,785,0.0013534897295032556,0.0013534897295032556,0,0,0.13459749344407546,0,0,0.81484746195066504,0.027508864384051094,0.42117816316735684,0.39366929878330476,0.00066593086675236304,2042.2213600992998,2962,1,0,-0.00014434006358586717,0,0.0013004213937654388,0.0013004213937654388,4,0,8.1209383770195326e-07,4.6865392712298186e-05,nan,nan
784,1626220800000000000,202107,785,786,0.10526955957220743,0.00065060542555319659,0.10461895414665423,0,0.23986705301628289,0,0.25,0.83794897834876136,0.021119602357204236,0.42953429035298085,0.40841468799577613,0.00066617222722397393,2085.1854599660956,2998,1,0,-0.0031408328155299861,0,0.0012164935879584947,0.0012164935879584947,2,0,6.316173574332446e-05,4.8620796189973345e-05,nan,nan
785,1626307200000000000,202107,786,787,0.0023966992081130242,0.0023966992081130242,0,0,0.24226375222439592,0,0,0.835552279140648,0.023516301565317133,0.42953429035298085,0.4060179887876631,0.00066617222722397393,2081.4037737320023,2987,1,0,-0.0068933623057805546,0.00012869324354005478,0,0.00012869324354005478,1,0,1.4380195248678146e-06,4.8335474855674175e-05,nan,nan
786,1626393600000000000,202107,787,788,0.00032847747670837935,0.00032847747670837935,0,0,0.24259222970110431,0,0,0.8352238016639395,0.023844779042025484,0.42953429035298085,0.40568951131095471,0.00066617222722397393,2080.047671374452,2981,1,0,0.0040323891437736093,0.00012869324354005478,0,0.00012869324354005478,1,0,1.9708648602502761e-07,4.8296370394161271e-05,nan,nan
787,1626652800000000000,202107,788,789,0.0012097913830127435,0.0012097913830127435,0,0,0.24380202108411705,0,0,0.8340140102809267,0.02479718393795817,0.42940559710944076,0.40460841317148205,0.00066617222722397393,2076.8771690326062,2973,1,0,0.0018585793053475059,0.00055600716724853562,0.00013443734120158169,0.00069044450845011731,3,0,7.258748298076461e-07,4.8167668234700242e-05,nan,nan
788,1626739200000000000,202107,789,790,0.00052387395121216644,0.00052387395121216644,0,0,0.24432589503532923,0,0,0.83349013632971447,0.025005538724602261,0.42924783752715678,0.40424229880255397,0.00066617222722397393,2074.6585521402876,2966,1,0,0.0013556009737555744,0.00055600716724853562,0.00013443734120158169,0.00069044450845011731,3,0,3.1432437072729986e-07,4.8124083190780235e-05,nan,nan
789,1626825600000000000,202107,790,791,0.055674104964670859,0.0021718566758609469,0.053502248288809923,0,0.3000000000000001,1.1102230246251565e-16,0.1400996168331454,0.84268150023278265,0.022413631166014213,0.43254756569940039,0.41013393453338476,0.00066630380603550281,2088.7369381632279,2997,1,1,0.0062751421438044302,0,0,0,0,0,3.340446297880252e-05,4.8825468396831522e-05,0.0062751421438044302,0.006192912212428796
790,1626912000000000000,202107,791,792,0.00042595119719981045,0.00042595119719981045,0,0,0.30042595119719989,0.00042595119719990304,0,0.84225554903558308,0.022535227404732565,0.43239538822015972,0.40986016081542576,0.00066630380603550281,2086.9585912106959,2988,1,0,0.0045407792549881087,0.00054068652587755425,0,0.00054068652587755425,1,0,2.555707183198863e-07,4.879287628755069e-05,nan,nan
791,1626998400000000000,202107,792,793,0.00029858084373826936,0.00029858084373826936,0,0,0.30072453204093819,0.00072453204093819723,0,0.84195696819184473,0.022736063022564965,0.43234651560720677,0.40961045258464041,0.00066630380603550281,2085.7031362485186,2982,1,0,0.0012587470822633302,0.0011216914061286799,1.0900177644192087e-05,0.0011325915837728719,3,0,1.7914850624296163e-07,4.8763149117219095e-05,nan,nan
792,1627257600000000000,202107,793,794,0.002814777967801706,0.002814777967801706,0,0,0.3035393100087399,0.0035393100087399154,0,0.83914219022404313,0.024469467938611419,0.4318058290813292,0.40733636114271621,0.00066630380603550281,2080.4211321263078,2973,1,0,-0.0069653973209005213,0.00058100488025112555,1.0900177644192087e-05,0.00059190505789531766,2,0,1.6888667806810236e-06,4.8492423945561452e-05,nan,nan
793,1627344000000000000,202107,794,795,0.0017693995127057115,0.0017693995127057115,0,0,0.30530870952144562,0.0053087095214456315,0,0.83737279071133752,0.024967496163465809,0.43117014343740351,0.40620264727393612,0.00066630380603550281,2076.4322949153075,2963,1,1,0.0053264344715494025,0,0,0,0,0,1.0616397076234269e-06,4.8357458008801923e-05,0.0053264344715494025,0.0052770153738329771
794,1627430400000000000,202107,795,796,0.0013411634902016508,0.0013411634902016508,0,0,0.30664987301164726,0.0066498730116472671,0,0.83603162722113578,0.026308659653667417,0.43117014343740351,0.40486148378373449,0.00066630380603550281,2072.3814422844744,2955,1,0,0.00014312009917111278,0.00045232987628137901,0,0.00045232987628137901,1,0,8.0469809412099037e-07,4.8197795688539816e-05,nan,nan
795,1627516800000000000,202107,796,797,0.00061469300523134046,0.00061469300523134046,0,0,0.30726456601687857,0.0072645660168785819,0,0.83541693421590435,0.026818093475399145,0.43111751384565367,0.40429942037025296,0.00066630380603550281,2070.200878496536,2948,1,0,-0.0021162353980511538,0.00045232987628137901,0,0.00045232987628137901,1,0,3.6881580313880425e-07,4.8130883377411065e-05,nan,nan
796,1627603200000000000,202107,797,798,0.00082599215944124135,0.00082599215944124135,0,0,0.30809055817631981,0.0080905581763198176,0,0.83459094205646334,0.026739425882277783,0.43066518396937231,0.40392575808709313,0.00066630380603550281,2067.6777489216765,2943,1,1,0.0052129709418685527,0,0,0,0,0,4.9559529566474484e-07,4.8086399772272991e-05,0.0052129709418685527,0.0051643889468006151
797,1627862400000000000,202108,798,799,0.0011093268367078017,0.0011093268367078017,0,0,0.0011093268367078017,0,0,0.83348161521975539,0.027848752718985563,0.43066518396937231,0.4028164312503853,0.00066630380603550281,2064.2976761634991,2938,1,0,-0.0034389035962499536,0.00038760851609019484,0,0.00038760851609019484,1,0,6.6559610202468092e-07,4.7954337053617298e-05,nan,nan
798,1627948800000000000,202108,799,800,0.0011002055528584053,0.0011002055528584053,0,0,0.0022095323895662067,0,0,0.83238140966689722,0.028523990536624785,0.43045270010176279,0.40192870956513649,0.00066630380603550281,2061.3114120422665,2931,1,0,0.00013548740418220647,0.00038760851609019484,0,0.00038760851609019484,1,0,6.6012333171504316e-07,4.7848655900611486e-05,nan,nan
799,1628035200000000000,202108,800,801,0.11113939016016505,0.0005055144082408144,0.11063387575192421,0,0.11334892254973127,0,0.25,0.84686477847625619,0.021124580019404673,0.43399467924782925,0.41287009922842455,0.00066642565887522738,2091.1568742663121,2999,1,1,0.0041554481454475316,0,0,0,0,0,6.6683634096099031e-05,4.9151202289098156e-05,0.0041554481454475316,0.0040396133090623339
800,1628121600000000000,202108,801,802,0.00088013645942404341,0.00088013645942404341,0,0,0.11422905900915531,0,0,0.84598464201683221,0.021890457454905417,0.43393754973586762,0.41204709228096215,0.00066642565887522738,2088.6962810733617,2990,1,1,-0.0025784667567705665,0,0,0,0,0,5.280818756544261e-07,4.9053225271543111e-05,-0.0025784667567705665,-0.0026280480639177639
801,1628208000000000000,202108,802,803,0.001572777907455151,0.001572777907455151,0,0,0.11580183691661046,0,0,0.84441186410937719,0.023398701704472901,0.43390528290692382,0.41050658120245065,0.00066642565887522738,2084.5746543500495,2981,1,1,0.0048393385641855666,0,0,0,0,0,9.4366674447309059e-07,4.8869831095529842e-05,0.0048393385641855666,0.0047895250663455638
802,1628467200000000000,202108,803,804,0.00063260109678600434,0.00063260109678600434,0,0,0.11643443801339647,0,0,0.84377926301259099,0.023658503895130956,0.43371888345385984,0.41006037955872865,0.00066642565887522738,2082.2939355733633,2973,1,1,0.0044499473691782931,0,0,0,0,0,3.795606580716026e-07,4.8816711852229603e-05,0.0044499473691782931,0.0044007510966679927
803,1628553600000000000,202108,804,805,0.00060170308020860374,0.00060170308020860374,0,0,0.11703614109360506,0,0,0.84317755993238241,0.024260206975339458,0.43371888345385984,0.40945867647852008,0.00066642565887522738,2080.7043822582696,2970,1,1,0.001292866835338287,0,0,0,0,0,3.6102184812516227e-07,4.8745080533157151e-05,0.001292866835338287,0.0012437607329570046
804,1628640000000000000,202108,805,806,0.098377631104945976,0.0013082177471340718,0.097069413357811912,0,0.21541377219855104,0,0.25,0.86058684338500346,0.018591381932186624,0.43958911265859513,0.42099773072640684,0.00066645435072287817,2107.0607463360475,3000,1,1,0.003153281635606906,0,0,0,0,0,5.9026578662967587e-05,5.0118777467429381e-05,0.003153281635606906,0.003044136279476509
805,1628726400000000000,202108,806,807,0.0020096403720265906,0.0020096403720265906,0,0,0.21742341257057762,0,0,0.85857720301297713,0.019798861599631415,0.43918803230630421,0.4193891707066712,0.00066645435072287817,2101.6250574959831,2987,1,1,0.0053154689096571043,0,0,0,0,0,1.2057842232159544e-06,4.9927282226984667e-05,0.0053154689096571043,0.0052643358432069038
806,1628812800000000000,202108,807,808,0.00239311663994158,0.00239311663994158,0,0,0.2198165292105192,0,0,0.85618408637303556,0.022163643254523122,0.43917386481377929,0.41701022155925449,0.00066645435072287817,2097.1767752705373,2981,1,1,-0.0013548911390660213,0,0,0,0,0,1.4358699839649481e-06,4.9644073995149344e-05,-0.0013548911390660213,-0.0014059710830451357
807,1629072000000000000,202108,808,809,4.9587139900288949e-05,4.9587139900288949e-05,0,0,0.21986611635041947,0,0,0.85613449923313523,0.022213230394423425,0.43917386481377929,0.41696063441935416,0.00066645435072287817,2096.9385989305201,2976,1,0,-0.0020673908770782517,0,0.0004773031592587995,0.0004773031592587995,1,0,2.975228394017337e-08,4.9638170764208832e-05,nan,nan
808,1629158400000000000,202108,809,810,0.0017454366223495555,0.0017454366223495555,0,0,0.22161155297276902,0,0,0.85438906261078584,0.023771122353738489,0.43908009248226199,0.4153089701285218,0.00066645435072287817,2093.4454131564844,2968,1,0,0.003559589203083672,0,0.0004773031592587995,0.0004773031592587995,1,0,1.0472619734097335e-06,4.9441544062919259e-05,nan,nan
809,1629244800000000000,202108,810,811,0.07838844702723137,0.0025517582513841452,0.075836688775847233,0,0.30000000000000038,3.8857805861880479e-16,0.21186025427137178,0.86668355804961805,0.020746108426966892,0.44371483323829231,0.42296872481132508,0.00066655035647100248,2108.8474529362566,2999,1,1,-0.0022720701136035274,0,0,0,0,0,4.7033068216338823e-05,5.0353419620395848e-05,-0.0022720701136035274,-0.002369456601440262
810,1629331200000000000,202108,811,812,0.00091706770102373692,0.00091706770102373692,0,0,0.30091706770102411,0.00091706770102412127,0,0.86576649034859432,0.021663176127990666,0.44371483323829231,0.4220516571103014,0.00066655035647100248,2106.385465553672,2991,1,1,-0.0067057740370601417,0,0,0,0,0,5.5024062061424215e-07,5.0244244894083496e-05,-0.0067057740370601417,-0.0067565685225748394
811,1629417600000000000,202108,812,813,0.002230778124073839,0.002230778124073839,0,0,0.30314784582509796,0.0031478458250979724,0,0.86353571222452041,0.023155253280104964,0.4433454827523125,0.42019022947220724,0.00066655035647100248,2100.4526693210746,2979,1,1,-0.0032869806781881334,0,0,0,0,0,1.3384668744443034e-06,5.0022646365738957e-05,-0.0032869806781881334,-0.0033383417914283169
812,1629676800000000000,202108,813,814,0.0002071557010423731,0.0002071557010423731,0,0,0.30335500152614031,0.0033550015261403221,0,0.86332855652347806,0.023362408981147335,0.4433454827523125,0.41998307377116495,0.00066655035647100248,2099.6669307910433,2974,1,0,0.0017468333935186237,0,0.00011992010255183666,0.00011992010255183666,2,0,1.2429342062542385e-07,4.999798497275773e-05,nan,nan
813,1629763200000000000,202108,814,815,0.00070486737568361787,0.00070486737568361787,0,0,0.3040598689018239,0.0040598689018239154,0,0.86262368914779441,0.023233164006770595,0.44292842657728232,0.4196952625705116,0.00066655035647100248,2097.2531871031615,2966,1,0,0.00011711077717962837,0.00060245861012121304,0.00011992010255183666,0.00072237871267304967,4,0,4.2292042541017071e-07,4.996372173458471e-05,nan,nan
814,1629849600000000000,202108,815,816,0.00061533532480855739,0.00061533532480855739,0,0,0.30467520422663247,0.0046752042266324789,0,0.86200835382298557,0.023617912179320275,0.44281313300115288,0.41919522082183241,0.00066655035647100248,2095.0909905885424,2957,1,0,-0.00071518285622343804,0.00072826556729686104,0,0.00072826556729686104,3,0,3.6920119488513444e-07,4.9904192954980046e-05,nan,nan
815,1629936000000000000,202108,816,817,0.0023286813205156188,0.0023286813205156188,0,0,0.30700388554714808,0.0070038855471480921,0,0.85967967250247002,0.022932750728198406,0.44130621161533412,0.41837346088713545,0.00066655035647100248,2088.6701951693585,2948,1,0,0.00032108953209706773,0.00022061855948184779,0,0.00022061855948184779,2,0,1.3972087923093714e-06,4.980636439132565e-05,nan,nan
816,1630022400000000000,202108,817,818,0.0012356408702562174,0.0012356408702562174,0,0,0.30823952641740432,0.0082395264174043303,0,0.85844403163221372,0.023916777684103323,0.4411804046581585,0.41726362697405489,0.00066655035647100248,2085.7580994026157,2942,1,0,-0.0033014693558411083,0.00046583200921104659,0,0.00046583200921104659,3,0,7.4138452215373042e-07,4.9674241306435106e-05,nan,nan
817,1630281600000000000,202108,818,819,0.00059847850979892784,0.00059847850979892784,0,0,0.30883800492720326,0.008838004927203269,0,0.85784555312241451,0.024169657912320539,0.44100760551736767,0.41683794760504689,0.00066655035647100248,2083.6479901763641,2934,1,0,-0.0027365481111287591,0.00037102040690484674,3.3932508220755315e-06,0.00037441365772692228,3,0,3.5908710587935673e-07,4.9623565191077007e-05,nan,nan
818,1630368000000000000,202108,819,820,0.0012772648118379794,0.0012772648118379794,0,0,0.31011526973904124,0.010115269739041255,0,0.85656828831057652,0.024218508874417333,0.44039339859249704,0.41617488971807953,0.00066655035647100248,2080.2812876046783,2925,1,0,-0.00026915781714004184,0.00018089587933174043,3.3932508220755315e-06,0.00018428913015381597,2,0,7.6635888710278769e-07,4.95446297283428e-05,nan,nan
819,1630454400000000000,202109,820,821,0.10425978065614955,0.00040352024991188056,0.1038562604062377,0,0.10425978065614955,0,0.25,0.86453552448020055,0.018321174732501048,0.44142834960635274,0.42310717487385152,0.00066602180608814365,2092.3739060334783,2999,1,0,0.0010910565932889915,0.00016048256967153213,0,0.00016048256967153213,1,0,6.2555868393689734e-05,5.0369901770696613e-05,nan,nan
820,1630540800000000000,202109,821,822,0.0011978916181774747,0.0011978916181774747,0,0,0.10545767227432702,0,0,0.86333763286202303,0.019173531495357405,0.44125558217869226,0.42208205068333465,0.00066602180608814365,2089.8088807051608,2991,1,1,-0.0024269150949598021,0,0,0,0,0,7.1873497090648471e-07,5.024786317658746e-05,-0.0024269150949598021,-0.0024778816931072959
821,1630627200000000000,202109,822,823,0.0011553977838440848,0.0011553977838440848,0,0,0.10661307005817111,0,0,0.86218223507817904,0.0201022927240713,0.44114226390112715,0.42103997117705572,0.00066602180608814365,2086.7330324569948,2984,1,1,0.0043451220415791861,0,0,0,0,0,6.9323867030645078e-07,5.0123806092506629e-05,0.0043451220415791861,0.004294304996816373
822,1630972800000000000,202109,823,824,0.0010101300802240751,0.0010101300802240751,0,0,0.10762320013839519,0,0,0.86117210499795516,0.02102697990648756,0.44109954245222321,0.42007256254573544,0.00066602180608814365,2084.6650549989404,2977,1,0,-0.0020297788697610391,0,0.00028963717622510008,0.00028963717622510008,1,0,6.0607804813444509e-07,5.0008638398301839e-05,nan,nan
823,1631059200000000000,202109,824,825,0.00061998330721195428,0.00061998330721195428,0,0,0.10824318344560714,0,0,0.86055212169074324,0.021646963213699532,0.44109954245222321,0.41945257923852347,0.00066602180608814365,2083.9161390726454,2976,1,0,0.0011471295393450215,0,0.00028963717622510008,0.00028963717622510008,1,0,3.7198998432717254e-07,4.9934830861728986e-05,nan,nan
824,1631145600000000000,202109,825,826,0.093074848689267242,0.0013335792769312838,0.091741269412336068,0,0.20131803213487437,0,0.25,0.87249617374640664,0.016387164917216146,0.44444166933181173,0.42805450441459542,0.00066595012528071051,2096.7863728795724,2999,1,1,-0.00039915481326909972,0,0,0,0,0,5.5844909213560346e-05,5.0958869573166127e-05,-0.00039915481326909972,-0.00050595859205582617
825,1631232000000000000,202109,826,827,0.00079159971523186032,0.00079159971523186032,0,0,0.20210963185010622,0,0,0.87170457403117474,0.017052436159678087,0.44437850509542676,0.42732606893574848,0.00066595012528071051,2094.5869375808484,2990,1,0,0.0028697816801543938,0,0.00013371646348139723,0.00013371646348139723,1,0,4.7495982913911619e-07,5.0872151063779578e-05,nan,nan
826,1631491200000000000,202109,827,828,0.00055488588804730602,0.00055488588804730602,0,0,0.20266451773815353,0,0,0.87114968814312743,0.017225928783319147,0.44418780846322364,0.42696187967990423,0.00066595012528071051,2092.614524097196,2983,1,0,0.0021917745918610941,4.4822993663693643e-05,0.00013371646348139723,0.00017853945714509087,2,0,3.3293153282838361e-07,5.0828795199988602e-05,nan,nan
827,1631577600000000000,202109,828,829,0.0015106461259020846,0.0015106461259020846,0,0,0.2041751638640556,0,0,0.86963904201722542,0.018573682665711203,0.44410636234146866,0.4255326796757572,0.00066595012528071051,2089.0967059655059,2972,1,0,-0.0002778458336951235,4.4822993663693643e-05,0,4.4822993663693643e-05,1,0,9.0638767554125076e-07,5.0658652342352047e-05,nan,nan
828,1631664000000000000,202109,829,830,0.00050226869957233501,0.00050226869957233501,0,0,0.20467743256362794,0,0,0.86913677331765282,0.018707790420527302,0.4439222818690905,0.42521449144856294,0.00066595012528071051,2087.0543071372781,2962,1,1,-0.0074404518183799105,0,0,0,0,0,3.0136121974340098e-07,5.0620772791495591e-05,-0.0074404518183799105,-0.0074913739523911494
829,1631750400000000000,202109,830,831,0.082509889690639937,0.00072878240660851105,0.081781107284031429,0,0.28718732225426791,0,0.25,0.88423225719567244,0.014300071838266853,0.44926616451696888,0.43496609267870184,0.00066526027254847596,2108.1945012459528,3000,1,1,0.0029420026921796196,0,0,0,0,0,4.9505933814383961e-05,5.1781677699845458e-05,0.0029420026921796196,0.0028407150806653903
830,1631836800000000000,202109,831,832,0.0012642036779712022,0.0012642036779712022,0,0,0.28845152593223911,0,0,0.88296805351770136,0.015332750596086632,0.44915040205689316,0.43381765146080636,0.00066526027254847596,2105.6009856550336,2992,1,0,-0.00077625874112895838,0.00016354773273540254,0,0.00016354773273540254,1,0,7.5852220678272134e-07,5.1644958507238853e-05,nan,nan
831,1632096000000000000,202109,832,833,0.0041507522860846384,0.0041507522860846384,0,0,0.29260227821832374,0,0,0.87881730123161661,0.019483502882171214,0.44915040205689316,0.42966689917472145,0.00066526027254847596,2095.5775539250153,2975,1,0,0.00060868808952623226,0.00065777916723408828,0,0.00065777916723408828,2,0,2.4904513716507831e-06,5.1150821330323987e-05,nan,nan
832,1632182400000000000,202109,833,834,0.00085446111506561583,0.00085446111506561583,0,0,0.29345673933338934,0,0,0.8779628401165509,0.019695064760481832,0.44882895243851562,0.42913388767803334,0.00066526027254847596,2093.1846751273147,2964,1,0,0.0010022729471564271,0.0010343227688597843,0,0.0010343227688597843,2,0,5.126766690393695e-07,5.1087367580718258e-05,nan,nan
833,1632268800000000000,202109,834,835,0.00058422514950335204,0.00058422514950335204,0,0,0.29404096448289269,0,0,0.8773786149670475,0.019128504419853445,0.4482535596934496,0.4291250552735959,0.00066526027254847596,2091.8142823903504,2959,1,0,0.0032600755575650999,0.00054009133436109863,0,0.00054009133436109863,1,0,3.5053508970201121e-07,5.1086316103999515e-05,nan,nan
834,1632355200000000000,202109,835,836,0.0059590355171073158,0.00072780285964210093,0.0052312326574652165,0,0.29999999999999999,0,0.017482147691767352,0.87750993237525754,0.018447877627248949,0.44797890500125326,0.42953102737400373,0.00066525622202200031,2091.8306906193234,2999,1,1,-0.0057754740256366838,0,0,0,0,0,3.5754213102643892e-06,5.1134646115952823e-05,-0.0057754740256366838,-0.0058301840930629007
835,1632441600000000000,202109,836,837,0.0017369714119817633,0.0017369714119817633,0,0,0.30173697141198175,0.0017369714119817581,0,0.87577296096327584,0.020184849039230728,0.44797890500125326,0.42779405596202208,0.00066525622202200031,2086.7179573298754,2987,1,1,-4.3530269085500692e-05,0,0,0,0,0,1.0421828471890581e-06,5.0927863805002626e-05,-4.3530269085500692e-05,-9.5500315737692383e-05
836,1632700800000000000,202109,837,838,0.0022652110991351043,0.0022652110991351043,0,0,0.30400218251111683,0.0040021825111168363,0,0.8735077498641407,0.022376149718254329,0.4479419497911975,0.42556580007294281,0.00066525622202200031,2081.2509710787394,2972,1,1,0.0043869242509287781,0,0,0,0,0,1.3591266594810625e-06,5.0662595246778907e-05,0.0043869242509287781,0.0043349025290225184
837,1632787200000000000,202109,838,839,0.0011768723012572082,0.0011768723012572082,0,0,0.30517905481237401,0.0051790548123740177,0,0.87233087756288363,0.02355302201951158,0.4479419497911975,0.42438892777168563,0.00066525622202200031,2078.481276092848,2967,1,1,-0.0046623129346679525,0,0,0,0,0,7.0612338075432498e-07,5.0522491401391145e-05,-0.0046623129346679525,-0.0047135415494500973
838,1632873600000000000,202109,839,840,0.0011359847390382161,0.0011359847390382161,0,0,0.3063150395514122,0.006315039551412216,0,0.87119489282384555,0.024689006758549792,0.4479419497911975,0.42325294303264749,0.00066525622202200031,2076.0146718991118,2963,1,0,0.0012330229007913988,0.0002592847426087986,0,0.0002592847426087986,2,0,6.8159084342292968e-07,5.038725512293423e-05,nan,nan
839,1632960000000000000,202109,840,841,0.00097921361807786519,0.00097921361807786519,0,0,0.30729425316949005,0.0072942531694900614,0,0.87021567920576748,0.025668220376627672,0.4479419497911975,0.42227372941456975,0.00066525622202200031,2073.9933665356361,2955,1,0,0.0038633996642108946,0.0002592847426087986,0.0010099628380419714,0.0012692475806507699,4,0,5.8752817084671912e-07,5.0270682073163071e-05,nan,nan
840,1633046400000000000,202110,841,842,0.00042115190232225352,0.00042115190232225352,0,0,0.00042115190232225352,0,0,0.86979452730344531,0.025570802793732327,0.44768266504858872,0.42211186225485631,0.00066525622202200031,2072.2577687990665,2950,1,0,0.0019199893416571509,3.725528553375e-05,0.0010099628380419714,0.0010472181235757214,3,0,2.5269114139335207e-07,5.0251412173197175e-05,nan,nan
841,1633305600000000000,202110,842,843,0.0027711726600854725,0.0027711726600854725,0,0,0.0031923245624077261,0,0,0.86702335464335978,0.028220814228212168,0.44762208443578588,0.41940127020757362,0.00066525622202200031,2066.853013223646,2942,1,0,0.0011650777923340619,3.725528553375e-05,0,3.725528553375e-05,1,0,1.6627035960512835e-06,4.9928722643758764e-05,nan,nan
842,1633392000000000000,202110,843,844,0.001223316540339929,0.001223316540339929,0,0,0.0044156411027476555,0,0,0.86580003810301986,0.02934206026569508,0.44757104918435742,0.41822898891866211,0.00066525622202200031,2064.1655688573737,2933,1,1,-0.0016576296705322902,0,0,0,0,0,7.3398992420395734e-07,4.9789165347459778e-05,-0.0016576296705322902,-0.001708152825803954
843,1633478400000000000,202110,844,845,5.9896686316937808e-05,5.9896686316937808e-05,0,0,0.0044755377890645931,0,0,0.86574014141670297,0.029401956952012018,0.44757104918435742,0.41816909223234516,0.00066525622202200031,2063.9003671007772,2932,1,0,-0.00028974584781883033,0,0.00012300111038166439,0.00012300111038166439,1,0,3.5938011790162686e-08,4.9782034789564904e-05,nan,nan
844,1633564800000000000,202110,845,846,0.097129659587844142,0.0017921714231646183,0.095337488164679546,0,0.10160519737690873,0,0.25,0.8758174613386589,0.023395596281382915,0.449606528810022,0.42621093252863845,0.00066554697523749128,2091.5748963790252,3000,1,0,-0.0009888040105232958,0,0.00040469013549104311,0.00040469013549104311,2,0,5.8277795752706483e-05,5.0739396729599811e-05,nan,nan
845,1633651200000000000,202110,846,847,0.00066808605667118101,0.00066808605667118101,0,0,0.10227328343357991,0,0,0.87514937528198766,0.024063682338054067,0.449606528810022,0.42554284647196716,0.00066554697523749128,2089.6866158341072,2989,1,0,-0.0021723137342670343,0,0.00039526887204888698,0.00039526887204888698,1,0,4.0085163400270864e-07,5.0659862675234183e-05,nan,nan
846,1633910400000000000,202110,847,848,0.0013448488551217907,0.0013448488551217907,0,0,0.1036181322887017,0,0,0.8738045264268659,0.024787053267745038,0.44929578984730661,0.42450873657956084,0.00066554697523749128,2085.8518416057495,2980,1,1,-0.0018391033410615025,0,0,0,0,0,8.0690931307307455e-07,5.0536754354709624e-05,-0.0018391033410615025,-0.0018904470047292853
847,1633996800000000000,202110,848,849,0.00063821697295159065,0.00063821697295159065,0,0,0.10425634926165329,0,0,0.87316630945391427,0.025180367054759799,0.44917333825433819,0.42399297119957763,0.00066554697523749128,2084.3872464989859,2976,1,1,0.0030161899848679297,0,0,0,0,0,3.8293018377095438e-07,5.0475353714235426e-05,0.0030161899848679297,0.0029653317009699235
848,1634083200000000000,202110,849,850,0.0007699853357533194,0.0007699853357533194,0,0,0.10502633459740661,0,0,0.87239632411816082,0.025950352390513111,0.44917333825433819,0.42322298586382423,0.00066554697523749128,2082.859682917262,2970,1,0,0.0033288032909362096,0.00025447408116150219,0,0.00025447408116150219,1,0,4.619912014519917e-07,5.0383688793312407e-05,nan,nan
849,1634169600000000000,202110,850,851,0.085380258040683665,0.0009267200428178992,0.084453537997865799,0,0.19040659263809029,0,0.25,0.88626271289324488,0.019278521341610413,0.45277061711742805,0.43349209577581727,0.00066557476497146187,2110.1067275422897,3000,1,0,0.0040624699455940345,0.00034103453016633969,0.00012949582170594505,0.00047053035187228471,3,0,5.1228154824410201e-05,5.1606201878073483e-05,nan,nan
850,1634256000000000000,202110,851,852,0.0012744892416731812,0.0012744892416731812,0,0,0.19168108187976346,0,0,0.88498822365157193,0.019858324313720171,0.45242327398264648,0.43256494966892578,0.00066557476497146187,2107.0842131857962,2991,1,0,-0.0028060564702801351,1.0076724290289274e-06,0.00012949582170594505,0.00013050349413497398,3,0,7.6469354500390868e-07,5.1495827341538778e-05,nan,nan
851,1634515200000000000,202110,852,853,0.0013565848321524811,0.0013565848321524811,0,0,0.19303766671191594,0,0,0.88363163881941964,0.020256149407128533,0.45194389411327446,0.43168774470614529,0.00066557476497146187,2102.2622838695352,2977,1,0,0.0013045181661330582,1.0076724290289274e-06,0.00050349782121976233,0.00050450549364879126,2,0,8.1395089929148864e-07,5.1391398179303016e-05,nan,nan
852,1634601600000000000,202110,853,854,0.00087438893151439235,0.00087438893151439235,0,0,0.19391205564343034,0,0,0.88275724988790516,0.020409542560722638,0.45158339622431426,0.43117385366359101,0.00066557476497146187,2099.2034516730946,2966,1,0,0.00063890479686496055,0,0.00050349782121976233,0.00050349782121976233,1,0,5.2463335890863544e-07,5.133022067423702e-05,nan,nan
853,1634688000000000000,202110,854,855,0.0015213098177814868,0.0015213098177814868,0,0,0.19543336546121182,0,0,0.88123594007012385,0.021451557218061558,0.45134374864409293,0.4298921914260308,0.00066557476497146187,2094.8679915846237,2959,1,0,0.0049519653828465305,0.00031846689223729874,0,0.00031846689223729874,1,0,9.127858906688921e-07,5.1177641836432237e-05,nan,nan
854,1634774400000000000,202110,855,856,0.081082277266668362,0.00099582256587525241,0.080086454700793147,0,0.27651564272788021,0,0.25,0.89444692873743414,0.016196323069088928,0.45532162590326047,0.43912530283417184,0.00066529011246348917,2118.0852290257117,2999,1,0,-0.0011400847348315521,0.00036412731426537442,0,0.00036412731426537442,1,0,4.8649366360001019e-05,5.2276821765972841e-05,nan,nan
855,1634860800000000000,202110,856,857,0.0011715981924806669,0.0011715981924806669,0,0,0.2776872409203609,0,0,0.89327533054495345,0.016639666633038858,0.45495749858899509,0.43831783195595658,0.00066529011246348917,2115.5783612515106,2991,1,1,0.0038316135701097786,0,0,0,0,0,7.0295891548840007e-07,5.2180694280471024e-05,0.0038316135701097786,0.0037787299169138194
856,1635120000000000000,202110,857,858,0.00054800120763822866,0.00054800120763822866,0,0,0.27823524212799911,0,0,0.89272732933731536,0.017187667840677098,0.45495749858899509,0.43776983074831843,0.00066529011246348917,2114.5230863564061,2984,1,1,0.00091492850073083393,0,0,0,0,0,3.2880072458293719e-07,5.2115456041466477e-05,0.00091492850073083393,0.00086248424396478452
857,1635206400000000000,202110,858,859,0.0014426844219707388,0.0014426844219707388,0,0,0.27967792654996987,0,0,0.89128464491534465,0.017691638298807325,0.45448814160707485,0.43679650330826791,0.00066529011246348917,2110.9506758016146,2976,1,1,-0.00099091157994927862,0,0,0,0,0,8.6561065318244319e-07,5.1999583727174752e-05,-0.00099091157994927862,-0.0010437767743296357
858,1635292800000000000,202110,859,860,0.00078497702486802752,0.00078497702486802752,0,0,0.28046290357483789,0,0,0.89049966789047663,0.018217245190166858,0.4543584565403207,0.43614121135015416,0.00066529011246348917,2109.5477987771551,2966,1,0,0.0029819263926814197,9.0292925220510214e-05,2.7270057240891878e-05,0.00011756298246140209,2,0,4.7098621492081655e-07,5.1921572779780264e-05,nan,nan
859,1635379200000000000,202110,860,861,0.019537096425162149,0.0006034486294093117,0.018933647795752847,0,0.30000000000000004,5.5511151231257827e-17,0.061944768240475567,0.89224574694229775,0.01765485030279753,0.45495029862254649,0.43729544831974948,0.0006651624770696845,2113.2597503156235,3000,1,0,-0.0092339229621819837,0.00083038549046168515,7.1393351125903641e-06,0.00083752482557427547,4,0,1.1722257855097291e-05,5.2058981942827317e-05,nan,nan
860,1635465600000000000,202110,861,862,0.001923094013555232,0.001923094013555232,0,0,0.30192309401355527,0.0019230940135552821,0,0.89032265292874235,0.01926309627234717,0.45479287460054374,0.43552977832819711,0.0006651624770696845,2108.3537573185295,2981,1,0,0.0055507615899824227,0.00071969688092083208,4.9828464485744712e-06,0.00072467972736940656,3,0,1.1538564081331393e-06,5.184878313430918e-05,nan,nan
861,1635724800000000000,202111,862,863,0.0017497393310482656,0.0017497393310482656,0,0,0.0017497393310482656,0,0,0.88857291359769452,0.019573441841553782,0.45407317771962291,0.43449973587806962,0.0006651624770696845,2104.6303009055414,2974,1,0,-0.0039974521179490996,0,4.9828464485744712e-06,4.9828464485744712e-06,1,0,1.0498435986289593e-06,5.1726159033103532e-05,nan,nan
862,1635811200000000000,202111,863,864,0.0013956067345216596,0.0013956067345216596,0,0,0.0031453460655699252,0,0,0.88717730686317298,0.020613201353212846,0.45389525410819159,0.43328205275497933,0.0006651624770696845,2100.7317237885832,2965,1,1,0.0029649489756958494,0,0,0,0,0,8.3736404071299583e-07,5.1581196756545165e-05,0.0029649489756958494,0.0029125304148985912
863,1635897600000000000,202111,864,865,0.00076748529363955184,0.00076748529363955184,0,0,0.0039128313592094767,0,0,0.8864098215695333,0.020712926766304075,0.45356137416791747,0.43284844740161399,0.0006651624770696845,2098.2673356162313,2959,1,0,0.00079068466570541684,0.00026807045408418082,0.00017844491097963156,0.00044651536506381238,2,0,4.6049117618373108e-07,5.1529577071620714e-05,nan,nan
864,1635984000000000000,202111,865,866,0.090711395175988849,0.0014442219682330557,0.089267173207755804,0,0.094624226535198322,0,0.25,0.8946025098436049,0.016550995333823287,0.455576752588714,0.43902575725489129,0.00066484883373398962,2121.0607660300902,3000,1,0,-0.001520655368342579,0.00081659356160989488,0.0002059033644477965,0.0010224969260576914,3,0,5.4426837105593309e-05,5.2264971101772773e-05,nan,nan
865,1636070400000000000,202111,866,867,0.0023187810802124021,0.0023187810802124021,0,0,0.09694300761541072,0,0,0.89228372876339213,0.017649070630924114,0.45496639969715824,0.43731732906623466,0.00066484883373398962,2115.596305008839,2985,1,0,0.0014412766068773255,0.00048128337995656604,0,0.00048128337995656604,2,0,1.3912686481274413e-06,5.2061586793599369e-05,nan,nan
866,1636329600000000000,202111,867,868,0.00089640799891474638,0.00089640799891474638,0,0,0.097839415614325465,0,0,0.89138732076447713,0.017319672757921102,0.4543534967611994,0.43703382400327867,0.00066484883373398962,2112.9977847617151,2976,1,0,0.00010579903309235997,2.9163578298895592e-05,0,2.9163578298895592e-05,1,0,5.3784479934884792e-07,5.2027836190866503e-05,nan,nan
867,1636416000000000000,202111,868,869,0.0017164797381038874,0.0017164797381038874,0,0,0.099555895352429355,0,0,0.88967084102637328,0.018977825339427226,0.4543243331829005,0.43534650784347367,0.00066484883373398962,2108.5045691115274,2966,1,0,-0.0012601391559798713,0.00011148046211368961,0,0.00011148046211368961,1,0,1.0298878428623325e-06,5.1826965219461149e-05,nan,nan
868,1636502400000000000,202111,869,870,0.00049705140523728295,0.00049705140523728295,0,0,0.10005294675766664,0,0,0.88917378962113613,0.019474876744664513,0.4543243331829005,0.43484945643823641,0.00066484883373398962,2106.9267818377834,2963,1,0,-0.00023009389960479046,0.00011148046211368961,0.00048164286068995204,0.00059312332280364165,2,0,2.9823084314236975e-07,5.1767792433123387e-05,nan,nan
869,1636588800000000000,202111,870,871,0.082056131071805746,0.00063614848388129854,0.081419982587924419,0,0.18210907782947239,0,0.25,0.90109753757201783,0.014630880885928697,0.45786420922897492,0.44323332834304574,0.00066510905559780695,2133.6033170235623,2999,1,0,0.0021635788972016391,0,0.00043718449681543723,0.00043718449681543723,1,0,4.9233678643083442e-05,5.2765872421791155e-05,nan,nan
870,1636675200000000000,202111,871,872,0.0019605088053532269,0.0019605088053532269,0,0,0.18406958663482562,0,0,0.89913702876666468,0.015837092344821738,0.45748706055574478,0.44164996821092262,0.00066510905559780695,2128.8585069771598,2986,1,1,0.0014729637556632556,0,0,0,0,0,1.1763052832119362e-06,5.2577377167966979e-05,0.0014729637556632556,0.0014192100732120766
871,1636934400000000000,202111,872,873,0.0005998241267981346,0.0005998241267981346,0,0,0.18466941076162374,0,0,0.89853720463986653,0.015802088780313899,0.4571696467100918,0.44136755792977744,0.00066510905559780695,2126.7267554480795,2979,1,0,0.0039084186827580006,0,0.00020540848554499659,0.00020540848554499659,1,0,3.5989447607888075e-07,5.2543756896402083e-05,nan,nan
872,1637020800000000000,202111,873,874,0.00059071896911317117,0.00059071896911317117,0,0,0.18526012973073691,0,0,0.8979464856707533,0.016392807749427064,0.4571696467100918,0.44077683896066433,0.00066510905559780695,2125.7931987165798,2976,1,0,0.0087400054335697065,0,0.00020540848554499659,0.00020540848554499659,1,0,3.5443138146790271e-07,5.2473433209602899e-05,nan,nan
873,1637107200000000000,202111,874,875,0.00040180399022346139,0.00040180399022346139,0,0,0.18566193372096038,0,0,0.89754468168052992,0.016696141142703697,0.45712041141161835,0.44042427026891423,0.00066510905559780695,2124.2539343328667,2972,1,0,0.00056058849167527265,0,0.00011162757249557258,0.00011162757249557258,1,0,2.4108239413407683e-07,5.2431460746299308e-05,nan,nan
874,1637193600000000000,202111,875,876,0.074655144925888053,0.0013105758982565633,0.073344569027631548,0,0.26031707864684844,0,0.25,0.91006132254613326,0.013247246431880987,0.46165428448900681,0.44840703805712756,0.00066523389033293573,2147.8953005162484,3000,1,0,0.0030438329165763203,0,0.00017406595510879725,0.00017406595510879725,1,0,4.4793086955532838e-05,5.3381790244896135e-05,nan,nan
875,1637280000000000000,202111,876,877,0.0035820721106476928,0.0035820721106476928,0,0,0.26389915075749615,0,0,0.9064792504354855,0.016829318542528685,0.46165428448900681,0.44482496594647991,0.00066523389033293573,2140.6858294049111,2987,1,0,0.0045003308102994086,0.00083860614990614553,0,0.00083860614990614553,3,0,2.1492432663886155e-06,5.2955353088866661e-05,nan,nan
876,1637539200000000000,202111,877,878,9.9204890228775687e-05,9.9204890228775687e-05,0,0,0.26399835564772495,0,0,0.90638004554525686,0.016766410007330659,0.46157322777629339,0.44480681776896447,0.00066523389033293573,2140.2546743616685,2983,1,0,-0.00043895489386124655,0.0013518337500231785,9.4965522506781321e-06,0.0013613303022738566,5,0,5.9522934137265417e-08,5.2953192591543393e-05,nan,nan
877,1637625600000000000,202111,878,879,0.0032183842099659608,0.0032183842099659608,0,0,0.2672167398576909,0,0,0.90316166133529052,0.01796492495896632,0.46056329314712829,0.4425983681881635,0.00066523389033293573,2132.4837601004219,2966,1,0,-0.003068564219176265,0.000513227600117033,9.4965522506781321e-06,0.00052272415236771113,2,0,1.9310305259795766e-06,5.2690281927162326e-05,nan,nan
878,1637712000000000000,202111,879,880,0.002035877144924095,0.002035877144924095,0,0,0.26925261700261499,0,0,0.9011257841903666,0.018974346903656337,0.46005006554701128,0.44107571864335637,0.00066523389033293573,2128.2066687386314,2955,1,1,0.0069029870430583696,0,0,0,0,0,1.221526286954457e-06,5.2509014124209087e-05,0.0069029870430583696,0.0068492565026472066
879,1637884800000000000,202111,880,881,0.030747382997385109,0.00082909949803333086,0.029918283499351779,0,0.3000000000000001,1.1102230246251565e-16,0.1114697607018704,0.90618598010013363,0.017148270397729454,0.46166712524893389,0.44451885485120446,0.0006652994040567136,2138.2820442823113,3000,1,0,-0.0050903452471360543,0.0016581489001292627,0,0.0016581489001292627,3,0,1.8448429798431065e-05,5.2918911291810049e-05,nan,nan
880,1638144000000000000,202111,881,882,0.0014675667699644867,0.0014675667699644867,0,0,0.30146756676996461,0.0014675667699646233,0,0.90471841333016934,0.018615837167693942,0.46166712524893389,0.44305128808123978,0.0006652994040567136,2134.7448749096739,2988,1,0,0.0039483749220856007,0.0016581489001292627,0,0.0016581489001292627,3,0,8.8054006197869207e-07,5.274420096205236e-05,nan,nan
881,1638230400000000000,202111,882,883,0.002440414572984463,0.002440414572984463,0,0,0.30390798134294905,0.0039079813429490629,0,0.90227799875718473,0.01748263770277499,0.45988031822998221,0.44239768052720713,0.0006652994040567136,2129.6373072814008,2975,1,0,0.0025572539739883199,0.00048918673843444485,0,0.00048918673843444485,1,0,1.4642487437906777e-06,5.2666390538953234e-05,nan,nan
882,1638316800000000000,202112,883,884,0.0024046319693890898,0.0024046319693890898,0,0,0.0024046319693890898,0,0,0.89987336678779561,0.019887269672164035,0.45988031822998221,0.43999304855781785,0.0006652994040567136,2125.1086683847266,2966,1,0,0.0037777492304482191,0.00048918673843444485,0,0.00048918673843444485,1,0,1.442779181633454e-06,5.2380124828311651e-05,nan,nan
883,1638403200000000000,202112,884,885,0.0031477811981803585,0.0031477811981803585,0,0,0.0055524131675694487,0,0,0.89672558558961535,0.022056677393475558,0.45939113149154787,0.43733445409807203,0.0006652994040567136,2118.4812925711299,2955,1,1,-0.0029758842032728042,0,0,0,0,0,1.8886687189082152e-06,5.2063625487865725e-05,-0.0029758842032728042,-0.0030298364974795781
884,1638489600000000000,202112,885,886,0.072820134763545472,0.00033750668538295612,0.072482628078162539,0,0.078372547931114922,0,0.25,0.90966718389485102,0.016601758575144426,0.46313447123499718,0.44653271265985334,0.00066574250014300913,2140.9293297375016,3000,1,1,0.00042748576649523199,0,0,0,0,0,4.3692080858127283e-05,5.3158656269030162e-05,0.00042748576649523199,0.00033063502936807456
885,1638748800000000000,202112,886,887,0.0022518739875330711,0.0022518739875330711,0,0,0.080624421918647993,0,0,0.90741530990731789,0.018853632562677466,0.46313447123499718,0.44428083867232032,0.00066574250014300913,2136.8874001853969,2988,1,0,-0.0028712206163624826,0.00083056247418442346,0.00052986041165608644,0.0013604228858405099,3,0,1.3511243925198428e-06,5.2890576032419087e-05,nan,nan
886,1638835200000000000,202112,887,888,0.001598632128606675,0.001598632128606675,0,0,0.082223054047254662,0,0,0.90581667777871111,0.020452264691284163,0.46313447123499718,0.44268220654371354,0.00066574250014300913,2133.4808455663115,2979,1,0,0.0036571179917319605,0.00083056247418442346,0.00052986041165608644,0.0013604228858405099,3,0,9.5917927716400502e-07,5.2700262683775421e-05,nan,nan
887,1638921600000000000,202112,888,889,0.0027135068493613517,0.0027135068493613517,0,0,0.084936560896616012,0,0,0.90310317092934966,0.020731968168482485,0.46191756954891561,0.44118560138043378,0.00066574250014300913,2126.632559614347,2963,1,1,0.0047749414009244781,0,0,0,0,0,1.6281041096168112e-06,5.2522095402432586e-05,0.0047749414009244781,0.0047207912014124286
888,1639008000000000000,202112,889,890,0.00056133833253973727,0.00056133833253973727,0,0,0.085497899229155752,0,0,0.90254183259681009,0.021293306501022197,0.46191756954891561,0.44062426304789404,0.00066574250014300913,2125.0325902127302,2958,1,0,-0.0016600154070971782,0.00060596204825709139,0,0.00060596204825709139,2,0,3.3680299952384236e-07,5.2455269410463582e-05,nan,nan
889,1639094400000000000,202112,890,891,0.071645886448191212,0.00059428398289604497,0.071051602465295224,0,0.15714378567734696,0,0.25,0.91374994426750222,0.016415692862937276,0.46508281856522071,0.44866712570228129,0.00066595383383082356,2143.975558035937,3000,1,0,0.00023391942108292896,0.00091978745060691759,5.1237413436628687e-05,0.00097102486404354626,4,1,4.2987531868914728e-05,5.3412753059795386e-05,nan,nan
890,1639353600000000000,202112,891,892,0.0023236908669720655,0.0023236908669720655,0,0,0.15946747654431903,0,0,0.91142625340053041,0.017510371807157688,0.46446831260384486,0.44695794079668522,0.00066595383383082356,2139.9604759821968,2988,1,0,0.0029870027087503192,0.00030528148923108188,0,0.00030528148923108188,1,0,1.3942145201832394e-06,5.3209278666272049e-05,nan,nan
891,1639440000000000000,202112,892,893,0.0028258661748439156,0.0028258661748439156,0,0,0.16229334271916296,0,0,0.90860038722568648,0.019725675003539448,0.46416303111461382,0.44443735611107255,0.00066595383383082356,2134.4462570323794,2976,1,0,-0.00016381755461432622,0,6.9472699089314864e-06,6.9472699089314864e-06,1,0,1.6955197049063494e-06,5.2909209060841973e-05,nan,nan
892,1639526400000000000,202112,893,894,0.0014447065954605758,0.0014447065954605758,0,0,0.16373804931462355,0,0,0.907155680630226,0.02117038159900006,0.46416303111461382,0.44299264951561201,0.00066595383383082356,2130.959466136133,2966,1,0,-0.010656791481310391,0.0003009192703471781,6.9472699089314864e-06,0.00030786654025610961,2,0,8.6682395727634554e-07,5.2737220180430007e-05,nan,nan
893,1639612800000000000,202112,894,895,0.0029183778353903049,0.0029183778353903049,0,0,0.16665642715001386,0,0,0.90423730279483572,0.022582667775152054,0.46340998528499461,0.44082731750984089,0.00066595383383082356,2124.855964005048,2955,1,0,0.001285803731670718,0.0003009192703471781,0,0.0003009192703471781,1,0,1.7510267012341828e-06,5.2479442560695342e-05,nan,nan
894,1639699200000000000,202112,895,896,0.076218870000258149,0.0041806477758573784,0.072038222224400678,0,0.24287529715027201,0,0.25,0.91166378543569193,0.019299102316266688,0.46548144387598039,0.44618234155971453,0.00066627893590229042,2134.8552817974987,2999,1,1,-0.00021969721799489821,0,0,0,0,0,4.5731322000154892e-05,5.311694542377554e-05,-0.00021969721799489821,-0.00031854548541882861
895,1639958400000000000,202112,896,897,0.00048832714778235589,0.00048832714778235589,0,0,0.24336362429805436,0,0,0.91117545828790936,0.019511374401347755,0.46534341634462972,0.44583204194328285,0.00066627893590229042,2132.9174300101495,2977,1,0,0.0037617657639656913,0,0.00021505818407948325,0.00021505818407948325,1,1,2.929962886694135e-07,5.3075243088486056e-05,nan,nan
896,1640044800000000000,202112,897,898,0.0010939976918834379,0.0010939976918834379,0,0,0.24445762198993778,0,0,0.91008146059602602,0.020574918326669682,0.46532818946134896,0.44475327113468011,0.00066627893590229042,2129.7208680553063,2971,1,1,-0.0012187351663281271,0,0,0,0,0,6.5639861513006268e-07,5.2946817992223826e-05,-0.0012187351663281271,-0.0012723383829354809
897,1640131200000000000,202112,898,899,0.0021671525659736146,0.0021671525659736146,0,0,0.24662477455591139,0,0,0.90791430803005224,0.022188445542136833,0.4650513767860957,0.44286293124395965,0.00066627893590229042,2124.804536632184,2961,1,0,0.010212884123886894,1.6068357597266203e-05,0,1.6068357597266203e-05,1,0,1.3002915395841687e-06,5.2721777529042817e-05,nan,nan
898,1640217600000000000,202112,899,900,0.0010607002020844795,0.0010607002020844795,0,0,0.24768547475799588,0,0,0.90685360782796809,0.022703468444844652,0.46477853813640735,0.44207506969156352,0.00066627893590229042,2121.1848405044693,2954,1,0,0.0016997831393226587,1.6068357597266203e-05,0.00051669392828122655,0.00053276228587849275,2,0,6.3642012125068765e-07,5.2627984487090899e-05,nan,nan
899,1640563200000000000,202112,900,901,0.052314525242003737,0.001393189017163974,0.050921336224839762,0,0.2999999999999996,0,0.17433728554308014,0.91186618728728464,0.019869177521920283,0.46586768240460263,0.44599850488268267,0.00066639783089591338,2133.4281280514515,2999,1,0,0.0052392407136481892,0.00045550346920076874,0.0004874291250953676,0.00094293259429613634,2,0,3.1388715145202238e-05,5.3095060105081271e-05,nan,nan
900,1640649600000000000,202112,901,902,0.0018762004506425369,0.0018762004506425369,0,0,0.30187620045064212,0.0018762004506421293,0,0.90998998683664245,0.021062472996644748,0.4655262299166435,0.44446375691999912,0.00066639783089591338,2129.4672732982676,2984,1,0,-0.0085561714591757421,0.00045550346920076874,0,0.00045550346920076874,1,0,1.1257202703855221e-06,5.2912352014285604e-05,nan,nan
901,1640736000000000000,202112,902,903,0.0012514495472649794,0.0012514495472649794,0,0,0.30312764999790709,0.0031276499979071004,0,0.90873853728937759,0.021402915605508194,0.46507072644744274,0.44366781084193491,0.00066639783089591338,2127.2285350225493,2976,1,1,0.0031752498890378388,0,0,0,0,0,7.5086972835898767e-07,5.2817596528801778e-05,0.0031752498890378388,0.0031216814227806779
902,1640822400000000000,202112,903,904,5.5038806265367252e-05,5.5038806265367252e-05,0,0,0.30318268880417243,0.0031826888041724399,0,0.90868349848311225,0.021457954411773554,0.46507072644744274,0.44361277203566951,0.00066639783089591338,2126.9766721250007,2971,1,1,-0.0067948523543351121,0,0,0,0,0,3.3023283759220352e-08,5.2811044289960655e-05,-0.0067948523543351121,-0.006847696421908832
903,1640908800000000000,202112,904,905,0.0017386552215406679,0.0017386552215406679,0,0,0.30492134402571308,0.0049213440257130925,0,0.90694484326157154,0.022877303397287545,0.46491107332942938,0.44203376993214222,0.00066639783089591338,2123.0102981958535,2961,1,0,0.0058564915417335661,0.001687344170059868,9.363277933427283e-05,0.0017809769493941409,5,0,1.0431931329244008e-06,5.262306784906455e-05,nan,nan
904,1641168000000000000,202201,905,906,0.078643203086102675,0.00096839944578085721,0.07767480364032181,0,0.078643203086102675,0,0.25,0.91592988354809335,0.017884277132302021,0.4669070803401959,0.44902280320789417,0.00066553304390942519,2147.3349286502757,3000,1,0,0.0023432522601518567,0.0017137640187651745,0.00014172995534855897,0.0018554939741137334,5,0,4.7185921851661605e-05,5.3455095619987408e-05,nan,nan
905,1641254400000000000,202201,906,907,0.0033373237882559016,0.0033373237882559016,0,0,0.081980526874358584,0,0,0.91259255975983755,0.017794072883027572,0.46519331632143068,0.44739924343840343,0.00066553304390942519,2140.3013128068528,2981,1,1,0.0039923952970642978,0,0,0,0,0,2.0023942729535411e-06,5.326181469504802e-05,0.0039923952970642978,0.0039371310880962958
906,1641340800000000000,202201,907,908,0.0012737124650479105,0.0012737124650479105,0,0,0.083254239339406497,0,0,0.91131884729478951,0.019067785348075465,0.46519331632143068,0.4461255309733555,0.00066553304390942519,2137.5489717340847,2975,1,1,-0.0035860035762988189,0,0,0,0,0,7.6422747902874636e-07,5.3110182258732803e-05,-0.0035860035762988189,-0.0036398779860365802
907,1641427200000000000,202201,908,909,0.0018719481048786409,0.0018719481048786409,0,0,0.085126187444285142,0,0,0.90944689918991106,0.02093973345295411,0.46519331632143068,0.44425358286847699,0.00066553304390942519,2132.977791105679,2964,1,0,-0.00084391311857528073,0,0.00042887335124322886,0.00042887335124322886,1,0,1.1231688629271847e-06,5.2887331293866313e-05,nan,nan
908,1641513600000000000,202201,909,910,0.0010708447955109345,0.0010708447955109345,0,0,0.086197032239796079,0,0,0.90837605439440028,0.02201057824846506,0.46519331632143068,0.44318273807296593,0.00066553304390942519,2129.6523434341807,2957,1,0,-0.0022631454061212593,0,0.00042887335124322886,0.00042887335124322886,1,0,6.4250687730656076e-07,5.2759849770591188e-05,nan,nan
909,1641772800000000000,202201,910,911,0.07644200443203332,0.0020318221492284546,0.074410182282804854,0,0.16263903667182938,0,0.25,0.91715115891927601,0.018031800298269261,0.46759147960877334,0.44955967931050295,0.000665191298510775,2150.784384488617,2999,1,1,0.005411196961712772,0,0,0,0,0,4.5865202659219994e-05,5.3519009441726535e-05,0.005411196961712772,0.0053118127496118257
910,1641859200000000000,202201,911,912,0.0014207792375351988,0.0014207792375351988,0,0,0.16405981590936458,0,0,0.91573037968174087,0.019345742405578983,0.46753806104366069,0.44819231863808046,0.000665191298510775,2147.5203468890154,2989,1,0,0.0010659923383171267,0.00025938899351812036,0,0.00025938899351812036,1,0,8.5246754252111933e-07,5.3356228409295291e-05,nan,nan
911,1641945600000000000,202201,912,913,0.00078559103304867207,0.00078559103304867207,0,0,0.16484540694241326,0,0,0.91494478864869222,0.019793661518897412,0.46736922508379564,0.44757556356489697,0.000665191298510775,2145.2560672749423,2983,1,0,-0.00071010192789261234,0.00025938899351812036,8.1165221258620142e-06,0.0002675055156439824,2,0,4.713546198292033e-07,5.3282805186297258e-05,nan,nan
912,1642032000000000000,202201,913,914,0.00082090206204176233,0.00082090206204176233,0,0,0.16566630900445503,0,0,0.91412388658665045,0.020055355440864665,0.46708962101375828,0.4470342655728925,0.000665191298510775,2143.0806315757723,2975,1,0,0.0035248101153268511,0,8.1165221258620142e-06,8.1165221258620142e-06,1,0,4.9254123722505742e-07,5.3218364949153869e-05,nan,nan
913,1642118400000000000,202201,914,915,0.00030760085429902561,0.00030760085429902561,0,0,0.16597390985875407,0,0,0.91381628573235163,0.02036295629516368,0.46708962101375828,0.44672666471859346,0.000665191298510775,2141.8746638695284,2971,1,1,-0.0032081689326293344,0,0,0,0,0,1.8456051257941536e-07,5.3181745799832554e-05,-0.0032081689326293344,-0.0032615352389417465
914,1642464000000000000,202201,915,916,0.073142805776990852,0.00054518161433490548,0.072597624162655972,0,0.23911671563574494,0,0.25,0.92205598640473996,0.0156811034321248,0.46886854491843361,0.4531874414863078,0.0006649490294386365,2159.1939626847034,3000,1,1,-0.0028242270855597042,0,0,0,0,0,4.3885683466194512e-05,5.3950885891227119e-05,-0.0028242270855597042,-0.0029220636549171261
915,1642550400000000000,202201,916,917,0.0033406143477493536,0.0033406143477493536,0,0,0.24245732998349429,0,0,0.91871537205699083,0.019021717779874187,0.46886854491843361,0.44984682713855845,0.0006649490294386365,2152.3255585493011,2990,1,1,0.002747061422771578,0,0,0,0,0,2.0043686086496119e-06,5.3553193706971247e-05,0.002747061422771578,0.0026915038604559574
916,1642636800000000000,202201,917,918,0.0018307480754156309,0.0018307480754156309,0,0,0.24428807805890992,0,0,0.91688462398157533,0.020852465855289812,0.46886854491843361,0.44801607906314284,0.0006649490294386365,2149.7052134024507,2984,1,1,-0.001362908234031314,0,0,0,0,0,1.0984488452493786e-06,5.3335247507517001e-05,-0.001362908234031314,-0.0014173419303840802
917,1642723200000000000,202201,918,919,0.0027372507409764838,0.0027372507409764838,0,0,0.2470253287998864,0,0,0.91414737324059891,0.023414098557429139,0.46878073589901509,0.44536663734158483,0.0006649490294386365,2144.8638544569212,2974,1,0,0.0003018404764190006,0,5.0555984954487037e-05,5.0555984954487037e-05,2,0,1.6423504445858903e-06,5.3019837778760097e-05,nan,nan
918,1642982400000000000,202201,919,920,0.0043424312823266845,0.0043424312823266845,0,0,0.25136776008221307,0,0,0.90980494195827233,0.027696179321528069,0.46875056063990117,0.44105438131837205,0.0006649490294386365,2135.1281766988868,2956,1,0,0.0046323735921769051,0,5.0555984954487037e-05,5.0555984954487037e-05,2,0,2.6054587693960109e-06,5.2506473966472869e-05,nan,nan
919,1643068800000000000,202201,920,921,0.048632239917786944,0.0001044250944449847,0.04852781482334196,0,0.29999999999999999,0,0.16304315048671419,0.91411711791682382,0.02326790628655738,0.46869251210169105,0.44542460581513299,0.00066419803554424199,2145.3154599405748,2998,1,1,0.0056336242938239134,0,0,0,0,0,2.9179343950672166e-05,5.3026738787515827e-05,0.0056336242938239134,0.0055514182110857251
920,1643155200000000000,202201,921,922,0.0018217619821356613,0.0018217619821356613,0,0,0.30182176198213567,0.0018217619821356834,0,0.91229535593468802,0.024782132721154301,0.4685387443279217,0.44375661160676672,0.00066419803554424199,2140.5357295649974,2989,1,0,0.00015901431317174984,6.856832661551954e-05,0.00016468443514907003,0.00023325276176458957,2,0,1.0930571892813968e-06,5.2828168048424612e-05,nan,nan
921,1643241600000000000,202201,922,923,0.00034169446060129612,0.00034169446060129612,0,0,0.30216345644273696,0.0021634564427369662,0,0.91195366147408685,0.025080564001359711,0.46851711273772373,0.44343654873636335,0.00066419803554424199,2139.0689634009113,2981,1,0,-0.010121434890121154,0.0012449514303549817,0.00018308419289095489,0.0014280356232459367,6,0,2.0501667636077767e-07,5.279006532575754e-05,nan,nan
922,1643328000000000000,202201,923,924,0.001165322034138365,0.001165322034138365,0,0,0.30332877847687534,0.0033287784768753492,0,0.91078833943994841,0.025779367242338109,0.46828385334114375,0.44250448609880505,0.00066419803554424199,2135.3797118832745,2971,1,0,-0.0015840661991481165,0.0018298858829704197,1.8399757741884868e-05,0.0018482856407123047,6,0,6.9919322048301904e-07,5.2679105487952983e-05,nan,nan
923,1643587200000000000,202201,924,925,0.003583818544911843,0.003583818544911843,0,0,0.30691259702178719,0.0069125970217872035,0,0.90720452089503645,0.027010419579771044,0.46710747023740434,0.44009705065763272,0.00066419803554424199,2128.6557726859201,2958,1,0,0.012086050149560715,0.00065350277923095746,0,0.00065350277923095746,2,0,2.1502911269471054e-06,5.2392506030670568e-05,nan,nan
924,1643673600000000000,202202,925,926,0.083425744142340233,0.0014751058146338879,0.08195063832770634,0,0.083425744142340233,0,0.25,0.91203021783277072,0.020199549171842916,0.4661148835023079,0.44591533433046487,0.00066360449297572365,2139.8509203981716,2998,1,1,0.003976717532649751,0,0,0,0,0,5.0055446485404144e-05,5.3085158848864859e-05,0.003976717532649751,0.0038735769273154814
925,1643760000000000000,202202,926,927,0.0019269535971678275,0.0019269535971678275,0,0,0.085352697739508057,0,0,0.91010326423560306,0.021521275679627902,0.46581226995761649,0.44429099427798846,0.00066360449297572365,2134.9961030236,2985,1,1,-0.0051454500050685881,0,0,0,0,0,1.1561721583006965e-06,5.2891785033093861e-05,-0.0051454500050685881,-0.0051994979622599826
926,1643846400000000000,202202,927,928,0.00092381292509746823,0.00092381292509746823,0,0,0.086276510664605524,0,0,0.9091794513105057,0.021899533152350152,0.46553949223142888,0.44363995907907866,0.00066360449297572365,2132.6319651535277,2977,1,1,-0.0028944692580773822,0,0,0,0,0,5.5428775505848093e-07,5.2814280842747461e-05,-0.0028944692580773822,-0.002947837826675188
927,1643932800000000000,202202,928,929,0.00081795198697945891,0.00081795198697945891,0,0,0.087094462651584978,0,0,0.9083614993235265,0.022615543270674988,0.46548852129710155,0.44287297802642661,0.00066360449297572365,2130.2250234056428,2967,1,1,-0.0011474916287949376,0,0,0,0,0,4.9077119218767532e-07,5.2722973574574597e-05,-0.0011474916287949376,-0.0012007053735616998
928,1644192000000000000,202202,929,930,0.00058190572779393999,0.00058190572779393999,0,0,0.087676368379378922,0,0,0.90777959359573235,0.023197448998468932,0.46548852129710155,0.44229107229863268,0.00066360449297572365,2128.6039625832609,2961,1,0,-0.0051996901938423205,0,0.00032015056261521635,0.00032015056261521635,1,0,3.49143436676364e-07,5.2653699083170556e-05,nan,nan
929,1644278400000000000,202202,930,931,0.084728042745201182,0.0010721428506213974,0.083655899894579736,0,0.1724044111245801,0,0.25,0.91212129982154622,0.018202193886817711,0.46516174685417988,0.44695955296736289,0.00066359144720805818,2140.157363118733,3000,1,0,-0.00025524755853991268,0,0.00033962888874541675,0.00033962888874541675,1,0,5.0836825647120706e-05,5.3209470591352722e-05,nan,nan
930,1644364800000000000,202202,931,932,0.0023660420523318351,0.0023660420523318351,0,0,0.17477045317691195,0,0,0.90975525776921429,0.020568235939149533,0.46516174685417988,0.44459351091503113,0.00066257425764747614,2135.1549349312859,2987,1,1,-3.5006539706889358e-05,0,0,0,0,0,1.419625231399101e-06,5.2927798918456086e-05,-3.5006539706889358e-05,-8.935396385674455e-05
931,1644451200000000000,202202,932,933,0.0012760649778809845,0.0012760649778809845,0,0,0.17604651815479294,0,0,0.90847919279133327,0.021542528750299966,0.4650108607708146,0.44346833202051528,0.00066257425764747614,2131.7335237346779,2980,1,1,-0.00021919511639411041,0,0,0,0,0,7.6563898672859063e-07,5.2793849050061345e-05,-0.00021919511639411041,-0.00027275460443090035
932,1644537600000000000,202202,933,934,0.0011835590438392838,0.0011835590438392838,0,0,0.17723007719863224,0,0,0.907295633747494,0.022726087794139271,0.4650108607708146,0.44228477297667601,0.00066257425764747614,2128.507997380184,2972,1,0,-0.0081604173657668574,0.00037407661942043735,0,0.00037407661942043735,1,0,7.1013542630357032e-07,5.2652949163889999e-05,nan,nan
933,1644796800000000000,202202,934,935,0.0021098777237534114,0.0021098777237534114,0,0,0.17933995492238564,0,0,0.90518575602374063,0.024745035861331127,0.46496539594253378,0.44022036008120347,0.00066257425764747614,2123.520062346106,2964,1,0,0.0040647635778776224,0.00075091643891597986,0,0.00075091643891597986,2,0,1.265926634252047e-06,5.2407185723952786e-05,nan,nan
934,1644883200000000000,202202,935,936,0.085203598728814986,0.00041281327442212835,0.08479078545439285,0,0.26454355365120064,0,0.25,0.91130904682918357,0.018265502894527112,0.46478727486185539,0.44652177196732862,0.00066296436348495442,2140.7468326545109,2999,1,0,0.0051667167196216167,0.00042909091198829421,0,0.00042909091198829421,1,0,5.1122159237288987e-05,5.3157353805634359e-05,nan,nan
935,1644969600000000000,202202,936,937,0.0019730380024082844,0.0019730380024082844,0,0,0.26651659165360891,0,0,0.9093360088267749,0.018945605440716908,0.46414080713374622,0.44519520169302967,0.00066296436348495442,2136.4483862460593,2984,1,1,0.0060835211547844046,0,0,0,0,0,1.1838228014449706e-06,5.2999428772979726e-05,0.0060835211547844046,0.00602933790320998
936,1645056000000000000,202202,937,938,0.001147334437456481,0.001147334437456481,0,0,0.26766392609106537,0,0,0.90818867438931838,0.02009293987817341,0.46414080713374622,0.44404786725557321,0.00066296436348495442,2133.964366837135,2981,1,1,0.0031404017203278817,0,0,0,0,0,6.8840066247388859e-07,5.2862841339949189e-05,0.0031404017203278817,0.0030868504783254586
937,1645142400000000000,202202,938,939,0.00063162733145783097,0.00063162733145783097,0,0,0.2682955534225232,0,0,0.90755704705786067,0.020724567209631239,0.46414080713374622,0.44341623992411539,0.00066296436348495442,2132.8085871771605,2973,1,0,0.0035290326743517195,0.00041068172811645757,0.00043886508706711332,0.00084954681518357089,2,1,3.7897639887469861e-07,5.2787647610013739e-05,nan,nan
938,1645488000000000000,202202,939,940,0.002012562273635869,0.002012562273635869,0,0,0.27030811569615909,0,0,0.90554448478422467,0.022737129483267098,0.46414080713374622,0.44140367765047955,0.00066296436348495442,2128.8437188017929,2966,1,0,-0.013363296413909124,0.00041068172811645757,0.00045126782653375202,0.00086194955465020953,2,0,1.2075373641815214e-06,5.2548056863152329e-05,nan,nan
939,1645574400000000000,202202,940,941,0.029691884303840951,0.00053106616049107308,0.029160818143349872,0,0.30000000000000004,5.5511151231257827e-17,0.084930129496376031,0.905662786182996,0.020540419823054989,0.46310160300302589,0.44256118317997212,0.00066306270490943699,2131.4921760048169,2999,1,0,0.0058259493475857817,0,0.00045196725961196415,0.00045196725961196415,1,0,1.781513058230457e-05,5.2685855140472872e-05,nan,nan
940,1645660800000000000,202202,941,942,0.0020927075935855684,0.0020927075935855684,0,0,0.30209270759358559,0.0020927075935855965,0,0.90357007858941041,0.022633127416640583,0.46310160300302589,0.44046847558638647,0.00066306270490943699,2126.1937079171444,2987,1,0,-0.0052731457288904549,0.00084952949080951197,0.0010939723453949142,0.0019435018362044263,5,0,1.2556245561513409e-06,5.2436723284093633e-05,nan,nan
941,1645747200000000000,202202,942,943,0.0016528542182608266,0.0016528542182608266,0,0,0.30374556181184642,0.0037455618118464318,0,0.90191722437114963,0.023916326556064481,0.46291677546360743,0.43900044890754403,0.00066306270490943699,2121.4812254590038,2972,1,0,-0.0028558732899673085,0.0015829871745242274,0.001405227499408719,0.0029882146739329462,8,0,9.9171253095649596e-07,5.2261958203279051e-05,nan,nan
942,1646006400000000000,202202,943,944,0.003344998004364328,0.003344998004364328,0,0,0.30709055981621075,0.0070905598162107619,0,0.89857222636678491,0.025329114830078513,0.46195067059843226,0.43662155576835482,0.00066306270490943699,2113.862228890031,2960,1,0,0.0094060682030649972,0.00073345768371471556,0.00032423341069975252,0.0010576910944144681,4,0,2.0069988026185967e-06,5.1978756639089853e-05,nan,nan
943,1646092800000000000,202203,944,945,0.0016212359727416686,0.0016212359727416686,0,0,0.0016212359727416686,0,0,0.89695099039404336,0.025483435435390812,0.46121721291471757,0.43573377747932784,0.00066306270490943699,2110.1142716184781,2956,1,0,0.0088410394104922393,0.00022788525479138273,1.2978256685947761e-05,0.00024086351147733047,2,0,9.7274158364500118e-07,5.187306874753903e-05,nan,nan
944,1646179200000000000,202203,945,946,0.09921201771189167,0.0032312906353262091,0.095980727076565436,0,0.10083325368463333,0,0.25,0.89882784407444327,0.021442898022472526,0.46013537104845903,0.43869247302598696,0.00066264285609617178,2127.08362551345,2999,1,0,0.0094965441472265114,0.000714161436653754,0,0.000714161436653754,2,0,5.9527210627134997e-05,5.2225294407855586e-05,nan,nan
945,1646265600000000000,202203,946,947,0.0026768410722893959,0.0026768410722893959,0,0,0.10351009475692273,0,0,0.89615100300215389,0.023323619949241894,0.45973731147569896,0.43641369152645754,0.00066264285609617178,2120.908633201233,2987,1,0,-0.00013706013072883129,0.00045662718651140807,7.151571172413176e-05,0.00052814289823553988,2,0,1.6061046433736376e-06,5.1954010896006846e-05,nan,nan
946,1646352000000000000,202203,947,948,0.0028343877490609633,0.0028343877490609633,0,0,0.10634448250598369,0,0,0.89331661525309281,0.024476374729474136,0.4588964949912846,0.43442012026181087,0.00066264285609617178,2115.4981892149517,2972,1,0,-0.0053426126969435281,8.2941066935945669e-05,0.00012154586355877245,0.00020448693049471812,3,0,1.700632649436578e-06,5.1716680983548913e-05,nan,nan
947,1646611200000000000,202203,948,949,0.0027030140254577866,0.0027030140254577866,0,0,0.10904749653144148,0,0,0.89061360122763511,0.027075610933502504,0.45884460608056993,0.43176899514706762,0.00066264285609617178,2109.9410412839147,2959,1,0,-0.0073229492022769092,0.00072457460392181964,5.0030151834640686e-05,0.00077460475575646037,4,0,1.6218084152746718e-06,5.1401070850841386e-05,nan,nan
948,1646697600000000000,202203,949,950,0.0034044993681847245,0.0034044993681847245,0,0,0.11245199589962621,0,0,0.88720910185945034,0.030314228167815305,0.45876166501363397,0.42844743684581893,0.00066264285609617178,2102.2594582520328,2947,1,0,0.0070255411732836138,0.00064163353698587391,0,0.00064163353698587391,2,0,2.0426996209108347e-06,5.1005647243549877e-05,nan,nan
949,1646784000000000000,202203,950,951,0.085715498846933219,0.0020941967266379989,0.083621302120295241,0,0.19816749474655942,0,0.25,0.89771422523661304,0.023343868365359767,0.460529046800987,0.43718517843562738,0.00066153256161170326,2126.035706064004,2998,1,0,0.012068942505557808,0.0001131677746100475,0,0.0001131677746100475,1,0,5.1429299308159934e-05,5.2045854575669927e-05,nan,nan
950,1646870400000000000,202203,951,952,0.0012028621904038713,0.0012028621904038713,0,0,0.19937035693696328,0,0,0.89651136304620926,0.023923299340562306,0.46021733119338626,0.43629403185282406,0.00066153256161170326,2121.8577019654131,2982,1,0,0.015166950485213085,0.0001131677746100475,0,0.0001131677746100475,1,0,7.2171731424232282e-07,5.1939765696764774e-05,nan,nan
951,1646956800000000000,202203,952,953,0.00085309013092368881,0.00085309013092368881,0,0,0.20022344706788697,0,0,0.89565827291528577,0.024420533484028957,0.46003940319965769,0.43561886971562896,0.00066153256161170326,2119.9967458079591,2976,1,0,-0.0065223724654091325,0.00048438080905081367,0.00039963472025925757,0.00088401552931007118,2,0,5.1185407855421322e-07,5.1859389251860595e-05,nan,nan
952,1647216000000000000,202203,953,954,0.0039478739090050849,0.0039478739090050849,0,0,0.20417132097689206,0,0,0.89171039900628069,0.028368407393034062,0.46003940319965769,0.43167099580662388,0.00066153256161170326,2113.7875440090311,2966,1,0,-0.020165140050596761,0.00048438080905081367,0.00039963472025925757,0.00088401552931007118,2,0,2.3687243454030513e-06,5.138940426269332e-05,nan,nan
953,1647302400000000000,202203,954,955,0.0040523227709582388,0.0040523227709582388,0,0,0.2082236437478503,0,0,0.88765807623532234,0.031451968545890691,0.45955502239060686,0.42810305384471642,0.00066153256161170326,2106.0525419484952,2953,1,1,-0.0048554373008698869,0,0,0,0,0,2.4313936625749433e-06,5.0964649267228145e-05,-0.0048554373008698869,-0.0049088333437996897
954,1647388800000000000,202203,955,956,0.076557916115310903,0.0010688335821589701,0.075489082533151897,0,0.28478155986316123,0,0.25,0.90080093349598678,0.024335689634498475,0.46256831156524242,0.43823262193074441,0.0006604251167793933,2128.1768892192472,3000,1,1,-0.0085871392703337889,0,0,0,0,0,4.5934749669186542e-05,5.2170550229850523e-05,-0.0085871392703337889,-0.0086852445702328262
955,1647475200000000000,202203,956,957,0.0021005121616766145,0.0021005121616766145,0,0,0.28688207202483784,0,0,0.89870042133431016,0.025988848147292534,0.46234463474080117,0.4363557865935091,0.0006604251167793933,2122.1485505569003,2975,1,1,0.0094248118248567003,0,0,0,0,0,1.2603072970059688e-06,5.1947117451608222e-05,0.0094248118248567003,0.0093716044001080859
956,1647561600000000000,202203,957,958,0.0014628679287777796,0.0014628679287777796,0,0,0.2883449399536156,0,0,0.89723755340553246,0.027262234458318855,0.46224989393192545,0.43498765947360707,0.0006604251167793933,2118.7211961532116,2967,1,0,-0.0088822428745716844,0,0.00036543244633806574,0.00036543244633806574,1,0,8.7772075726666767e-07,5.1784245175429415e-05,nan,nan
957,1647820800000000000,202203,958,959,0.00063799706664182038,0.00063799706664182038,0,0,0.2889829370202574,0,0,0.89659955633889077,0.027888469098108624,0.46224401271849941,0.43435554362039125,0.0006604251167793933,2117.004088783478,2953,1,0,0.0016797325026604616,0,0.00044525826349514034,0.00044525826349514034,2,0,3.827982399850922e-07,5.1708993288141815e-05,nan,nan
958,1647907200000000000,202203,959,960,0.0025138537627129201,0.0025138537627129201,0,0,0.29149679078297031,0,0,0.89408570257617781,0.030366850349086157,0.46222627646263176,0.43185942611354594,0.0006604251167793933,2111.1829034305283,2941,1,0,-0.00090110415185265297,0,7.982581715707458e-05,7.982581715707458e-05,1,0,1.5083122576277519e-06,5.1411836442088796e-05,nan,nan
959,1647993600000000000,202203,960,961,0.0085032092170296628,0.0016532814088878302,0.0068499278081418482,0,0.29999999999999999,0,0.024802465134485099,0.89351026826849733,0.031182223820533747,0.46234624604451496,0.43116402222398037,0.00066041720829483023,2109.6454718047357,2999,1,0,0.011750764999829605,0.00061486151412134486,0,0.00061486151412134486,1,0,5.1019255302177979e-06,5.1329050264759575e-05,nan,nan
960,1648080000000000000,202203,961,962,0.001067203268871093,0.001067203268871093,0,0,0.3010672032688711,0.0010672032688711086,0,0.89244306499962622,0.032070106012607416,0.46225658550611626,0.43018647949350797,0.00066041720829483023,2107.3463889537366,2993,1,0,-0.004612872868364112,0.00061486151412134486,0,0.00061486151412134486,1,0,6.4032196132265579e-07,5.1212676130179517e-05,nan,nan
961,1648166400000000000,202203,962,963,0.0011669665703895847,0.0011669665703895847,0,0,0.30223416983926066,0.002234169839260669,0,0.89127609842923672,0.032007349554754316,0.46164172399199493,0.42963437443723984,0.00066041720829483023,2104.996919880829,2985,1,0,-0.010230438689697941,9.0490951054686728e-05,0,9.0490951054686728e-05,1,0,7.0017994223375077e-07,5.1146949337766643e-05,nan,nan
962,1648425600000000000,202203,963,964,0.00039027993744335411,0.00039027993744335411,0,0,0.302624449776704,0.0026244497767040076,0,0.89088581849179338,0.032397629492197641,0.46164172399199493,0.42924409449979645,0.00066041720829483023,2103.4717914434304,2978,1,0,0.0060047302867071283,0.00025611644949794941,0,0.00025611644949794941,2,0,2.3416796246601246e-07,5.1100487440451956e-05,nan,nan
963,1648512000000000000,202203,964,965,0.00027760227180084068,0.00027760227180084068,0,0,0.30290205204850484,0.0029020520485048551,0,0.89060821621999253,0.032494249861889091,0.46155123304094026,0.42905698317905033,0.00066041720829483023,2102.3320947270772,2974,1,0,-2.0249958873633894e-05,0.00038411598865999781,0,0.00038411598865999781,2,0,1.6656136308050442e-07,5.107821228322028e-05,nan,nan
964,1648598400000000000,202203,965,966,0.0019557788664466575,0.0019557788664466575,0,0,0.3048578309149515,0.0048578309149515109,0,0.88865243735354582,0.033560426506329455,0.461106431929937,0.42754600542360682,0.00066041720829483023,2097.8737040623901,2964,1,0,-0.0038808858300012554,0.00059724364206583595,0,0.00059724364206583595,2,0,1.1734673198679945e-06,5.0898333979000813e-05,nan,nan
965,1648684800000000000,202203,966,967,0.0012990260068540527,0.0012990260068540527,0,0,0.30615685692180555,0.0061568569218055647,0,0.88735341134669177,0.034422471532750021,0.46088794143972028,0.4264654699069696,0.00066041720829483023,2095.0208759977677,2958,1,0,-0.010347238835724675,0.00083685506891898723,0.00036919097277590939,0.0012060460416948966,3,0,7.7941560411243162e-07,5.0769698798448761e-05,nan,nan
966,1648771200000000000,202204,967,968,0.00039562982226811763,0.00039562982226811763,0,0,0.00039562982226811763,0,0,0.88695778152442373,0.034060595051319961,0.46050918828787119,0.42644859323655054,0.00066041720829483023,2093.9537903961573,2954,1,0,0.0073529084194267165,0.0016942563090398431,0.00036919097277590939,0.0020634472818157525,5,0,2.3737789336087058e-07,5.0767689671017924e-05,nan,nan
967,1649030400000000000,202204,968,969,0.0018364031122287945,0.0018364031122287945,0,0,0.0022320329344969123,0,0,0.88512137841219463,0.034980794329408968,0.46005108637080133,0.42507029204139168,0.00066041720829483023,2089.1521854013395,2948,1,0,0.0069809620593182702,0.0012361543919699562,0,0.0012361543919699562,3,0,1.1018418673372768e-06,5.0603606195403773e-05,nan,nan
968,1649116800000000000,202204,969,970,0.002471900748355241,0.002471900748355241,0,0,0.0047039336828521537,0,0,0.8826494776638395,0.034980386293824259,0.45881493197883139,0.42383454568500645,0.00066041720829483023,2083.7764366763304,2938,1,0,0.0039622407073833504,0.0010647709458461978,0,0.0010647709458461978,2,0,1.4831404490131446e-06,5.0456493533929341e-05,nan,nan
969,1649203200000000000,202204,970,971,0.098408310445199168,5.7641315055061842e-06,0.098402546313693662,0,0.10311224412805133,0,0.25,0.887247108668337,0.026239612818996404,0.45674336074366689,0.4305037479246725,0.00066126424939849443,2105.1210945463645,3000,1,0,0.0080741317918921942,0.0010586520396639585,0,0.0010586520396639585,2,0,5.9044986267119507e-05,5.1250446181508629e-05,nan,nan
970,1649289600000000000,202204,971,972,0.0022491949923442627,0.0022491949923442627,0,0,0.10536143912039558,0,0,0.88499791367599268,0.026371503732012736,0.45568470870400296,0.42931320497199221,0.00066126424939849443,2101.4053639309072,2986,1,0,-0.0013862343074447577,0,0.00027021392949756469,0.00027021392949756469,1,0,1.3495169954065577e-06,5.110871487761812e-05,nan,nan
971,1649376000000000000,202204,972,973,0.00021689172315418788,0.00021689172315418788,0,0,0.10557833084354977,0,0,0.88478102195283836,0.026588395455166829,0.45568470870400296,0.42909631324883796,0.00066126424939849443,2100.4795809122743,2977,1,0,0.0020742449234240098,0,0.00027021392949756469,0.00027021392949756469,1,0,1.3013503389251272e-07,5.1082894434385467e-05,nan,nan
972,1649635200000000000,202204,973,974,0.0011649582455257445,0.0011649582455257445,0,0,0.10674328908907552,0,0,0.88361606370731272,0.027753353700692578,0.45568470870400296,0.42793135500331225,0.00066126424939849443,2098.0028490628074,2971,1,1,-0.0036258820082475792,0,0,0,0,0,6.9897494731544668e-07,5.0944208928965741e-05,-0.0036258820082475792,-0.0036775251921238603
973,1649721600000000000,202204,974,975,0.0011453850619619855,0.0011453850619619855,0,0,0.10788867415103751,0,0,0.88247067864535078,0.028898738762654565,0.45568470870400296,0.42678596994135026,0.00066126424939849443,2095.5097703096517,2964,1,1,0.0070012293095423565,0,0,0,0,0,6.8723103717719135e-07,5.0807853564446456e-05,0.0070012293095423565,0.0069497342249407327
974,1649808000000000000,202204,975,976,0.091221334478672741,0.00086774839399974461,0.09035358608467299,0,0.19911000862971023,0,0.25,0.89016532883360555,0.022324865367490079,0.45624509710054767,0.43392023173305838,0.00066250627907328617,2113.798894073379,3000,1,1,0.0088508954114335982,0,0,0,0,0,5.4732800687203643e-05,5.1657170444411715e-05,0.0088508954114335982,0.008744505440301982
975,1649894400000000000,202204,976,977,0.0013876410467333663,0.0013876410467333663,0,0,0.2004976496764436,0,0,0.88877768778687216,0.023262621472367098,0.45602015462961953,0.43275753315725329,0.00066250627907328617,2110.2630391875487,2988,1,1,-0.0064164935298674161,0,0,0,0,0,8.3258462804001978e-07,5.1518753947292053e-05,-0.0064164935298674161,-0.0064688448684427479
976,1650240000000000000,202204,977,978,0.0011237969688217611,0.0011237969688217611,0,0,0.20162144664526535,0,0,0.88765389081805046,0.024386418441188849,0.45602015462961953,0.43163373618843148,0.00066250627907328617,2107.8769898348801,2981,1,1,0.011351588220020428,0,0,0,0,0,6.7427818129305666e-07,5.1384968593860894e-05,0.011351588220020428,0.011299528973245274
977,1650326400000000000,202204,978,979,0.00063703843074267106,0.00063703843074267106,0,0,0.20225848507600802,0,0,0.88701685238730776,0.025023456871931551,0.45602015462961953,0.43099669775768884,0.00066250627907328617,2106.995204105212,2977,1,1,0.0065299330347563583,0,0,0,0,0,3.8222305844560261e-07,5.1309130685439154e-05,0.0065299330347563583,0.006478241681012473
978,1650412800000000000,202204,979,980,0.0022952796602530566,0.0022952796602530566,0,0,0.20455376473626108,0,0,0.88472157272705487,0.027239543026381697,0.4559805578767181,0.42874101485033728,0.00066250627907328617,2102.8898656269562,2969,1,0,-0.0023252705674847666,0.00027152494212142296,0,0.00027152494212142296,1,0,1.377167796151834e-06,5.1040597005992533e-05,nan,nan
979,1650499200000000000,202204,980,981,0.081933962312527892,0.0019304274461146504,0.080003534866413317,0,0.286487727048789,0,0.25,0.89609018773797189,0.021877477854371843,0.45898383279617144,0.4371063549418005,0.00066353348378234242,2123.0216431237168,3000,1,0,-0.0098407527848176982,0.00030165470472503126,0,0.00030165470472503126,2,0,4.9160377387516735e-05,5.2036470826404822e-05,nan,nan
980,1650585600000000000,202204,981,982,0.0017458203141868132,0.0017458203141868132,0,0,0.28823354736297579,0,0,0.89434436742378509,0.022796960459749646,0.45857066394176688,0.43577370348201816,0.00066353348378234242,2119.3507514619,2989,1,0,0.0096409974705135328,3.931358190582975e-06,0,3.931358190582975e-06,1,0,1.0474921885120879e-06,5.1877821843097406e-05,nan,nan
981,1650844800000000000,202204,982,983,0.0014287204971021824,0.0014287204971021824,0,0,0.28966226786007798,0,0,0.8929156469266829,0.023739854026906662,0.45832775047679436,0.43458789644988866,0.00066353348378234242,2115.9036893940788,2977,1,1,0.0042393067360675394,0,0,0,0,0,8.5723229826130954e-07,5.1736654339272457e-05,0.0042393067360675394,0.0041867128494300059
982,1650931200000000000,202204,983,984,0.00058756303966476728,0.00058756303966476728,0,0,0.29024983089974277,0,0,0.89232808388701812,0.024261456081708627,0.45829476998436297,0.4340333139026552,0.00066353348378234242,2113.6941865966846,2971,1,1,-0.0011749897212793973,0,0,0,0,0,3.5253782379886038e-07,5.1670632607458955e-05,-0.0011749897212793973,-0.0012270128917106552
983,1651017600000000000,202204,984,985,0.0004035525295641498,0.0004035525295641498,0,0,0.29065338342930691,0,0,0.89192453135745386,0.024490559356253893,0.45820754535685365,0.43371698600060044,0.00066353348378234242,2111.9883937598006,2963,1,0,-0.00022174547447415633,0.0002853443531198594,0,0.0002853443531198594,1,0,2.4213151773848987e-07,5.1632974523881008e-05,nan,nan
984,1651104000000000000,202204,985,986,0.0093466165706930938,0.00073229841053983307,0.0086143181601532511,0,0.29999999999999999,0,0.030880117754107733,0.89254054819130535,0.023973112633162583,0.45825683041223469,0.43428371777907204,0.0006636372960020946,2112.3334987578069,3000,1,0,-0.011948228968231544,0.00028554911300038131,0,0.00028554911300038131,1,0,5.6079699424158567e-06,5.1700442592746676e-05,nan,nan
985,1651190400000000000,202204,986,987,0.001249311001002028,0.001249311001002028,0,0,0.301249311001002,0.001249311001002007,0,0.89129123719030345,0.024548671419613893,0.45791995430495941,0.43337128288534532,0.0006636372960020946,2109.0073916765814,2987,1,0,0.0060813564550922595,8.7895802609614252e-05,0,8.7895802609614252e-05,1,0,7.4958660060121687e-07,5.1591819391112532e-05,nan,nan
986,1651449600000000000,202205,987,988,0.0012387876796997243,0.0012387876796997243,0,0,0.0012387876796997243,0,0,0.8900524495106038,0.025717460037214562,0.45788495477390989,0.43216749473669513,0.0006636372960020946,2106.613861315247,2978,1,0,7.6575110059097487e-05,8.7895802609614252e-05,0,8.7895802609614252e-05,1,0,7.4327260781983461e-07,5.1448511278177991e-05,nan,nan
987,1651536000000000000,202205,988,989,0.0017483579244311495,0.0017483579244311495,0,0,0.0029871456041308739,0,0,0.88830409158617241,0.027290026356426557,0.4577970589713003,0.43050703261487361,0.0006636372960020946,2102.6815907580749,2969,1,0,0.010600040002683352,0,0.00063036548006207996,0.00063036548006207996,1,0,1.0490147546586896e-06,5.1250837216056382e-05,nan,nan
988,1651622400000000000,202205,989,990,0.0006350465701669216,0.0006350465701669216,0,0,0.0036221921742977956,0,0,0.88766904501600552,0.027925072926593571,0.4577970589713003,0.42987198604470667,0.0006636372960020946,2101.8797985212923,2965,1,0,0.012253352461140307,0,0.00063036548006207996,0.00063036548006207996,1,0,3.8102794210015293e-07,5.1175236433893653e-05,nan,nan
989,1651708800000000000,202205,990,991,0.082053472020865617,0.001268613236031977,0.080784858784833657,0,0.085675664195163412,0,0.25,0.89937289565845302,0.02183488674633452,0.46060389120239259,0.43876900445605838,0.00066445484868552288,2128.0475330429945,2999,1,0,0.0095050053415859335,0,0.00029658095114447184,0.00029658095114447184,1,0,4.9232083212519373e-05,5.2234405292387902e-05,nan,nan
990,1651795200000000000,202205,991,992,4.9541728419377678e-05,4.9541728419377678e-05,0,0,0.085725205923582792,0,0,0.89932335393003338,0.021884428474753938,0.46060389120239259,0.43871946272763901,0.00066445484868552288,2127.8142913723223,2987,1,0,0.00083493635007067545,0,0.00029658095114447184,0.00029658095114447184,1,0,2.972503705162661e-08,5.2228507467576074e-05,nan,nan
991,1652054400000000000,202205,992,993,0.00095558877035789168,0.00095558877035789168,0,0,0.086680794693940688,0,0,0.89836776515967542,0.022562773968048337,0.46046526956386086,0.43790249559581274,0.00066445484868552288,2125.2575830978626,2979,1,1,0.018299413937777662,0,0,0,0,0,5.7335326221473509e-07,5.2131249475691989e-05,0.018299413937777662,0.018246709335039756
992,1652140800000000000,202205,993,994,0.0037451808390991975,0.0037451808390991975,0,0,0.090425975533039882,0,0,0.89462258432057629,0.026252856841720455,0.46043772058114735,0.43418486373942722,0.00066445484868552288,2118.4178176268269,2961,1,1,-0.014279730356885905,0,0,0,0,0,2.2471085034595184e-06,5.1688674254693714e-05,-0.014279730356885905,-0.014333666139644059
993,1652227200000000000,202205,994,995,0.0017731208870293692,0.0017731208870293692,0,0,0.092199096420069251,0,0,0.89284946343354699,0.02802597772874978,0.46043772058114735,0.43241174285239781,0.00066445484868552288,2115.208342092395,2957,1,0,-0.016474317388070682,0.00044375764355079607,3.8372763479626609e-06,0.00044759491989875873,2,0,1.0638725322176214e-06,5.147758843480927e-05,nan,nan
994,1652313600000000000,202205,995,996,0.081292888649123859,0.0055396803925226688,0.07575320825660127,0,0.17349198506919311,0,0.25,0.90192242686573287,0.02510145215138878,0.46351193950856168,0.43841048735717292,0.0006651527180770514,2134.7447538747174,3000,1,0,0.010918547257329159,0.00046180658132744749,5.1868760881068945e-05,0.00051367534220851641,3,0,4.8775733189474316e-05,5.2191724685377728e-05,nan,nan
995,1652400000000000000,202205,996,997,0.0021528582415280724,0.0021528582415280724,0,0,0.17564484331072119,0,0,0.89976956862420454,0.025620971892037922,0.46269527025812224,0.43707429836608425,0.0006651527180770514,2129.0625213557373,2986,1,0,-0.0074626674192872075,0.00072863591104065345,4.7433376383097518e-05,0.00077606928742375092,3,0,1.2917149449168433e-06,5.2032654567390978e-05,nan,nan
996,1652659200000000000,202205,997,998,0.0012296096978465119,0.0012296096978465119,0,0,0.17687445300856772,0,0,0.8985399589263583,0.026125014389451123,0.46233248665790549,0.43620747226845447,0.0006651527180770514,2125.7023230090153,2968,1,0,0.0024741418298347977,0.00072863591104065345,0,0.00072863591104065345,2,0,7.377658187079072e-07,5.1929460984339816e-05,nan,nan
997,1652745600000000000,202205,998,999,0.00088943989439046946,0.00088943989439046946,0,0,0.17776389290295819,0,0,0.89765051903196791,0.025557182461760256,0.46160385074686483,0.43604666828510463,0.0006651527180770514,2123.127739514026,2962,1,0,-0.0088585733267908476,0.00060450505402197729,0,0.00060450505402197729,1,0,5.3366393663428168e-07,5.1910317652988646e-05,nan,nan
998,1652832000000000000,202205,999,1000,0.0024587128501534173,0.0024587128501534173,0,0,0.18022260575311161,0,0,0.8951918061818146,0.026792385515945816,0.4609920958488809,0.43419971033293508,0.0006651527180770514,2116.6750679949832,2949,1,0,0.00078198195620379318,0.00060450505402197729,0,0.00060450505402197729,1,0,1.4752277100920505e-06,5.1690441706301792e-05,nan,nan
999,1652918400000000000,202205,1000,1001,0.071224716006295596,0.0016869809951136215,0.069537735011181934,0,0.25144732175940721,0,0.25,0.90655482512629104,0.020452767302260484,0.46350379621427412,0.44305102891201431,0.00066574822085403783,2130.6253052378902,2999,1,1,0.0077808587875860024,0,0,0,0,0,4.2734829603777359e-05,5.2744170108573137e-05,0.0077808587875860024,0.0076853797878736517
1000,1653004800000000000,202205,1001,1002,0.00068519263330243626,0.00068519263330243626,0,0,0.25213251439270962,0,0,0.90586963249298857,0.021137959935562931,0.46350379621427412,0.44236583627871195,0.00066574822085403783,2129.3245107620442,2991,1,0,0.016678921730138057,0.00015093254619557434,0,0.00015093254619557434,2,0,4.1111557998146173e-07,5.2662599556989523e-05,nan,nan
1001,1653264000000000000,202205,1002,1003,0.0017342826322038199,0.0017342826322038199,0,0,0.25386679702491344,0,0,0.90413534986078481,0.022872242567766758,0.46350379621427412,0.44063155364650808,0.00066574822085403783,2125.6352831754866,2986,1,0,-0.0069341748430533107,0.00079730207738661302,0,0.00079730207738661302,3,0,1.0405695793222919e-06,5.2456137338870013e-05,nan,nan
1002,1653350400000000000,202205,1003,1004,0.00060968551750752739,0.00060968551750752739,0,0,0.25447648254242095,0,0,0.90352566434327708,0.023180062992883103,0.46335286366807854,0.44017280067519615,0.00066574822085403783,2123.9849735714015,2979,1,0,-0.0072226471932269731,0.00066166927923288501,0,0.00066166927923288501,2,0,3.6581131050451644e-07,5.2401523889904306e-05,nan,nan
1003,1653436800000000000,202205,1004,1005,0.003234575477719044,0.003234575477719044,0,0,0.25771105802013999,0,0,0.90029108886555764,0.025121899408220162,0.46270649413688753,0.43758459472866817,0.00066574822085403783,2118.416652211451,2964,1,0,-0.0060897644301462642,1.5299748041846307e-05,7.9876847432300364e-05,9.5176595474146675e-05,2,0,1.9407452866314263e-06,5.2093404134365252e-05,nan,nan
1004,1653523200000000000,202205,1005,1006,0.04228894197985985,0.00068392332290172382,0.041605018656958141,0,0.29999999999999982,0,0.15954452737734892,0.90686762960848388,0.021662927425957219,0.46426527851722099,0.44260235109126272,0.00066603543252284354,2127.6752387204124,2999,1,0,0.001505020474088434,0,0.00028911495594566977,0.00028911495594566977,3,0,2.5373365187915907e-05,5.2690756082293188e-05,nan,nan
1005,1653609600000000000,202205,1006,1007,0.0010311663020501167,0.0010311663020501167,0,0,0.30103116630204996,0.0010311663020499684,0,0.90583646330643386,0.022694093728007403,0.46426527851722099,0.44157118478921259,0.00066603543252284354,2125.4710835682799,2986,1,0,0.006642177073892223,0.00024536988191348544,0.00024194702494288937,0.00048731690685637483,3,0,6.1869978123006998e-07,5.2567998189191981e-05,nan,nan
1006,1653955200000000000,202205,1007,1008,0.0011365436832196209,0.0011365436832196209,0,0,0.30216770998526959,0.0021677099852696058,0,0.90469991962321439,0.023059803144150938,0.46387986138368292,0.44082005823953108,0.00066603543252284354,2121.510943734892,2972,1,0,-0.011627312486054222,0.00024536988191348544,0.0005113716393753433,0.00075674152128882874,3,0,6.8192620993177254e-07,5.2478578361848934e-05,nan,nan
1007,1654041600000000000,202206,1008,1009,0.00075454717573405323,0.00075454717573405323,0,0,0.00075454717573405323,0,0,0.90394537244748041,0.023308138691100676,0.46362675556929073,0.44031861687818918,0.00066603543252284354,2119.0024202839832,2964,1,0,0.0048903441814634047,0,0.0005113716393753433,0.0005113716393753433,2,0,4.5272830544043198e-07,5.2418882961689188e-05,nan,nan
1008,1654128000000000000,202206,1009,1010,0.00081026098633633231,0.00081026098633633231,0,0,0.0015648081620703855,0,0,0.903135111461144,0.024118399677437022,0.46362675556929073,0.43950835589185283,0.00066603543252284354,2116.2474137885733,2956,1,1,-0.00056030846413844787,0,0,0,0,0,4.8615659180179946e-07,5.2322423320458668e-05,-0.00056030846413844787,-0.00061311704405070833
1009,1654214400000000000,202206,1010,1011,0.067952026636412033,0.00060895683283173751,0.067343069803580319,0,0.069516834798482419,0,0.25,0.91365793707180987,0.018545517382702562,0.4661017272272559,0.44755620984455091,0.00066625624882728587,2133.0075596731003,3000,1,0,-0.00043339680739493217,0,0.0006012131480935336,0.0006012131480935336,1,0,4.0771215981847221e-05,5.3280501171970343e-05,nan,nan
1010,1654473600000000000,202206,1011,1012,0.00072033776355157314,0.00072033776355157314,0,0,0.070237172562033989,0,0,0.91293759930825824,0.019149672317453383,0.46604363581285552,0.44689396349539978,0.00066625624882728587,2131.9135498647897,2993,1,0,-0.0063807921205387818,0.00062026184071452793,0.0006012131480935336,0.0012214749888080616,2,0,4.3220265813094385e-07,5.3201662320880921e-05,nan,nan
1011,1654560000000000000,202206,1012,1013,0.0015395693015670181,0.0015395693015670181,0,0,0.071776741863601001,0,0,0.91139803000669106,0.020689241619020304,0.46604363581285552,0.44535439419383277,0.00066625624882728587,2128.9939528679733,2983,1,0,0.0052185517053029117,0.00062026184071452793,0,0.00062026184071452793,1,0,9.2374158094021081e-07,5.3018380261170567e-05,nan,nan
1012,1654646400000000000,202206,1013,1014,0.0010457021857490749,0.0010457021857490749,0,0,0.07282244404935008,0,0,0.91035232782094189,0.019685671700294623,0.46501899976061811,0.44533332806032117,0.00066625624882728587,2126.5068217210901,2973,1,1,0.0096670599286031184,0,0,0,0,0,6.2742131144944493e-07,5.301587238813348e-05,0.0096670599286031184,0.0096134166349035356
1013,1654732800000000000,202206,1014,1015,0.0015964809971513098,0.0015964809971513098,0,0,0.074418925046501383,0,0,0.90875584682379051,0.020152619293642121,0.46445423305871619,0.44430161376507182,0.00066476315300103661,2123.0877083763862,2964,1,1,0.0081747738867951371,0,0,0,0,0,9.5788859829078589e-07,5.2893049257746648e-05,0.0081747738867951371,0.0081209229489390983
1014,1654819200000000000,202206,1015,1016,0.066290005694099166,0.00045412338839190562,0.065835882305707263,0,0.14070893074060054,0,0.25,0.91897905905436106,0.015163077675175513,0.46707106836477019,0.45190799068959431,0.00066476449330442095,2139.6121459374831,3000,1,0,-0.0028476896104356907,0.00021908362461988781,0,0.00021908362461988781,1,0,3.9774003416459501e-05,5.3798570320189799e-05,nan,nan
1015,1655078400000000000,202206,1016,1017,0.0012798540439975881,0.0012798540439975881,0,0,0.14198878478459812,0,0,0.91769920501036362,0.016442931719173052,0.46707106836477019,0.45062813664559681,0.00066476449330442095,2136.4293223395111,2983,1,0,-0.010055227878580651,0.00021908362461988781,0,0.00021908362461988781,1,0,7.6791242639855289e-07,5.3646206743523432e-05,nan,nan
1016,1655164800000000000,202206,1017,1018,0.0017052839902723517,0.0017052839902723517,0,0,0.14369406877487045,0,0,0.91599392102009158,0.017460862081040612,0.46672739155056781,0.44926652946952689,0.00066476449330442095,2132.1234927048126,2968,1,1,0.0088082531285921233,0,0,0,0,0,1.0231703941634108e-06,5.3484110651134148e-05,0.0088082531285921233,0.0087537458475468264
1017,1655251200000000000,202206,1018,1019,0.00033146610603674117,0.00033146610603674117,0,0,0.14402553488090719,0,0,0.91566245491405462,0.017163943936126067,0.46641319942509213,0.44924925548896583,0.00066476449330442095,2131.1156605237898,2962,1,0,-0.017221736839127141,0,4.8202938318336723e-05,4.8202938318336723e-05,1,0,1.988796636220447e-07,5.3482054224876888e-05,nan,nan
1018,1655337600000000000,202206,1019,1020,0.00036497096352742467,0.00036497096352742467,0,0,0.14439050584443461,0,0,0.91529748395052735,0.017310601028954355,0.46630404248974255,0.44899344146078801,0.00066476449330442095,2129.7967350561848,2955,1,0,0.0016897777951731445,0,8.9610080530872719e-05,8.9610080530872719e-05,2,0,2.1898257811645483e-07,5.3451600173903333e-05,nan,nan
1019,1655424000000000000,202206,1020,1021,0.068936756134098817,0.0021437294481044815,0.066793026685994419,0,0.21332726197853341,0,0.25,0.92290488254009007,0.014590747857794108,0.46874781519894287,0.45415706734114847,0.00066200672422447686,2143.6718981347803,2999,1,0,-0.008227308284854391,0.00030060075380159486,2.8688711813755102e-05,0.00032928946561534996,3,0,4.136205368045929e-05,5.4066317540612918e-05,nan,nan
1020,1655769600000000000,202206,1021,1022,0.0012555756596065279,0.0012555756596065279,0,0,0.21458283763813993,0,0,0.92164930688048352,0.015541337135406178,0.46859532200794562,0.45305398487253917,0.00066200672422447686,2140.6484880106718,2985,1,0,-0.018800053530268153,0.00030060075380159486,1.7559936278470436e-05,0.00031816069008006531,2,0,7.5334539576391676e-07,5.393499819911181e-05,nan,nan
1021,1655856000000000000,202206,1022,1023,0.0028004158886689272,0.0028004158886689272,0,0,0.21738325352680885,0,0,0.91884889099181477,0.017740551516471872,0.46829472125414401,0.45055416973767182,0.00066200672422447686,2134.9105158732318,2976,1,0,-0.0040640318928033062,0.00082015981520062282,0.00014754446584349249,0.00096770428104411528,3,0,1.6802495332013563e-06,5.3637401159246651e-05,nan,nan
1022,1655942400000000000,202206,1023,1024,0.00026028955636284113,0.00026028955636284113,0,0,0.21764354308317169,0,0,0.91858860143545207,0.017659988949298534,0.46812429519237597,0.45046430624307715,0.00066200672422447686,2133.8062163130662,2970,1,0,0.008845948943724263,0.00082015981520062282,0.00014754446584349249,0.00096770428104411528,3,0,1.5617373381770469e-07,5.3626703124175851e-05,nan,nan
1023,1656028800000000000,202206,1024,1025,0.002816507913609728,0.002816507913609728,0,0,0.22046005099678143,0,0,0.91577209352184219,0.018652182744807018,0.46721213813332535,0.44855995538851812,0.00066200672422447686,2128.1286686028984,2958,1,0,0.011492486270762551,0.00045433173966008891,0,0.00045433173966008891,1,0,1.6899047481658365e-06,5.3399994689109299e-05,nan,nan
1024,1656288000000000000,202206,1025,1026,0.066951609528527092,0.0013814183673386395,0.065570191161188493,0,0.28741166052530853,0,0.25,0.92435114762108772,0.014226761835037063,0.46928895472806303,0.45506219289302446,0.00066251054421719393,2144.1125628803084,3000,1,0,0.0016236396565514825,0.00048919819001221358,0,0.00048919819001221358,1,0,4.0170965717116257e-05,5.4174070582502909e-05,nan,nan
1025,1656374400000000000,202206,1026,1027,0.00055531534491212601,0.00055531534491212601,0,0,0.28796697587022063,0,0,0.92379583227617568,0.013706267222818029,0.46875104974949744,0.45504478252667796,0.00066251054421719393,2142.8369920999194,2991,1,1,0.0029254625834998038,0,0,0,0,0,3.331892069472756e-07,5.417199791984262e-05,0.0029254625834998038,0.0028709573963730138
1026,1656460800000000000,202206,1027,1028,0.000560780937108014,0.000560780937108014,0,0,0.28852775680732867,0,0,0.92323505133906769,0.014267048159926009,0.46875104974949744,0.45448400158956997,0.00066251054421719393,2140.7964150413532,2979,1,0,-0.0040453686428841545,0.0014810139778399672,0,0.0014810139778399672,3,0,3.3646856226480841e-07,5.4105238284472616e-05,nan,nan
1027,1656547200000000000,202206,1028,1029,0.0011633937212865769,0.0011633937212865769,0,0,0.28969115052861527,0,0,0.92207165761778109,0.01543044188121257,0.46875104974949744,0.45332060786828338,0.00066251054421719393,2138.9870228084505,2973,1,0,-0.022918302115937962,0.0020454507878771397,0,0.0020454507878771397,4,0,6.9803623277194608e-07,5.3966739031938502e-05,nan,nan
1028,1656633600000000000,202207,1029,1030,0.0036670079217081195,0.0036670079217081195,0,0,0.0036670079217081195,0,0,0.91840464969607272,0.016135421847240684,0.46727003577165749,0.45113461392441528,0.00066251054421719393,2131.0975371826362,2959,1,0,0.0038290795773953199,0.0015463736076293741,0,0.0015463736076293741,3,0,2.2002047530248718e-06,5.3706501657668487e-05,nan,nan
1029,1656979200000000000,202207,1030,1031,0.0660346206181361,0.0019513467348494051,0.064083273883286801,0,0.069701628539844213,0,0.25,0.92620528144457392,0.012718421221512278,0.46946185133304413,0.45674343011153323,0.00066337256961792256,2144.8437910440634,2999,1,0,-0.0070516274827867433,0.00098645816376773934,0,0.00098645816376773934,2,0,3.9620772370881665e-05,5.4374217870420623e-05,nan,nan
1030,1657065600000000000,202207,1031,1032,0.0015496031753098902,0.0015496031753098902,0,0,0.071251231715154101,0,0,0.9246556782692642,0.01229510806928674,0.46847539316927644,0.45618028509999109,0.00066337256961792256,2141.7459646152179,2981,1,1,0.0013129360469117358,0,0,0,0,0,9.2976190518593417e-07,5.4307176797617982e-05,0.0013129360469117358,0.001257699108208932
1031,1657152000000000000,202207,1032,1033,0.0011080559621555125,0.0011080559621555125,0,0,0.072359287677309619,0,0,0.92354762230710874,0.013083979245517486,0.46831580077631413,0.45523182153079789,0.00066337256961792256,2139.0903590539556,2973,1,1,0.013010751811570706,0,0,0,0,0,6.6483357729330751e-07,5.4194264467952132e-05,0.013010751811570706,0.012955892713525461
1032,1657238400000000000,202207,1033,1034,0.0013416576693181244,0.0013416576693181244,0,0,0.073700945346627744,0,0,0.92220596463779059,0.014370775732413773,0.46828837018510322,0.45391759445269059,0.00066337256961792256,2135.1969333500379,2963,1,1,-0.0045201598509971627,0,0,0,0,0,8.0499460159087454e-07,5.4037808863415548e-05,-0.0045201598509971627,-0.0045750026544621692
1033,1657497600000000000,202207,1034,1035,8.0133494534737088e-06,8.0133494534737088e-06,0,0,0.073708958696081212,0,0,0.92219795128833715,0.014378789081867268,0.46828837018510322,0.45390958110323715,0.00066337256961792256,2135.1599513525125,2960,1,1,0.00072136728876471591,0,0,0,0,0,4.8080096720842257e-09,5.4036854893242523e-05,0.00072136728876471591,0.00066732562586180137
1034,1657584000000000000,202207,1035,1036,0.064199671794687219,0.0012041879275563002,0.062995483867130872,0,0.13790863049076843,0,0.25,0.92975465334248519,0.011391581116219273,0.4705731172293533,0.45918153611313312,0.00066422121715088321,2150.2813488931556,3000,1,1,0.0034604072256555346,0,0,0,0,0,3.8519803076812334e-05,5.46644685848968e-05,0.0034604072256555346,0.0033672229539938254
1035,1657670400000000000,202207,1036,1037,0.00071100332696576586,0.00071100332696576586,0,0,0.13861963381773421,0,0,0.92904365001551936,0.012102584443185019,0.4705731172293533,0.4584705327861674,0.00066422121715088321,2149.0075303304902,2993,1,1,-0.0024770775802887774,0,0,0,0,0,4.2660199617945945e-07,5.4579825331686593e-05,-0.0024770775802887774,-0.0025320840076166434
1036,1657756800000000000,202207,1037,1038,0.00058170016631017894,0.00058170016631017894,0,0,0.13920133398404438,0,0,0.92846194984920938,0.012684284609495214,0.4705731172293533,0.45788883261985719,0.00066422121715088321,2146.8093281394799,2984,1,1,0.0010356624243406346,0,0,0,0,0,3.4902009978610738e-07,5.4510575311887761e-05,0.0010356624243406346,0.00098080282892896065
1037,1657843200000000000,202207,1038,1039,0.0006308139321646426,0.0006308139321646426,0,0,0.13983214791620902,0,0,0.9278311359170448,0.012908052222144882,0.47036959406959583,0.45746154184745008,0.00066422121715088321,2144.4352138758259,2975,1,0,-0.0076183789185083357,0.00062238861252787725,0,0.00062238861252787725,1,0,3.7848835929878555e-07,5.4459707362791674e-05,nan,nan
1038,1658102400000000000,202207,1039,1040,0.00077218828794020969,0.00077218828794020969,0,0,0.14060433620414922,0,0,0.92705894762910446,0.013260827742975836,0.47015988768604117,0.45689905994306451,0.00066422121715088321,2141.7498143143625,2967,1,0,-0.011685109106051137,0.0010741667422319824,0,0.0010741667422319824,2,0,4.6331297276412575e-07,5.4392745231317198e-05,nan,nan
1039,1658188800000000000,202207,1040,1041,0.066228258272123086,0.00067537597009332867,0.065552882302029797,0,0.20683259447627231,0,0.25,0.93327139467561604,0.0095185698660113019,0.47139498227081361,0.46187641240480265,0.00066483346901645261,2156.2329669345422,2999,1,0,-0.0057596980213390093,0.0013239083683406518,0,0.0013239083683406518,4,0,3.973695496327385e-05,5.4985287191047937e-05,nan,nan
1040,1658275200000000000,202207,1041,1042,0.0011451886803230588,0.0011451886803230588,0,0,0.20797778315659537,0,0,0.93212620599529306,0.0094443694295715946,0.47078528771243217,0.46134091828286095,0.00066483346901645261,2153.5939192435699,2989,1,0,0.010121455192086978,0.0013763057108972573,0,0.0013763057108972573,4,0,6.8711320819383534e-07,5.4921537890816779e-05,nan,nan
1041,1658361600000000000,202207,1042,1043,0.0013680830162432793,0.0013680830162432793,0,0,0.20934586617283865,0,0,0.93075812297904992,0.0088289319656776177,0.46979352747236353,0.46096459550668628,0.00066483346901645261,2149.1451502901123,2976,1,0,0.0099067361548258025,0.0011473637273495322,0,0.0011473637273495322,2,0,8.2084980974596751e-07,5.48767375603198e-05,nan,nan
1042,1658448000000000000,202207,1043,1044,0.0012688498196458257,0.0012688498196458257,0,0,0.21061471599248446,0,0,0.92948927315940388,0.0087835720074582284,0.46913642258343097,0.46035285057597308,0.00066483346901645261,2146.828658899959,2971,1,0,0.01057082690312069,0.00097211279334422725,0,0.00097211279334422725,2,0,7.6130989178749533e-07,5.4803910782853945e-05,nan,nan
1043,1658707200000000000,202207,1044,1045,0.00089507828069769805,0.00089507828069769805,0,0,0.21150979427318217,0,0,0.92859419487870598,0.0082194751830422987,0.46840683503087416,0.46018735984783216,0.00066483346901645261,2144.840075048648,2963,1,0,-0.0094631433587196671,0.00036430190036472931,0,0.00036430190036472931,1,0,5.3704696841861874e-07,5.4784209505694303e-05,nan,nan
1044,1658793600000000000,202207,1045,1046,0.069538695275470755,0.0012906382839936756,0.068248056991477152,0,0.28104848954865291,0,0.25,0.93276208886536549,0.0063400903202337593,0.4695510895927989,0.46321099927256598,0.00066529176842900612,2154.7066007480535,2999,1,1,-0.0027116952370471801,0,0,0,0,0,4.1723217165282454e-05,5.514416658006738e-05,-0.0027116952370471801,-0.0028085626207925299
1045,1658880000000000000,202207,1046,1047,0.0015108446768429022,0.0015108446768429022,0,0,0.28255933422549584,0,0,0.93125124418852234,0.00785093499707663,0.4695510895927989,0.46170015459572306,0.00066529176842900612,2151.057966081612,2986,1,0,0.0026745754703231166,0.00056157181274546194,0,0.00056157181274546194,1,0,9.0650680610574131e-07,5.4964304118538455e-05,nan,nan
1046,1658966400000000000,202207,1047,1048,0.0010265180734946502,0.0010265180734946502,0,0,0.28358585229899047,0,0,0.93022472611502749,0.0088179748422133209,0.46952135047861993,0.46070337563640745,0.00066529176842900612,2148.645049861067,2976,1,0,-0.0026653726073055297,0.0010115398508902646,0,0.0010115398508902646,2,0,6.1591084409679009e-07,5.4845639956715178e-05,nan,nan
1047,1659052800000000000,202207,1048,1049,0.0012728179001939429,0.0012728179001939429,0,0,0.28485867019918443,0,0,0.92895190821483364,0.0084058207890174274,0.46867886450192503,0.46027304371290839,0.00066529176842900612,2145.2999682369441,2969,1,0,-0.0054054981139881322,0.00044996803814480256,0,0.00044996803814480256,1,0,7.6369074011636577e-07,5.479440996582243e-05,nan,nan
1048,1659312000000000000,202208,1049,1050,0.0021347405790165118,0.0021347405790165118,0,0,0.0021347405790165118,0,0,0.92681716763581712,0.0096406252917444497,0.46822889646378024,0.45858827117203677,0.00066529176842900612,2140.8903223388215,2962,1,0,-0.014006433011218788,0.0011316586802688237,0,0.0011316586802688237,2,0,1.2808443474099071e-06,5.4593841806194851e-05,nan,nan
1049,1659398400000000000,202208,1050,1051,0.072094199737437303,0.00033979436816365856,0.071754405369273661,0,0.074228940316453815,0,0.25,0.93047582469168055,0.0069866305309101134,0.46873122761129377,0.4617445970803824,0.00066535771521064374,2150.2048441760239,3000,1,0,-0.0067470605517230822,0.0016884787337632066,0,0.0016884787337632066,3,0,4.3256519842462385e-05,5.4969594890521713e-05,nan,nan
1050,1659484800000000000,202208,1051,1052,0.0022152886026257134,0.0022152886026257134,0,0,0.076444228919079524,0,0,0.9282605360890549,0.0064115169295403127,0.4673360265092959,0.46092450957975445,0.00066535771521064374,2146.0094560163093,2990,1,0,-0.00063076272204645289,0.00051384583467269952,0,0.00051384583467269952,1,0,1.3291731615754281e-06,5.4871965426161246e-05,nan,nan
1051,1659571200000000000,202208,1052,1053,0.0023753056846784301,0.0023753056846784301,0,0,0.078819534603757957,0,0,0.92588523040437631,0.0067618862854252988,0.46632355834489919,0.45956167205947279,0.00066535771521064374,2140.3607470958254,2978,1,0,-0.0051651192068979572,0.00026002586168591012,0,0.00026002586168591012,1,0,1.4251834108070582e-06,5.4709722864222955e-05,nan,nan
1052,1659657600000000000,202208,1053,1054,0.00032521276688377986,0.00032521276688377986,0,0,0.079144747370641741,0,0,0.92556001763749252,0.0066481852376636544,0.46610410143757647,0.45945591619991166,0.00066535771521064374,2139.1421743347569,2973,1,0,0.015538093746215337,0.00026002586168591012,0,0.00026002586168591012,1,0,1.9512766013026791e-07,5.4697132880941868e-05,nan,nan
1053,1659916800000000000,202208,1054,1055,0.00047678463383807497,0.00047678463383807497,0,0,0.079621532004479814,0,0,0.92508323300365436,0.0066049181481298916,0.46584407557589058,0.45923915742775961,0.00066535771521064374,2137.4166586977681,2968,1,0,-0.013736616955155654,0.00063936255392916109,0,0.00063936255392916109,1,0,2.8607078030284497e-07,5.4671328265209474e-05,nan,nan
1054,1660003200000000000,202208,1055,1056,0.077939660198469984,0.0019791654731167599,0.075960494725353225,0,0.15756119220294978,0,0.25,0.92785618211753307,0.0064313982534865595,0.46714379018551005,0.46071239193202446,0.00066540717529687057,2150.071434951064,3000,1,0,0.0040684995278730193,0.00064579969322464746,0,0.00064579969322464746,1,0,4.6763796119081994e-05,5.4846713325241007e-05,nan,nan
1055,1660089600000000000,202208,1056,1057,0.0010880943187306818,0.0010880943187306818,0,0,0.15864928652168048,0,0,0.92676808779880293,0.0062278931857679227,0.46649799049228535,0.46027009730651836,0.00066540717529687057,2147.9522546297922,2990,1,0,-0.0056841859514755368,0,1.6611111111111686e-05,1.6611111111111686e-05,1,0,6.5285659123840897e-07,5.4794059203156948e-05,nan,nan
1056,1660176000000000000,202208,1057,1058,0.0013690050501417442,0.0013690050501417442,0,0,0.16001829157182221,0,0,0.92539908274866134,0.0070962036888914852,0.46624764321877621,0.45915143952988563,0.00066540717529687057,2143.6522876072358,2978,1,0,-0.0011794661218034292,3.8973230830282786e-05,1.6611111111111686e-05,5.5584341941394472e-05,2,0,8.2140303008504652e-07,5.4660885658319722e-05,nan,nan
1057,1660262400000000000,202208,1058,1059,0.00099060553593062072,0.00099060553593062072,0,0,0.16100889710775282,0,0,0.92440847721273078,0.008086809224822104,0.46624764321877621,0.45816083399395496,0.00066540717529687057,2141.5794853937118,2970,1,0,0.0014551717554587404,0.00058526572724071498,8.3847814732890106e-05,0.00066911354197360514,3,0,5.943633215583725e-07,5.454295642785178e-05,nan,nan
1058,1660521600000000000,202208,1059,1060,0.0011663896807172229,0.0011663896807172229,0,0,0.16217528678847004,0,0,0.92324208753201376,0.0085093797043265702,0.46587573361816992,0.45736635391384411,0.00066540717529687057,2137.4601018722428,2957,1,0,0.011864635950355607,0.00065534978185193731,0.00038886288155252728,0.0010442126634044647,5,0,6.998338084303338e-07,5.4448375465933827e-05,nan,nan
1059,1660608000000000000,202208,1060,1061,0.078979157933479427,0.0010431006019352537,0.077936057331544184,0,0.24115444472194947,0,0.25,0.92736254982299493,0.005781506009978136,0.46657202791648705,0.46079052190651032,0.00066505350853409881,2153.3930065470622,2998,1,0,0.0033583686982772212,0.0002670398776339043,0.00025563044703544573,0.00052267032466935003,3,0,4.7387494760087655e-05,5.4856014512679806e-05,nan,nan
1060,1660694400000000000,202208,1061,1062,0.00079995489550211481,0.00079995489550211481,0,0,0.24195439961745158,0,0,0.92656259492749271,0.006047381150212445,0.46630498803885317,0.46025760688864198,0.00066505350853409881,2150.3965794717874,2985,1,1,0.01278208266026426,0,0,0,0,0,4.7997293730126891e-07,5.4792572248647861e-05,0.01278208266026426,0.012726810115078311
1061,1660780800000000000,202208,1062,1063,0.00067623189400784585,0.00067623189400784585,0,0,0.24263063151145942,0,0,0.92588636303348482,0.0065862286081966774,0.46623629582084142,0.45965006721264573,0.00066505350853409881,2148.7900050459384,2976,1,1,0.0085678535274949924,0,0,0,0,0,4.0573913640470749e-07,5.4720246096743547e-05,0.0085678535274949924,0.0085127275422618442
1062,1660867200000000000,202208,1063,1064,0.00053665520886954203,0.00053665520886954203,0,0,0.24316728672032895,0,0,0.92534970782461534,0.0071228838170662168,0.46623629582084142,0.4591134120037762,0.00066505350853409881,2147.3973224105393,2973,1,0,-0.00022814584313547286,0.00017960465696569895,0,0.00017960465696569895,1,0,3.2199312532172524e-07,5.4656358571878122e-05,nan,nan
1063,1661126400000000000,202208,1064,1065,0.00077490802276247825,0.00077490802276247825,0,0,0.24394219474309142,0,0,0.92457479980185309,0.0078977918398287078,0.46623629582084142,0.45833850398101356,0.00066505350853409881,2146.1712131829358,2963,1,0,-0.0039316416105502289,0.00030284094048937992,0,0.00030284094048937992,2,0,4.6494481365748701e-07,5.4564107616787323e-05,nan,nan
1064,1661212800000000000,202208,1065,1066,0.056057805256908559,0.00056052016531188279,0.055497285091596661,0,0.29999999999999999,0,0.18036251945013762,0.92561293665804001,0.0066383281245383412,0.46612563239128918,0.45948730426675005,0.00066534446179916055,2150.7404184111997,2999,1,0,-0.0056402342653356276,0.00014657096755461239,0,0.00014657096755461239,1,0,3.3634683154145135e-05,5.470086955556548e-05,nan,nan
1065,1661299200000000000,202208,1066,1067,0.00052486828209805016,0.00052486828209805016,0,0,0.30052486828209801,0.00052486828209802328,0,0.92508806837594193,0.0068700544715271285,0.46597906142373458,0.45910900695220663,0.00066534446179916055,2149.1259883918733,2994,1,1,0.010145626331167586,0,0,0,0,0,3.1492096925883012e-07,5.4655834160976984e-05,0.010145626331167586,0.01009065557603735
1066,1661385600000000000,202208,1067,1068,0.00037342002922588789,0.00037342002922588789,0,0,0.30089828831132392,0.00089828831132393594,0,0.92471464834671613,0.0072434745007529241,0.46597906142373458,0.45873558692298066,0.00066534446179916055,2147.9170941895359,2988,1,0,0.004904126855837041,0.00089944127186887459,0,0.00089944127186887459,2,0,2.2405201753553273e-07,5.4611379395592934e-05,nan,nan
1067,1661472000000000000,202208,1068,1069,0.0018803020392821018,0.0018803020392821018,0,0,0.302778590350606,0.0027785903506060139,0,0.92283434630743422,0.0067907499263510597,0.4648125481168926,0.45802179819054062,0.00066534446179916055,2142.228893466412,2977,1,0,-0.0029152707814986637,0.0011272040875693144,0,0.0011272040875693144,3,0,1.128181223569261e-06,5.452640454649293e-05,nan,nan
1068,1661731200000000000,202208,1069,1070,0.00094316889295561568,0.00094316889295561568,0,0,0.3037217592435616,0.0037217592435616065,0,0.92189117741447857,0.0059350362755688779,0.46391310684502379,0.45797807056945389,0.00066534446179916055,2140.068237178486,2973,1,0,0.00094964519774545092,0.00022776281570043976,0,0.00022776281570043976,1,0,5.6590133577336938e-07,5.4521198877315944e-05,nan,nan
1069,1661817600000000000,202208,1070,1071,0.00087734541183360419,0.00087734541183360419,0,0,0.30459910465539519,0.0045991046553952031,0,0.92101383200264519,0.0062564263759563726,0.46363512918930078,0.45737870281334336,0.00066534446179916055,2137.4602829050104,2966,1,1,0.0034676902274350932,0,0,0,0,0,5.2640724710016247e-07,5.4449845573017062e-05,0.0034676902274350932,0.0034127139746149759
1070,1661904000000000000,202208,1071,1072,0.0012307102919402284,0.0012307102919402284,0,0,0.30582981494733541,0.005829814947335421,0,0.91978312171070498,0.0074871366678965724,0.46363512918930078,0.45614799252140315,0.00066534446179916055,2135.7523697977017,2963,1,1,0.0031196158025545359,0,0,0,0,0,7.3842617516413706e-07,5.4303332443024178e-05,0.0031196158025545359,0.0030645740439363476
1071,1661990400000000000,202209,1072,1073,7.1980233357907906e-05,7.1980233357907906e-05,0,0,7.1980233357907906e-05,0,0,0.91971114147734712,0.0075017489016222126,0.46360644518948463,0.45610469628786143,0.00066534446179916055,2135.4250719157321,2958,1,1,0.0025974727472889321,0,0,0,0,0,4.3188140014744747e-08,5.4298178129507307e-05,0.0025974727472889321,0.0025431313810194102
1072,1662076800000000000,202209,1073,1074,0.0011042917648847682,0.0011042917648847682,0,0,0.0011762719982426762,0,0,0.9186068497124622,0.0086060406665069613,0.46360644518948463,0.45500040452297674,0.00066534446179916055,2132.5156212483575,2952,1,1,-0.0092216499699797894,0,0,0,0,0,6.625750589308609e-07,5.4166714824163901e-05,-0.0092216499699797894,-0.0092764792598628854
1073,1662422400000000000,202209,1074,1075,0.00013912546137970796,0.00013912546137970796,0,0,0.0013153974596223843,0,0,0.91846772425108247,0.0087451661278866773,0.46360644518948463,0.45486127906159701,0.00066534446179916055,2131.9290566557106,2949,1,1,-0.004136058733159277,0,0,0,0,0,8.3475276827824774e-08,5.4150152269237734e-05,-0.004136058733159277,-0.0041902923607053423
1074,1662508800000000000,202209,1075,1076,0.092472168653140924,0.00062726555565669297,0.091844903097484248,0,0.093787566112763301,0,0.25,0.91737553662312743,0.0065714263691280025,0.46197348149612782,0.45540205512699861,0.00066550834634937104,2143.2164641768636,3000,1,0,-0.0078321009977687806,0.00040394924901570781,0,0.00040394924901570781,2,0,5.5483301191884561e-05,5.4214530372261734e-05,nan,nan
1075,1662595200000000000,202209,1076,1077,0.00052284452243900326,0.00052284452243900326,0,0,0.094310410635202305,0,0,0.91685269210068865,0.0061023596244667707,0.46147752586257773,0.45537516623810981,0.00066550834634937104,2141.8753620799803,2994,1,0,-0.0037533342417802856,0.0015161876094527877,6.7222222222224827e-06,0.0015229098316750101,5,0,3.1370671346340194e-07,5.4211329314060694e-05,nan,nan
1076,1662681600000000000,202209,1077,1078,0.001841504727010517,0.001841504727010517,0,0,0.09615191536221282,0,0,0.91501118737367804,0.0068129412852494919,0.4609120643294638,0.45409912304421313,0.00066550834634937104,2137.439646193829,2984,1,0,0.010852159010074428,0.0011122383604370797,6.7222222222224827e-06,0.0011189605826593021,3,0,1.1049028362063102e-06,5.4059419410025371e-05,nan,nan
1077,1662940800000000000,202209,1078,1079,0.00142567744482985,0.00142567744482985,0,0,0.097577592807042673,0,0,0.91358550992884824,0.0059987029630302006,0.45979210644593921,0.45379340348290781,0.00066550834634937104,2134.4313045344979,2976,1,1,0.0016770321117955407,0,0,0,0,0,8.5540646689790993e-07,5.4023024224155696e-05,0.0016770321117955407,0.0016221536811044871
1078,1663027200000000000,202209,1079,1080,0.00020193197983737956,0.00020193197983737956,0,0,0.097779524786880054,0,0,0.91338357794901082,0.0061554248366418691,0.45976950139282635,0.4536140765561833,0.00066550834634937104,2133.6661094741385,2974,1,1,-0.0030061023404733354,0,0,0,0,0,1.2115918790242773e-07,5.4001675780498008e-05,-0.0030061023404733354,-0.003060225175441736
1079,1663113600000000000,202209,1080,1081,0.088337632936907967,0.00088609976797832406,0.087451533168929618,0,0.18611715772378801,0,0.25,0.91609157476385172,0.0052811434534653003,0.46068635910865885,0.45540521565519398,0.00066574237087313926,2148.9538874375326,3000,1,1,0.0063088841689091279,0,0,0,0,0,5.3002579762144778e-05,5.4214906625618336e-05,0.0063088841689091279,0.0062016666825213647
1080,1663200000000000000,202209,1081,1082,0.00049780469021613383,0.00049780469021613383,0,0,0.18661496241400413,0,0,0.9155937700736354,0.0051380909108006013,0.46036593049221847,0.45522783958141821,0.00066574237087313926,2147.1902339912799,2992,1,1,0.00097537665785348612,0,0,0,0,0,2.9868281412968028e-07,5.4193790426359315e-05,0.00097537665785348612,0.00092088418461299705
1081,1663286400000000000,202209,1082,1083,0.00077065279920923041,0.00077065279920923041,0,0,0.18738561521321337,0,0,0.91482311727442622,0.005494615632906626,0.46015886645366688,0.45466425082076056,0.00066574237087313926,2144.8798259228411,2986,1,1,0.0048295923634976892,0,0,0,0,0,4.6239167952553831e-07,5.4126696526281018e-05,0.0048295923634976892,0.0047750032752918829
1082,1663545600000000000,202209,1083,1084,0.001836258806380301,0.001836258806380301,0,0,0.18922187401959367,0,0,0.91298685846804584,0.0062522600945693375,0.4596195592813081,0.45336729918673901,0.00066574237087313926,2142.2227172461808,2979,1,0,0.0021412228192004452,0.00039040965508695997,0,0.00039040965508695997,1,0,1.1017552838281804e-06,5.3972297522230835e-05,nan,nan
1083,1663632000000000000,202209,1084,1085,0.0020771948928389205,0.0020771948928389205,0,0,0.19129906891243259,0,0,0.91090966357520686,0.0079885568265613983,0.45944911020088469,0.45146055337432356,0.00066574237087313926,2137.8113761272502,2973,1,0,0.0075811263939859156,0.00039040965508695997,0,0.00039040965508695997,1,0,1.2463169357033524e-06,5.3745303973133761e-05,nan,nan
1084,1663718400000000000,202209,1085,1086,0.083321684696378698,0.001895342316073242,0.08142634238030548,0,0.27462075360881127,0,0.25,0.91556237394945605,0.0065037809164623997,0.46103307743295829,0.45452929651649732,0.00066597566855588347,2150.0250210245867,2999,1,1,-0.0014314691067462268,0,0,0,0,0,4.9993010817827219e-05,5.4110630537678258e-05,-0.0014314691067462268,-0.0015355727481017323
1085,1663804800000000000,202209,1086,1087,0.0006873162602704071,0.0006873162602704071,0,0,0.27530806986908168,0,0,0.91487505768918564,0.0071641657495793831,0.46101961171938155,0.45385544596980354,0.00066597566855588347,2147.5643259877606,2991,1,1,0.0012445596723929136,0,0,0,0,0,4.1238975616224425e-07,5.4030410234500425e-05,0.0012445596723929136,0.0011901168724022509
1086,1663891200000000000,202209,1087,1088,0.0014466311113433192,0.0014466311113433192,0,0,0.27675470098042498,0,0,0.91342842657784218,0.0086107968609226947,0.46101961171938155,0.45240881485846007,0.00066597566855588347,2143.4039986109378,2981,1,0,-0.0021423093831715125,0.00043207919885357925,0,0.00043207919885357925,1,0,8.6797866680599145e-07,5.3858192245054774e-05,nan,nan
1087,1664150400000000000,202209,1088,1089,0.002007799158843701,0.002007799158843701,0,0,0.27876250013926868,0,0,0.91142062741899843,0.010005458810986002,0.46071304311499134,0.45070758430400659,0.00066597566855588347,2136.7601374845754,2964,1,0,-0.0049676374015302747,0.00043207919885357925,0,0.00043207919885357925,1,0,1.2046794953062205e-06,5.3655664798096029e-05,nan,nan
1088,1664236800000000000,202209,1089,1090,0.0024191389053140437,0.0024191389053140437,0,0,0.28118163904458271,0,0,0.90900148851368467,0.011560439318592859,0.46028096391613776,0.44872052459754608,0.00066597566855588347,2132.1899917797191,2957,1,1,0.0059184375926388914,0,0,0,0,0,1.4514833431884263e-06,5.3419110071136441e-05,0.0059184375926388914,0.0058635669992245665
1089,1664323200000000000,202209,1090,1091,0.018818360955417352,0.00068056425213266439,0.018137796703284692,0,0.30000000000000004,5.5511151231257827e-17,0.062527742641550074,0.90960186334489557,0.010848328748890079,0.46022509604689366,0.4493767672980038,0.00066601238959644441,2132.6423374900005,3000,1,0,0.0017703265269939379,0.00050527771422707131,0,0.00050527771422707131,2,0,1.1291016573250412e-05,5.3497234202143308e-05,nan,nan
1090,1664409600000000000,202209,1091,1092,0.00034379800364531509,0.00034379800364531509,0,0,0.30034379800364536,0.00034379800364536806,0,0.90925806534125042,0.0111921267525354,0.46022509604689366,0.44903296929435832,0.00066601238959644441,2131.5751240450081,2984,1,0,-0.00059005418106093395,0.0016394496699945504,9.1202472130114313e-05,0.0017306521421246647,5,0,2.0627880218718905e-07,5.3456305868375988e-05,nan,nan
1091,1664496000000000000,202209,1092,1093,0.0020599003158427607,0.0020599003158427607,0,0,0.3024036983194881,0.0024036983194881123,0,0.90719816502540762,0.011985178533204669,0.45959167177930699,0.44760649324610224,0.00066601238959644441,2127.1633666056491,2974,1,0,-0.0093455217864131992,0.0016740012230603038,9.1202472130114313e-05,0.0017652036951904182,4,0,1.2359401895056565e-06,5.3286487291202653e-05,nan,nan
1092,1664755200000000000,202210,1093,1094,0.0018450141075997577,0.0018450141075997577,0,0,0.0018450141075997577,0,0,0.90535315091780788,0.011561848729269521,0.45845749982353945,0.44689565109426999,0.00066601238959644441,2123.1308172025438,2967,1,0,0.0022935842589095383,0.00088539582603331399,0,0.00088539582603331399,2,0,1.1070084645598546e-06,5.3201863225508335e-05,nan,nan
1093,1664841600000000000,202210,1094,1095,0.0018335984096948764,0.0018335984096948764,0,0,0.0036786125172946342,0,0,0.90351955250811322,0.010821898143498255,0.45717072532580638,0.44634882718230812,0.00066601238959644441,2118.2078201845097,2956,1,0,-0.00038534026675970462,0.00069228747139078945,0,0.00069228747139078945,2,0,1.1001590458169259e-06,5.313676514075097e-05,nan,nan
1094,1664928000000000000,202210,1095,1096,0.080259742424506716,0.00090452969730707845,0.079355212727199601,0,0.083938354941801352,0,0.25,0.9094055545659715,0.0080650132539401859,0.45873528390995588,0.45067027065601617,0.0006661479261965979,2126.9584681919746,2999,1,0,0.0091506483163441218,0.00037962448391977335,8.7196705321872688e-06,0.0003883441544519606,2,0,4.8155845454704024e-05,5.3651222697144788e-05,nan,nan
1095,1665014400000000000,202210,1096,1097,0.0010113709063205899,0.0010113709063205899,0,0,0.084949725848121937,0,0,0.90839418365965086,0.0083171351924211986,0.45835565942603612,0.4500385242336154,0.0006661479261965979,2124.0323690125551,2988,1,0,0.0051992591711138795,0,8.7196705321872688e-06,8.7196705321872688e-06,1,0,6.06822543792354e-07,5.3576014789716113e-05,nan,nan
1096,1665100800000000000,202210,1097,1098,0.001871935081614039,0.001871935081614039,0,0,0.086821660929735978,0,0,0.90652224857803676,0.010189070274035259,0.45835565942603612,0.44816658915200136,0.0006661479261965979,2121.4536412548291,2978,1,0,0.0033700451951186464,0,0.00046554684242027379,0.00046554684242027379,1,0,1.1231610489684234e-06,5.3353165375238252e-05,nan,nan
1097,1665360000000000000,202210,1098,1099,0.00083201649595858994,0.00083201649595858994,0,0,0.087653677425694562,0,0,0.90569023208207822,0.011021086769993861,0.45835565942603612,0.44733457265604276,0.0006661479261965979,2119.3735193591524,2966,1,0,-0.0020924400396036534,0.00068284565255295933,0.00046554684242027379,0.0011483924949732332,3,0,4.9920989757515393e-07,5.3254115792386037e-05,nan,nan
1098,1665446400000000000,202210,1099,1100,0.0013115946707582646,0.0013115946707582646,0,0,0.08896527209645283,0,0,0.90437863741131996,0.012262667440793237,0.45832065242605668,0.44605798498526389,0.0006661479261965979,2116.8889876988505,2958,1,0,0.0033524402310931177,0.0011039497356890669,1.0972722726485376e-05,0.0011149224584155522,4,1,7.8695680245495881e-07,5.3102141069674274e-05,nan,nan
1099,1665532800000000000,202210,1100,1101,0.076411318233360961,0.0016547580242646624,0.074756560209096282,0,0.16537659032981378,0,0.25,0.91260124896931438,0.0094138006199647913,0.46100752479464135,0.45159372417467658,0.00066584796624991223,2133.0479639017649,2998,1,0,0.0028160186004023971,0.00046670471637427058,4.7873368710078799e-05,0.00051457808508434942,2,0,4.5846790940016581e-05,5.3761157639842446e-05,nan,nan
1100,1665619200000000000,202210,1101,1102,0.0018634040008662233,0.0018634040008662233,0,0,0.16723999433068001,0,0,0.91073784496844834,0.009670075299672537,0.46020396013406212,0.45053388483438944,0.00066584796624991223,2128.1071197977485,2983,1,0,-0.0070568138498166991,0.0002298864767329923,4.7873368710078799e-05,0.00027775984544307111,2,0,1.1180424005197341e-06,5.363498628980827e-05,nan,nan
1101,1665705600000000000,202210,1102,1103,0.00079589823033721346,0.00079589823033721346,0,0,0.16803589256101722,0,0,0.90994194673811124,0.010465973530009769,0.46020396013406212,0.44973798660405223,0.00066584796624991223,2126.5060827880034,2976,1,0,0.00010039335883063818,0.00041776141023599231,0,0.00041776141023599231,2,0,4.775389382023281e-07,5.3540236500482412e-05,nan,nan
1102,1665964800000000000,202210,1103,1104,0.0015442910041026331,0.0015442910041026331,0,0,0.16958018356511986,0,0,0.90839765573400866,0.011550491580646432,0.45997407365732912,0.44842358207668259,0.00066584796624991223,2122.3153147045664,2969,1,0,0.0096711369121409135,0.0014431432824999189,8.8236329007084001e-05,0.0015313796115070028,4,0,9.2657460246157995e-07,5.3383759771033644e-05,nan,nan
1103,1666051200000000000,202210,1104,1105,0.00080540724345266835,0.00080540724345266835,0,0,0.17038559080857252,0,0,0.9075922484905562,0.011980148957093125,0.45978619872382614,0.44780604976673283,0.00066584796624991223,2119.2888101334711,2960,1,0,-0.0029323618538708565,0.0016611804098567928,8.8236329007084001e-05,0.0017494167388638767,4,0,4.8324434607160099e-07,5.3310244019849143e-05,nan,nan
1104,1666137600000000000,202210,1105,1106,0.069708918905797931,0.0017797060744797531,0.067929212831318087,0,0.24009450971437046,0,0.25,0.91819854854415117,0.008436988750185153,0.4633177686471695,0.45488077989698378,0.0006657113012331783,2141.6833960220733,2997,1,0,-2.1252178632690328e-05,0.00044257430345918762,0,0.00044257430345918762,1,0,4.1825351343478759e-05,5.4152473797259976e-05,nan,nan
1105,1666224000000000000,202210,1106,1107,0.0012685701578245344,0.0012685701578245344,0,0,0.24136307987219499,0,0,0.91692997838632684,0.0086746877759829658,0.46280233308115615,0.45412764530517269,0.0006657113012331783,2137.8421267815243,2985,1,0,0.0044631780873386527,0,6.2169716820061015e-06,6.2169716820061015e-06,1,1,7.6114209469472067e-07,5.4062814917282463e-05,nan,nan
1106,1666310400000000000,202210,1107,1108,4.6213622651654723e-06,4.6213622651654723e-06,0,0,0.24136770123446016,0,0,0.91692535702406175,0.0086793091382481105,0.46280233308115615,0.45412302394290754,0.0006657113012331783,2137.8206933184606,2984,1,1,-0.01049639408363528,0,0,0,0,0,2.7728173590992832e-09,5.4062264755108047e-05,-0.01049639408363528,-0.010550459121207747
1107,1666569600000000000,202210,1108,1109,6.3234459159126598e-05,6.3234459159126598e-05,0,0,0.24143093569361929,0,0,0.91686212256490252,0.0086351209057867542,0.46274862173534592,0.45411350082955865,0.0006657113012331783,2137.5417014488066,2980,1,1,0.00041969719952216449,0,0,0,0,0,3.794067549547596e-08,5.4061131051137935e-05,0.00041969719952216449,0.00036559812779553107
1108,1666656000000000000,202210,1109,1110,0.001152328702335316,0.001152328702335316,0,0,0.2425832643959546,0,0,0.91570979386256723,0.0097874496081220425,0.46274862173534592,0.45296117212722337,0.0006657113012331783,2135.2151074462708,2972,1,1,0.0026599807935990148,0,0,0,0,0,6.9139722140118957e-07,5.3923949062764689e-05,0.0026599807935990148,0.0026053654473148489
1109,1666742400000000000,202210,1110,1111,0.057416735604045269,0.0007505906519640448,0.056666144952081221,0,0.29999999999999988,0,0.22540377896582353,0.92493676756459819,0.008162726162569918,0.46654974686358514,0.45838702070101522,0.0006655670483114996,2153.8419449716303,3000,1,0,0.0001098479547890102,5.0504252586834095e-05,0,5.0504252586834095e-05,1,0,3.4450041362427166e-05,5.456988341678753e-05,nan,nan
1110,1666828800000000000,202210,1111,1112,0.00023080606425304617,0.00023080606425304617,0,0,0.3002308060642529,0.00023080606425290862,0,0.92470596150034523,0.0079783826295758246,0.46634217206496154,0.45836378943538569,0.0006655670483114996,2153.001108580776,2991,1,0,0.0029536520194335262,5.0504252586834095e-05,0,5.0504252586834095e-05,1,0,1.3848363855182769e-07,5.4567117789926875e-05,nan,nan
1111,1666915200000000000,202210,1112,1113,0.00082312869124758165,0.00082312869124758165,0,0,0.30105393475550046,0.0010539347555004741,0,0.92388283280909766,0.0078428552441449639,0.46586284402662231,0.45801998878247729,0.0006655670483114996,2150.3334126672462,2985,1,0,-0.0015897584527771128,0.00010324385977478033,0,0.00010324385977478033,1,0,4.9387721474854904e-07,5.4526189140771106e-05,nan,nan
1112,1667174400000000000,202210,1113,1114,3.5433781449907351e-05,3.5433781449907351e-05,0,0,0.3010893685369504,0.001089368536950408,0,0.92384739902764779,0.0078522433664127717,0.46584982119703128,0.45799757783061845,0.0006655670483114996,2150.1699893962868,2979,1,0,0.0080130037367442813,0.00010324385977478033,0,0.00010324385977478033,1,0,2.126026886994441e-08,5.452352117031172e-05,nan,nan
1113,1667260800000000000,202211,1114,1115,0.0020658919074999335,0.0020658919074999335,0,0,0.0020658919074999335,0,0,0.92178150712014784,0.0091716978509231595,0.46547660248553646,0.45630490463461332,0.0006655670483114996,2145.323475522126,2970,1,1,0.0049911126039641025,0,0,0,0,0,1.2395351444999603e-06,5.4322012456501589e-05,0.0049911126039641025,0.0049355510563631006
1114,1667347200000000000,202211,1115,1116,0.06463234867441893,0.0014828428832146679,0.063149505791204194,0,0.066698240581918866,0,0.25,0.92992708532143531,0.0077496335785097546,0.46883835944997415,0.4610887258714641,0.0006657679908744702,2159.7980136015076,3000,1,0,-0.0025103976404106157,0.00021044211787489301,0,0.00021044211787489301,1,0,3.8779409204651361e-05,5.4891514984698101e-05,nan,nan
1115,1667433600000000000,202211,1116,1117,0.0014120050388922373,0.0014120050388922373,0,0,0.068110245620811097,0,0,0.92851508028254282,0.0089451049687165312,0.46873009262563142,0.45978498765691467,0.0006657679908744702,2157.7367050330322,2985,1,0,-0.0003799218861646875,0.00021044211787489301,0,0.00021044211787489301,1,0,8.4720302333534233e-07,5.4736308054394601e-05,nan,nan
1116,1667520000000000000,202211,1117,1118,0.0022385286199691923,0.0022385286199691923,0,0,0.070348774240780287,0,0,0.92627655166257361,0.010762749352935976,0.46851965050775657,0.45775690115482032,0.0006657679908744702,2153.0215649740944,2975,1,1,-0.00087887213795515852,0,0,0,0,0,1.3431171719815153e-06,5.4494869185097659e-05,-0.00087887213795515852,-0.00093471012431223775
1117,1667779200000000000,202211,1118,1119,0.00060759747903941575,0.00060759747903941575,0,0,0.070956371719819708,0,0,0.92566895418353401,0.010186621490563876,0.4679277878370508,0.45774116634648671,0.0006657679908744702,2151.2489260855614,2968,1,0,0.0056416185817365584,0,0.00012610057590848366,0.00012610057590848366,1,0,3.6455848742364945e-07,5.4492995993629374e-05,nan,nan
1118,1667865600000000000,202211,1119,1120,0.00053543633653746405,0.00053543633653746405,0,0,0.071491808056357173,0,0,0.92513351784699693,0.010578816021195979,0.46785616693409815,0.45727735091290184,0.0006657679908744702,2149.8796543134908,2962,1,0,-0.025568046239692839,0,0.00012610057590848366,0.00012610057590848366,1,0,3.2126180192247846e-07,5.4437779870583551e-05,nan,nan
1119,1667952000000000000,202211,1120,1121,0.064512239517715966,0.0014529552656332397,0.063059284252082709,0,0.13600404757407314,0,0.25,0.93165821410910044,0.0090238284651225544,0.47034102128711341,0.4613171928219898,0.00066603017475064317,2159.8959739492843,2999,1,1,-0.018509232851577805,0,0,0,0,0,3.8707343710629586e-05,5.4918713431189259e-05,-0.018509232851577805,-0.018602858908719624
1120,1668038400000000000,202211,1121,1122,0.00083504214864843756,0.00083504214864843756,0,0,0.13683908972272157,0,0,0.93082317196045183,0.0097809660754947202,0.47030206901797528,0.4605211029424795,0.00066603017475064317,2157.5790570377849,2984,1,1,0.0067474603235381453,0,0,0,0,0,5.0102528918906251e-07,5.4823940826485654e-05,0.0067474603235381453,0.0066921353574224702
1121,1668124800000000000,202211,1122,1123,0.0021148823327068081,0.0021148823327068081,0,0,0.13895397205542839,0,0,0.9287082896277451,0.011895848408201567,0.47030206901797528,0.4584062206097726,0.00066603017475064317,2151.9794210456098,2974,1,0,-0.0054474000810601619,8.7449714650668554e-05,0,8.7449714650668554e-05,1,0,1.2689293996240848e-06,5.4572169120211018e-05,nan,nan
1122,1668384000000000000,202211,1123,1124,0.0022702393295089855,0.0022702393295089855,0,0,0.14122421138493738,0,0,0.926438050298236,0.012694237861734218,0.46956614407998715,0.45687190621825174,0.00066603017475064317,2147.0784316423637,2964,1,0,0.0097327445964196773,8.7449714650668554e-05,0,8.7449714650668554e-05,1,0,1.3621435977053914e-06,5.4389512645029966e-05,nan,nan
1123,1668470400000000000,202211,1124,1125,0.0016270360640111168,0.0016270360640111168,0,0,0.1428512474489485,0,0,0.92481101423422496,0.013858967600903667,0.46933499091756631,0.45547602331666148,0.00066603017475064317,2143.2537351662604,2956,1,0,0.0042127513205500178,0.00049661969454826255,0,0.00049661969454826255,1,0,9.7622163840667005e-07,5.4223336109126363e-05,nan,nan
1124,1668556800000000000,202211,1125,1126,0.06492784608952587,0.00029687066344105266,0.064630975426084855,0,0.20777909353847437,0,0.25,0.93107121780483626,0.010616878698259759,0.47084404825154991,0.46022716955329029,0.00066594413856734187,2153.3742852412256,3000,1,0,0.0048751349027380325,0.00050943606172864134,0,0.00050943606172864134,1,0,3.8956707653715524e-05,5.4788948756344082e-05,nan,nan
1125,1668643200000000000,202211,1126,1127,0.0015802321349128227,0.0015802321349128227,0,0,0.20935932567338719,0,0,0.9294909856699235,0.010873268689506901,0.47018212717971714,0.45930885849021014,0.00066594413856734187,2149.833419483492,2988,1,1,0.0054852641661314629,0,0,0,0,0,9.4813928094769355e-07,5.4679626010739302e-05,0.0054852641661314629,0.0054296364008397761
1126,1668729600000000000,202211,1127,1128,0.00036584467769356418,0.00036584467769356418,0,0,0.20972517035108076,0,0,0.92912514099222987,0.011239113367200465,0.47018212717971714,0.45894301381251651,0.00066594413856734187,2148.8027729394162,2983,1,0,0.00026102059560009484,0.00044081144140800568,9.6044692984461106e-05,0.00053685613439246683,3,0,2.1950680661613851e-07,5.463607307291863e-05,nan,nan
1127,1668988800000000000,202211,1128,1129,0.00059160836178861174,0.00059160836178861174,0,0,0.21031677871286938,0,0,0.92853353263044125,0.01183072172898908,0.47018212717971714,0.45835140545072789,0.00066594413856734187,2147.7066250689354,2980,1,0,-0.0059765108592070874,0.0014849475987544563,9.6044692984461106e-05,0.0015809922917389173,5,0,3.5496501707316706e-07,5.4565643506039034e-05,nan,nan
1128,1669075200000000000,202211,1129,1130,0.00060251368550152268,0.00060251368550152268,0,0,0.2109192923983709,0,0,0.92793101894493968,0.011453585096468771,0.46969230202070622,0.45823871692423723,0.00066594413856734187,2145.6522545765533,2972,1,0,0.0016262685199900033,0.0010441361573464505,0,0.0010441361573464505,2,0,3.6150821130091362e-07,5.4552228205266338e-05,nan,nan
1129,1669161600000000000,202211,1130,1131,0.068899232256888279,0.0018414025851303181,0.067057829671757926,0,0.27981852465525919,0,0.25,0.93199283083385942,0.0084050365251796145,0.47019893367952009,0.46179389715433949,0.00066607058767062977,2154.5127996715901,2998,1,1,0.0039819119290323696,0,0,0,0,0,4.1339539354132969e-05,5.4975463946945174e-05,0.0039819119290323696,0.0038855969257312914
1130,1669334400000000000,202211,1131,1132,5.6918166088098481e-05,5.6918166088098481e-05,0,0,0.2798754428213473,0,0,0.93193591266777132,0.008461954691267707,0.47019893367952009,0.46173697898825139,0.00066607058767062977,2154.2607448661647,2994,1,1,-0.0020795584821591373,0,0,0,0,0,3.4150899652859091e-08,5.4968687974791834e-05,-0.0020795584821591373,-0.0021345613210335822
1131,1669593600000000000,202211,1132,1133,0.0008027851782014835,0.0008027851782014835,0,0,0.28067822799954878,0,0,0.93113312748956978,0.0089801926560118001,0.4700566600727914,0.4610764674167786,0.00066607058767062977,2152.8703168677093,2989,1,1,-0.01041384040503522,0,0,0,0,0,4.8167110692089008e-07,5.4890055644854601e-05,-0.01041384040503522,-0.010469212131786995
1132,1669680000000000000,202211,1133,1134,0.00020026164120796235,0.00020026164120796235,0,0,0.28087848964075673,0,0,0.93093286584836177,0.0091804542972197273,0.4700566600727914,0.46087620577557065,0.00066607058767062977,2152.1430391991571,2985,1,0,-0.0037045163765577049,0,0.00035364647289304704,0.00035364647289304704,2,0,1.201569847247774e-07,5.4866214973282217e-05,nan,nan
1133,1669766400000000000,202211,1134,1135,0.00017043039888401374,0.00017043039888401374,0,0,0.28104892003964077,0,0,0.93076243544947768,0.0093508846961037426,0.4700566600727914,0.46070577537668661,0.00066607058767062977,2151.4868307581078,2980,1,0,-0.0016466578787004559,0,0.00035364647289304704,0.00035364647289304704,2,0,1.0225823933040824e-07,5.4845925640081735e-05,nan,nan
1134,1669852800000000000,202212,1135,1136,0.071851059304377879,0.002374810789673892,0.069476248514704006,0,0.071851059304377879,0,0.25,0.93322327247016801,0.0079804374782113784,0.47060185497418905,0.46262141749597729,0.00066627157938447645,2158.1019782233229,2997,1,1,0.0039103392016493696,0,0,0,0,0,4.311063558262673e-05,5.5073978273330635e-05,0.0039103392016493696,0.0038121545877934124
1135,1669939200000000000,202212,1136,1137,0.00020646257480727581,0.00020646257480727581,0,0,0.072057521879185155,0,0,0.93301680989536073,0.0081132092497278943,0.47056500957254366,0.46245180032281535,0.00066627157938447645,2157.2879759806215,2991,1,0,0.0045762504871668473,0.00066070892409254497,0,0.00066070892409254497,1,0,1.2387754488436548e-07,5.505378575271611e-05,nan,nan
1136,1670198400000000000,202212,1137,1138,0.00030433676224109294,0.00030433676224109294,0,0,0.072361858641426247,0,0,0.93271247313311967,0.0083353826802142431,0.47052392790666631,0.46218854522645159,0.00066627157938447645,2156.0675295989549,2984,1,0,0.0021790855592243924,0.00066070892409254497,0,0.00066070892409254497,1,0,1.8260205734465575e-07,5.5022445860291859e-05,nan,nan
1137,1670284800000000000,202212,1138,1139,0.0013943836677397094,0.0013943836677397094,0,0,0.073756242309165956,0,0,0.93131808946538008,0.0078413899032894196,0.46957973968433397,0.46173834978104417,0.00066627157938447645,2152.9585417952758,2976,1,1,-0.0061803724645479504,0,0,0,0,0,8.3663020064382554e-07,5.4968851164410017e-05,-0.0061803724645479504,-0.006236177945913004
1138,1670371200000000000,202212,1139,1140,0.00061157922423903978,0.00061157922423903978,0,0,0.074367821533405001,0,0,0.93070651024114093,0.0080173070076185321,0.46936190862437899,0.46134460161676005,0.00066627157938447645,2151.1231388356027,2968,1,1,-0.00096992713167144739,0,0,0,0,0,3.6694753454342388e-07,5.4921976382947622e-05,-0.00096992713167144739,-0.0010252160555889384
1139,1670457600000000000,202212,1140,1141,0.073346847667521711,0.0016391274942506731,0.071707720173270997,0,0.14771466920092671,0,0.25,0.93261061508543086,0.0072423258764020447,0.46992647048091835,0.46268414460451723,0.00066629964381089834,2157.2130462008736,3000,1,0,2.6740001947451889e-05,0.00028383388429263211,0,0.00028383388429263211,1,1,4.4008108600513032e-05,5.5081445786252059e-05,nan,nan
1140,1670544000000000000,202212,1141,1142,0.0017631017183551126,0.0017631017183551126,0,0,0.14947777091928183,0,0,0.93084751336707583,0.0090054275947571948,0.46992647048091835,0.46092104288616209,0.00066629964381089834,2152.6058855988772,2993,1,0,-0.0052096453053266595,0.00031517142335235035,0,0.00031517142335235035,1,0,1.0578610310130674e-06,5.4871552724543113e-05,nan,nan
1141,1670803200000000000,202212,1142,1143,0.0024553845719216209,0.0024553845719216209,0,0,0.15193315549120345,0,0,0.9283921287951542,0.011460812166678786,0.46992647048091835,0.45846565831424047,0.00066629964381089834,2147.992439712038,2987,1,0,3.4741396933642806e-05,0.00031517142335235035,0,0.00031517142335235035,1,0,1.4732307431529724e-06,5.4579245037409573e-05,nan,nan
1142,1670889600000000000,202212,1143,1144,0.00066051159688060236,0.00066051159688060236,0,0,0.15259366708808406,0,0,0.92773161719827368,0.01103881032131058,0.46938521375979397,0.45834640343848421,0.00066629964381089834,2145.7280542620483,2980,1,0,0.0075855253785589577,0.00016905667140655535,0,0.00016905667140655535,1,0,3.9630695812836145e-07,5.4565048028390981e-05,nan,nan
1143,1670976000000000000,202212,1144,1145,0.00076480933191411498,0.00076480933191411498,0,0,0.15335847641999817,0,0,0.92696680786635954,0.01180361965322471,0.46938521375979397,0.45758159410657012,0.00066629964381089834,2144.2466680561661,2977,1,0,0.00061877331698440821,0.0018463974073304702,0,0.0018463974073304702,5,0,4.5888559914846897e-07,5.4473999298401208e-05,nan,nan
1144,1671062400000000000,202212,1145,1146,0.077207588053425397,0.0018169697492251644,0.075390618304200241,0,0.23056606447342357,0,0.25,0.92829927790937405,0.0093327229360594156,0.46881600042271521,0.45948327748665585,0.00066619716315548857,2150.0137663208952,2999,1,0,0.0074321736782301416,0.0016796912270848321,0,0.0016796912270848321,4,0,4.6324552832055239e-05,5.470039017698284e-05,nan,nan
1145,1671148800000000000,202212,1146,1147,0.00316521970192494,0.00316521970192494,0,0,0.2337312841753485,0,0,0.92513405820744898,0.0078726604755387005,0.46650335934149245,0.45863069886595381,0.00066619716315548857,2141.7571141832204,2982,1,1,0.0010462210470453749,0,0,0,0,0,1.8991318211549639e-06,5.4598892722137358e-05,0.0010462210470453749,0.00098972302250208252
1146,1671408000000000000,202212,1147,1148,0.001062167958398376,0.001062167958398376,0,0,0.23479345213374686,0,0,0.92407189024905068,0.0089348284339370743,0.46650335934149245,0.45756853090755545,0.00066619716315548857,2138.8296372218615,2973,1,1,-0.0014086591967684497,0,0,0,0,0,6.3730077503902564e-07,5.4472444155661363e-05,-0.0014086591967684497,-0.0014637689416991499
1147,1671494400000000000,202212,1148,1149,0.0016220643065558565,0.0016220643065558565,0,0,0.23641551644030273,0,0,0.92244982594249469,0.010556892740492933,0.46650335934149245,0.45594646660099958,0.00066619716315548857,2135.4576666544026,2966,1,0,0.0017546185948010278,0.00020640566708189347,0,0.00020640566708189347,1,0,9.7323858393351389e-07,5.4279341262023753e-05,nan,nan
1148,1671580800000000000,202212,1149,1150,0.00078477334295673463,0.00078477334295673463,0,0,0.23720028978325947,0,0,0.92166505259953824,0.011341666083449678,0.46650335934149245,0.4551616932580429,0.00066619716315548857,2133.6523452031515,2963,1,0,0.0044058285860666376,0.00047608742306621052,0,0.00047608742306621052,2,0,4.7086400577404077e-07,5.4185915864052726e-05,nan,nan
1149,1671667200000000000,202212,1150,1151,0.062799710216740426,0.00083771860440769001,0.061961991612332748,0,0.29999999999999988,0,0.20528099771646133,0.92311804428379363,0.0092918399316233025,0.4662049421077073,0.45691310217608272,0.00066555606690740007,2138.5380670306231,2999,1,0,0.0047457707935666289,0.00029311237163543905,0,0.00029311237163543905,1,0,3.7679826130044259e-05,5.4394416925724137e-05,nan,nan
1150,1671753600000000000,202212,1151,1152,0.0018260720922907417,0.0018260720922907417,0,0,0.30182607209229062,0.0018260720922906315,0,0.92129197219150283,0.010404182630858606,0.46584807741117962,0.45544389478031971,0.00066555606690740007,2135.1068080289547,2989,1,1,0.00047118126684323987,0,0,0,0,0,1.0956432553744449e-06,5.4219511283371398e-05,0.00047118126684323987,0.00041586611230449403
1151,1672099200000000000,202212,1152,1153,0.00045050664324133637,0.00045050664324133637,0,0,0.30227657873553193,0.0022765787355319422,0,0.9208414655482613,0.0099625320039461035,0.46540199877610267,0.4554394667721553,0.00066555606690740007,2134.0875316768343,2987,1,0,-0.011059021294938668,0.0009738944639864789,0,0.0009738944639864789,2,0,2.7030398594480181e-07,5.4218984139542295e-05,nan,nan
1152,1672185600000000000,202212,1153,1154,0.00092670518942712709,0.00092670518942712709,0,0,0.30320328392495904,0.003203283924959055,0,0.91991476035883402,0.010672590044455459,0.46529367520164377,0.45462108515718713,0.00066555606690740007,2131.3892660893207,2981,1,0,-0.00037057459000428483,0.0009738944639864789,0,0.0009738944639864789,2,0,5.560231136562763e-07,5.412155775680799e-05,nan,nan
1153,1672272000000000000,202212,1154,1155,0.0015887473122874571,0.0015887473122874571,0,0,0.30479203123724652,0.0047920312372465301,0,0.91832601304654649,0.010313548428769956,0.46431978073765728,0.45400623230888615,0.00066555606690740007,2127.8829431714121,2977,0,0,0,0,0,0,0,0,9.5324838737247428e-07,5.4048360989153109e-05,nan,nan
1154,1672358400000000000,202212,1155,1155,0.00038220780816858497,0.00038220780816858497,0,0,0.30517423904541513,0.005174239045415141,0,0.91794380523837793,0.010695756236938539,0.46431978073765728,0.45362402450071759,0.00066555606690740007,2126.6373420312425,2973,0,0,0,0,0,0,0,0,2.2932468490115101e-07,5.4002860059609234e-05,nan,nan
