item_id,canonical_code,statement,section,data_type,unit_type,sign_convention,is_derived,definition,citation,alias_scheme,alias_code,coalesce_priority,valid_from,valid_to,vendor,vendor_field,sign_note
1001,revenue,income,income_statement,duration,monetary,positive,false,Total Revenue,cross_vendor_field_map.md section 2.1 Income statement,,,,1900-01-01,,bloomberg,IS_TOTAL_REVENUE,
1001,revenue,income,income_statement,duration,monetary,positive,false,Total Revenue,cross_vendor_field_map.md section 2.1 Income statement,,,,1900-01-01,,bloomberg,SALES_REV_TURN,
1001,revenue,income,income_statement,duration,monetary,positive,false,Total Revenue,cross_vendor_field_map.md section 2.1 Income statement,,,,1900-01-01,,ciq,IQ_TOTAL_REV,
1001,revenue,income,income_statement,duration,monetary,positive,false,Total Revenue,cross_vendor_field_map.md section 2.1 Income statement,,,,1900-01-01,,ciq,dataItemId=100174,
1001,revenue,income,income_statement,duration,monetary,positive,false,Total Revenue,cross_vendor_field_map.md section 2.1 Income statement,,,,1900-01-01,,compustat,revt,
1001,revenue,income,income_statement,duration,monetary,positive,false,Total Revenue,cross_vendor_field_map.md section 2.1 Income statement,,,,1900-01-01,,compustat,revtq,
1001,revenue,income,income_statement,duration,monetary,positive,false,Total Revenue,cross_vendor_field_map.md section 2.1 Income statement,,,,1900-01-01,,factset,FF_SALES,
1001,revenue,income,income_statement,duration,monetary,positive,false,Total Revenue,cross_vendor_field_map.md section 2.1 Income statement,,,,1900-01-01,,sharadar,revenue,
1001,revenue,income,income_statement,duration,monetary,positive,false,Total Revenue,cross_vendor_field_map.md section 2.1 Income statement,,,,1900-01-01,,worldscope,01001,
1001,revenue,income,income_statement,duration,monetary,positive,false,Total Revenue,cross_vendor_field_map.md section 2.1 Income statement,,,,1900-01-01,,worldscope,WS.NetSales,
1001,revenue,income,income_statement,duration,monetary,positive,false,Total Revenue,cross_vendor_field_map.md section 2.1 Income statement,us-gaap,RevenueFromContractWithCustomerExcludingAssessedTax,10,1900-01-01,,,,
1001,revenue,income,income_statement,duration,monetary,positive,false,Total Revenue,cross_vendor_field_map.md section 2.1 Income statement,us-gaap,Revenues,20,1900-01-01,,,,
1001,revenue,income,income_statement,duration,monetary,positive,false,Total Revenue,cross_vendor_field_map.md section 2.1 Income statement,us-gaap,SalesRevenueNet,30,1900-01-01,2018-01-01,,,
1002,sales_legacy,income,income_statement,duration,monetary,positive,false,Sales (legacy),cross_vendor_field_map.md section 2.1 Income statement,,,,1900-01-01,,bloomberg,IS_TOTAL_REVENUE,
1002,sales_legacy,income,income_statement,duration,monetary,positive,false,Sales (legacy),cross_vendor_field_map.md section 2.1 Income statement,,,,1900-01-01,,ciq,IQ_TOTAL_REV,
1002,sales_legacy,income,income_statement,duration,monetary,positive,false,Sales (legacy),cross_vendor_field_map.md section 2.1 Income statement,,,,1900-01-01,,compustat,sale,
1002,sales_legacy,income,income_statement,duration,monetary,positive,false,Sales (legacy),cross_vendor_field_map.md section 2.1 Income statement,,,,1900-01-01,,compustat,saleq,
1002,sales_legacy,income,income_statement,duration,monetary,positive,false,Sales (legacy),cross_vendor_field_map.md section 2.1 Income statement,,,,1900-01-01,,factset,FF_SALES,
1002,sales_legacy,income,income_statement,duration,monetary,positive,false,Sales (legacy),cross_vendor_field_map.md section 2.1 Income statement,,,,1900-01-01,,sharadar,revenue,
1002,sales_legacy,income,income_statement,duration,monetary,positive,false,Sales (legacy),cross_vendor_field_map.md section 2.1 Income statement,,,,1900-01-01,,worldscope,01001,
1003,cost_of_revenue_cogs,income,income_statement,duration,monetary,positive_expense,false,Cost of Revenue / COGS,cross_vendor_field_map.md section 2.1 Income statement,,,,1900-01-01,,bloomberg,IS_COGS,
1003,cost_of_revenue_cogs,income,income_statement,duration,monetary,positive_expense,false,Cost of Revenue / COGS,cross_vendor_field_map.md section 2.1 Income statement,,,,1900-01-01,,bloomberg,IS_COG_AND_SERVICES_SOLD,
1003,cost_of_revenue_cogs,income,income_statement,duration,monetary,positive_expense,false,Cost of Revenue / COGS,cross_vendor_field_map.md section 2.1 Income statement,,,,1900-01-01,,ciq,IQ_COGS,
1003,cost_of_revenue_cogs,income,income_statement,duration,monetary,positive_expense,false,Cost of Revenue / COGS,cross_vendor_field_map.md section 2.1 Income statement,,,,1900-01-01,,compustat,cogs,
1003,cost_of_revenue_cogs,income,income_statement,duration,monetary,positive_expense,false,Cost of Revenue / COGS,cross_vendor_field_map.md section 2.1 Income statement,,,,1900-01-01,,compustat,cogsq,
1003,cost_of_revenue_cogs,income,income_statement,duration,monetary,positive_expense,false,Cost of Revenue / COGS,cross_vendor_field_map.md section 2.1 Income statement,,,,1900-01-01,,factset,FF_COGS,
1003,cost_of_revenue_cogs,income,income_statement,duration,monetary,positive_expense,false,Cost of Revenue / COGS,cross_vendor_field_map.md section 2.1 Income statement,,,,1900-01-01,,sharadar,cor,
1003,cost_of_revenue_cogs,income,income_statement,duration,monetary,positive_expense,false,Cost of Revenue / COGS,cross_vendor_field_map.md section 2.1 Income statement,,,,1900-01-01,,worldscope,01051,
1003,cost_of_revenue_cogs,income,income_statement,duration,monetary,positive_expense,false,Cost of Revenue / COGS,cross_vendor_field_map.md section 2.1 Income statement,,,,1900-01-01,,worldscope,WS.CostofGoodsSold,
1003,cost_of_revenue_cogs,income,income_statement,duration,monetary,positive_expense,false,Cost of Revenue / COGS,cross_vendor_field_map.md section 2.1 Income statement,us-gaap,CostOfGoodsAndServicesSold,10,1900-01-01,,,,
1003,cost_of_revenue_cogs,income,income_statement,duration,monetary,positive_expense,false,Cost of Revenue / COGS,cross_vendor_field_map.md section 2.1 Income statement,us-gaap,CostOfGoodsSold,30,1900-01-01,,,,
1003,cost_of_revenue_cogs,income,income_statement,duration,monetary,positive_expense,false,Cost of Revenue / COGS,cross_vendor_field_map.md section 2.1 Income statement,us-gaap,CostOfRevenue,20,1900-01-01,,,,
1004,gross_profit__1004,income,income_statement,duration,monetary,positive,false,Gross Profit,cross_vendor_field_map.md section 2.1 Income statement,,,,1900-01-01,,bloomberg,GROSS_PROFIT,
1004,gross_profit__1004,income,income_statement,duration,monetary,positive,false,Gross Profit,cross_vendor_field_map.md section 2.1 Income statement,,,,1900-01-01,,ciq,IQ_GROSS_PROFIT,
1004,gross_profit__1004,income,income_statement,duration,monetary,positive,false,Gross Profit,cross_vendor_field_map.md section 2.1 Income statement,,,,1900-01-01,,ciq,dataItemId=112,
1004,gross_profit__1004,income,income_statement,duration,monetary,positive,false,Gross Profit,cross_vendor_field_map.md section 2.1 Income statement,,,,1900-01-01,,factset,FF_GROSS_INC,
1004,gross_profit__1004,income,income_statement,duration,monetary,positive,false,Gross Profit,cross_vendor_field_map.md section 2.1 Income statement,,,,1900-01-01,,sharadar,gp,
1004,gross_profit__1004,income,income_statement,duration,monetary,positive,false,Gross Profit,cross_vendor_field_map.md section 2.1 Income statement,,,,1900-01-01,,worldscope,01100,
1004,gross_profit__1004,income,income_statement,duration,monetary,positive,false,Gross Profit,cross_vendor_field_map.md section 2.1 Income statement,us-gaap,GrossProfit,10,1900-01-01,,,,
1005,sg_and_a,income,income_statement,duration,monetary,positive,false,SG&A,cross_vendor_field_map.md section 2.1 Income statement,,,,1900-01-01,,bloomberg,SG_AND_A_EXPENSE,
1005,sg_and_a,income,income_statement,duration,monetary,positive,false,SG&A,cross_vendor_field_map.md section 2.1 Income statement,,,,1900-01-01,,ciq,IQ_SGA,
1005,sg_and_a,income,income_statement,duration,monetary,positive,false,SG&A,cross_vendor_field_map.md section 2.1 Income statement,,,,1900-01-01,,compustat,xsga,
1005,sg_and_a,income,income_statement,duration,monetary,positive,false,SG&A,cross_vendor_field_map.md section 2.1 Income statement,,,,1900-01-01,,compustat,xsgaq,
1005,sg_and_a,income,income_statement,duration,monetary,positive,false,SG&A,cross_vendor_field_map.md section 2.1 Income statement,,,,1900-01-01,,factset,FF_SGA,
1005,sg_and_a,income,income_statement,duration,monetary,positive,false,SG&A,cross_vendor_field_map.md section 2.1 Income statement,,,,1900-01-01,,sharadar,sgna,
1005,sg_and_a,income,income_statement,duration,monetary,positive,false,SG&A,cross_vendor_field_map.md section 2.1 Income statement,,,,1900-01-01,,worldscope,01101,
1005,sg_and_a,income,income_statement,duration,monetary,positive,false,SG&A,cross_vendor_field_map.md section 2.1 Income statement,us-gaap,SellingGeneralAndAdministrativeExpense,10,1900-01-01,,,,
1006,selling_expense_only,income,income_statement,duration,monetary,positive_expense,false,Selling expense (only),cross_vendor_field_map.md section 2.1 Income statement,,,,1900-01-01,,bloomberg,IS_SELLING_EXP,
1006,selling_expense_only,income,income_statement,duration,monetary,positive_expense,false,Selling expense (only),cross_vendor_field_map.md section 2.1 Income statement,,,,1900-01-01,,factset,FF_SGA_SELL,
1006,selling_expense_only,income,income_statement,duration,monetary,positive_expense,false,Selling expense (only),cross_vendor_field_map.md section 2.1 Income statement,us-gaap,SellingAndMarketingExpense,10,1900-01-01,,,,
1007,g_and_a_expense_only,income,income_statement,duration,monetary,positive_expense,false,G&A expense (only),cross_vendor_field_map.md section 2.1 Income statement,,,,1900-01-01,,bloomberg,IS_GEN_ADMIN_EXP,
1007,g_and_a_expense_only,income,income_statement,duration,monetary,positive_expense,false,G&A expense (only),cross_vendor_field_map.md section 2.1 Income statement,,,,1900-01-01,,factset,FF_SGA_GEN_ADMIN,
1007,g_and_a_expense_only,income,income_statement,duration,monetary,positive_expense,false,G&A expense (only),cross_vendor_field_map.md section 2.1 Income statement,us-gaap,GeneralAndAdministrativeExpense,10,1900-01-01,,,,
1008,r_and_d_expense,income,income_statement,duration,monetary,positive_expense,false,R&D Expense,cross_vendor_field_map.md section 2.1 Income statement,,,,1900-01-01,,bloomberg,IS_OPER_RD,
1008,r_and_d_expense,income,income_statement,duration,monetary,positive_expense,false,R&D Expense,cross_vendor_field_map.md section 2.1 Income statement,,,,1900-01-01,,bloomberg,IS_RD_EXPEND,
1008,r_and_d_expense,income,income_statement,duration,monetary,positive_expense,false,R&D Expense,cross_vendor_field_map.md section 2.1 Income statement,,,,1900-01-01,,ciq,IQ_RD_EXP,
1008,r_and_d_expense,income,income_statement,duration,monetary,positive_expense,false,R&D Expense,cross_vendor_field_map.md section 2.1 Income statement,,,,1900-01-01,,compustat,xrd,
1008,r_and_d_expense,income,income_statement,duration,monetary,positive_expense,false,R&D Expense,cross_vendor_field_map.md section 2.1 Income statement,,,,1900-01-01,,compustat,xrdq,
1008,r_and_d_expense,income,income_statement,duration,monetary,positive_expense,false,R&D Expense,cross_vendor_field_map.md section 2.1 Income statement,,,,1900-01-01,,factset,FF_RD_EXP,
1008,r_and_d_expense,income,income_statement,duration,monetary,positive_expense,false,R&D Expense,cross_vendor_field_map.md section 2.1 Income statement,,,,1900-01-01,,sharadar,rnd,
1008,r_and_d_expense,income,income_statement,duration,monetary,positive_expense,false,R&D Expense,cross_vendor_field_map.md section 2.1 Income statement,,,,1900-01-01,,worldscope,01101A,unverified source mapping
1008,r_and_d_expense,income,income_statement,duration,monetary,positive_expense,false,R&D Expense,cross_vendor_field_map.md section 2.1 Income statement,us-gaap,ResearchAndDevelopmentExpense,10,1900-01-01,,,,
1009,advertising,income,income_statement,duration,monetary,positive,false,Advertising,cross_vendor_field_map.md section 2.1 Income statement,,,,1900-01-01,,compustat,xad,
1009,advertising,income,income_statement,duration,monetary,positive,false,Advertising,cross_vendor_field_map.md section 2.1 Income statement,,,,1900-01-01,,factset,FF_SGA_MKT,unverified source mapping
1009,advertising,income,income_statement,duration,monetary,positive,false,Advertising,cross_vendor_field_map.md section 2.1 Income statement,us-gaap,AdvertisingExpense,10,1900-01-01,,,,
1010,operating_expenses_total,income,income_statement,duration,monetary,positive_expense,false,Operating Expenses (total),cross_vendor_field_map.md section 2.1 Income statement,,,,1900-01-01,,bloomberg,IS_OPER_EXPN,
1010,operating_expenses_total,income,income_statement,duration,monetary,positive_expense,false,Operating Expenses (total),cross_vendor_field_map.md section 2.1 Income statement,,,,1900-01-01,,ciq,IQ_OPER_EXP,unverified source mapping
1010,operating_expenses_total,income,income_statement,duration,monetary,positive_expense,false,Operating Expenses (total),cross_vendor_field_map.md section 2.1 Income statement,,,,1900-01-01,,factset,FF_OPER_EXP,unverified source mapping
1010,operating_expenses_total,income,income_statement,duration,monetary,positive_expense,false,Operating Expenses (total),cross_vendor_field_map.md section 2.1 Income statement,,,,1900-01-01,,sharadar,opex,
1010,operating_expenses_total,income,income_statement,duration,monetary,positive_expense,false,Operating Expenses (total),cross_vendor_field_map.md section 2.1 Income statement,us-gaap,OperatingExpenses,10,1900-01-01,,,,
1011,d_and_a_income_statement,income,income_statement,duration,monetary,positive,false,D&A (Income statement),cross_vendor_field_map.md section 2.1 Income statement,,,,1900-01-01,,bloomberg,IS_AMORT_EXP,
1011,d_and_a_income_statement,income,income_statement,duration,monetary,positive,false,D&A (Income statement),cross_vendor_field_map.md section 2.1 Income statement,,,,1900-01-01,,bloomberg,IS_DEPRECIATION_EXP,
1011,d_and_a_income_statement,income,income_statement,duration,monetary,positive,false,D&A (Income statement),cross_vendor_field_map.md section 2.1 Income statement,,,,1900-01-01,,ciq,IQ_DA_IS,
1011,d_and_a_income_statement,income,income_statement,duration,monetary,positive,false,D&A (Income statement),cross_vendor_field_map.md section 2.1 Income statement,,,,1900-01-01,,compustat,dp,
1011,d_and_a_income_statement,income,income_statement,duration,monetary,positive,false,D&A (Income statement),cross_vendor_field_map.md section 2.1 Income statement,,,,1900-01-01,,compustat,dpq,
1011,d_and_a_income_statement,income,income_statement,duration,monetary,positive,false,D&A (Income statement),cross_vendor_field_map.md section 2.1 Income statement,,,,1900-01-01,,factset,FF_DEP_AMORT_EXP,
1011,d_and_a_income_statement,income,income_statement,duration,monetary,positive,false,D&A (Income statement),cross_vendor_field_map.md section 2.1 Income statement,,,,1900-01-01,,sharadar,depamor,
1011,d_and_a_income_statement,income,income_statement,duration,monetary,positive,false,D&A (Income statement),cross_vendor_field_map.md section 2.1 Income statement,,,,1900-01-01,,worldscope,01201,
1011,d_and_a_income_statement,income,income_statement,duration,monetary,positive,false,D&A (Income statement),cross_vendor_field_map.md section 2.1 Income statement,us-gaap,DepreciationAndAmortization,10,1900-01-01,,,,
1012,depreciation_only,income,income_statement,duration,monetary,positive,false,Depreciation only,cross_vendor_field_map.md section 2.1 Income statement,,,,1900-01-01,,bloomberg,IS_DEPRECIATION_EXP,
1012,depreciation_only,income,income_statement,duration,monetary,positive,false,Depreciation only,cross_vendor_field_map.md section 2.1 Income statement,us-gaap,Depreciation,10,1900-01-01,,,,
1013,amortization_of_intangibles,income,income_statement,duration,monetary,positive,false,Amortization of intangibles,cross_vendor_field_map.md section 2.1 Income statement,,,,1900-01-01,,bloomberg,IS_AMORT_EXP,
1013,amortization_of_intangibles,income,income_statement,duration,monetary,positive,false,Amortization of intangibles,cross_vendor_field_map.md section 2.1 Income statement,,,,1900-01-01,,compustat,am,
1013,amortization_of_intangibles,income,income_statement,duration,monetary,positive,false,Amortization of intangibles,cross_vendor_field_map.md section 2.1 Income statement,,,,1900-01-01,,factset,FF_AMORT_EXP,
1013,amortization_of_intangibles,income,income_statement,duration,monetary,positive,false,Amortization of intangibles,cross_vendor_field_map.md section 2.1 Income statement,us-gaap,AmortizationOfIntangibleAssets,10,1900-01-01,,,,
1014,operating_income,income,income_statement,duration,monetary,positive,false,Operating Income,cross_vendor_field_map.md section 2.1 Income statement,,,,1900-01-01,,bloomberg,IS_OPER_INC,
1014,operating_income,income,income_statement,duration,monetary,positive,false,Operating Income,cross_vendor_field_map.md section 2.1 Income statement,,,,1900-01-01,,ciq,IQ_OPER_INC,
1014,operating_income,income,income_statement,duration,monetary,positive,false,Operating Income,cross_vendor_field_map.md section 2.1 Income statement,,,,1900-01-01,,compustat,oiadp,
1014,operating_income,income,income_statement,duration,monetary,positive,false,Operating Income,cross_vendor_field_map.md section 2.1 Income statement,,,,1900-01-01,,compustat,oiadpq,
1014,operating_income,income,income_statement,duration,monetary,positive,false,Operating Income,cross_vendor_field_map.md section 2.1 Income statement,,,,1900-01-01,,factset,FF_OPER_INC,
1014,operating_income,income,income_statement,duration,monetary,positive,false,Operating Income,cross_vendor_field_map.md section 2.1 Income statement,,,,1900-01-01,,sharadar,opinc,
1014,operating_income,income,income_statement,duration,monetary,positive,false,Operating Income,cross_vendor_field_map.md section 2.1 Income statement,,,,1900-01-01,,worldscope,01250,
1014,operating_income,income,income_statement,duration,monetary,positive,false,Operating Income,cross_vendor_field_map.md section 2.1 Income statement,us-gaap,OperatingIncomeLoss,10,1900-01-01,,,,
1015,operating_income_before_d_and_a_ebitda_ish,income,income_statement,duration,monetary,positive,true,Operating Income before D&A (EBITDA-ish),cross_vendor_field_map.md section 2.1 Income statement,,,,1900-01-01,,bloomberg,EBITDA,
1015,operating_income_before_d_and_a_ebitda_ish,income,income_statement,duration,monetary,positive,true,Operating Income before D&A (EBITDA-ish),cross_vendor_field_map.md section 2.1 Income statement,,,,1900-01-01,,ciq,IQ_EBITDA_OPER,unverified source mapping
1015,operating_income_before_d_and_a_ebitda_ish,income,income_statement,duration,monetary,positive,true,Operating Income before D&A (EBITDA-ish),cross_vendor_field_map.md section 2.1 Income statement,,,,1900-01-01,,compustat,oibdp,
1015,operating_income_before_d_and_a_ebitda_ish,income,income_statement,duration,monetary,positive,true,Operating Income before D&A (EBITDA-ish),cross_vendor_field_map.md section 2.1 Income statement,,,,1900-01-01,,compustat,oibdpq,
1015,operating_income_before_d_and_a_ebitda_ish,income,income_statement,duration,monetary,positive,true,Operating Income before D&A (EBITDA-ish),cross_vendor_field_map.md section 2.1 Income statement,,,,1900-01-01,,factset,FF_EBITDA_OPER,
1015,operating_income_before_d_and_a_ebitda_ish,income,income_statement,duration,monetary,positive,true,Operating Income before D&A (EBITDA-ish),cross_vendor_field_map.md section 2.1 Income statement,,,,1900-01-01,,sharadar,ebitda,
1015,operating_income_before_d_and_a_ebitda_ish,income,income_statement,duration,monetary,positive,true,Operating Income before D&A (EBITDA-ish),cross_vendor_field_map.md section 2.1 Income statement,,,,1900-01-01,,worldscope,01266,
1016,ebitda_standardised,income,income_statement,duration,monetary,positive,true,EBITDA (standardised),cross_vendor_field_map.md section 2.1 Income statement,,,,1900-01-01,,bloomberg,EBITDA,
1016,ebitda_standardised,income,income_statement,duration,monetary,positive,true,EBITDA (standardised),cross_vendor_field_map.md section 2.1 Income statement,,,,1900-01-01,,ciq,IQ_EBITDA,
1016,ebitda_standardised,income,income_statement,duration,monetary,positive,true,EBITDA (standardised),cross_vendor_field_map.md section 2.1 Income statement,,,,1900-01-01,,ciq,dataItemId=164,
1016,ebitda_standardised,income,income_statement,duration,monetary,positive,true,EBITDA (standardised),cross_vendor_field_map.md section 2.1 Income statement,,,,1900-01-01,,compustat,ebitda,
1016,ebitda_standardised,income,income_statement,duration,monetary,positive,true,EBITDA (standardised),cross_vendor_field_map.md section 2.1 Income statement,,,,1900-01-01,,factset,FF_EBITDA,
1016,ebitda_standardised,income,income_statement,duration,monetary,positive,true,EBITDA (standardised),cross_vendor_field_map.md section 2.1 Income statement,,,,1900-01-01,,sharadar,ebitda,
1016,ebitda_standardised,income,income_statement,duration,monetary,positive,true,EBITDA (standardised),cross_vendor_field_map.md section 2.1 Income statement,,,,1900-01-01,,worldscope,01266,
1017,ebit__1017,income,income_statement,duration,monetary,positive,true,EBIT,cross_vendor_field_map.md section 2.1 Income statement,,,,1900-01-01,,bloomberg,EBIT,
1017,ebit__1017,income,income_statement,duration,monetary,positive,true,EBIT,cross_vendor_field_map.md section 2.1 Income statement,,,,1900-01-01,,ciq,IQ_EBIT,
1017,ebit__1017,income,income_statement,duration,monetary,positive,true,EBIT,cross_vendor_field_map.md section 2.1 Income statement,,,,1900-01-01,,ciq,dataItemId=21,
1017,ebit__1017,income,income_statement,duration,monetary,positive,true,EBIT,cross_vendor_field_map.md section 2.1 Income statement,,,,1900-01-01,,compustat,ebit,
1017,ebit__1017,income,income_statement,duration,monetary,positive,true,EBIT,cross_vendor_field_map.md section 2.1 Income statement,,,,1900-01-01,,factset,FF_EBIT,
1017,ebit__1017,income,income_statement,duration,monetary,positive,true,EBIT,cross_vendor_field_map.md section 2.1 Income statement,,,,1900-01-01,,sharadar,ebit,
1017,ebit__1017,income,income_statement,duration,monetary,positive,true,EBIT,cross_vendor_field_map.md section 2.1 Income statement,,,,1900-01-01,,worldscope,01254,
1018,interest_expense_total,income,income_statement,duration,monetary,positive_expense,false,Interest Expense (total),cross_vendor_field_map.md section 2.1 Income statement,,,,1900-01-01,,bloomberg,IS_INT_EXPENSE,
1018,interest_expense_total,income,income_statement,duration,monetary,positive_expense,false,Interest Expense (total),cross_vendor_field_map.md section 2.1 Income statement,,,,1900-01-01,,ciq,IQ_INT_EXP,
1018,interest_expense_total,income,income_statement,duration,monetary,positive_expense,false,Interest Expense (total),cross_vendor_field_map.md section 2.1 Income statement,,,,1900-01-01,,compustat,xint,
1018,interest_expense_total,income,income_statement,duration,monetary,positive_expense,false,Interest Expense (total),cross_vendor_field_map.md section 2.1 Income statement,,,,1900-01-01,,compustat,xintq,
1018,interest_expense_total,income,income_statement,duration,monetary,positive_expense,false,Interest Expense (total),cross_vendor_field_map.md section 2.1 Income statement,,,,1900-01-01,,factset,FF_INT_EXP_TOT,
1018,interest_expense_total,income,income_statement,duration,monetary,positive_expense,false,Interest Expense (total),cross_vendor_field_map.md section 2.1 Income statement,,,,1900-01-01,,sharadar,intexp,
1018,interest_expense_total,income,income_statement,duration,monetary,positive_expense,false,Interest Expense (total),cross_vendor_field_map.md section 2.1 Income statement,,,,1900-01-01,,worldscope,01301,
1018,interest_expense_total,income,income_statement,duration,monetary,positive_expense,false,Interest Expense (total),cross_vendor_field_map.md section 2.1 Income statement,us-gaap,InterestExpense,10,1900-01-01,,,,
1019,interest_expense_debt_only,income,income_statement,duration,monetary,positive_expense,false,Interest Expense (debt only),cross_vendor_field_map.md section 2.1 Income statement,,,,1900-01-01,,factset,FF_INT_EXP_DEBT,
1019,interest_expense_debt_only,income,income_statement,duration,monetary,positive_expense,false,Interest Expense (debt only),cross_vendor_field_map.md section 2.1 Income statement,us-gaap,InterestExpenseDebt,10,1900-01-01,,,,
1020,interest_income,income,income_statement,duration,monetary,positive,false,Interest Income,cross_vendor_field_map.md section 2.1 Income statement,,,,1900-01-01,,bloomberg,IS_INT_INC,
1020,interest_income,income,income_statement,duration,monetary,positive,false,Interest Income,cross_vendor_field_map.md section 2.1 Income statement,,,,1900-01-01,,ciq,IQ_INT_INC,unverified source mapping
1020,interest_income,income,income_statement,duration,monetary,positive,false,Interest Income,cross_vendor_field_map.md section 2.1 Income statement,,,,1900-01-01,,factset,FF_INT_INC,
1020,interest_income,income,income_statement,duration,monetary,positive,false,Interest Income,cross_vendor_field_map.md section 2.1 Income statement,us-gaap,InterestIncome,10,1900-01-01,,,,
1020,interest_income,income,income_statement,duration,monetary,positive,false,Interest Income,cross_vendor_field_map.md section 2.1 Income statement,us-gaap,InvestmentIncomeInterest,20,1900-01-01,,,,
1021,non_operating_income_expense,income,income_statement,duration,monetary,positive_expense,false,Non-operating Income (Expense),cross_vendor_field_map.md section 2.1 Income statement,,,,1900-01-01,,compustat,nopi,
1021,non_operating_income_expense,income,income_statement,duration,monetary,positive_expense,false,Non-operating Income (Expense),cross_vendor_field_map.md section 2.1 Income statement,,,,1900-01-01,,factset,FF_NON_OPER_INC,
1021,non_operating_income_expense,income,income_statement,duration,monetary,positive_expense,false,Non-operating Income (Expense),cross_vendor_field_map.md section 2.1 Income statement,us-gaap,NonoperatingIncomeExpense,10,1900-01-01,,,,
1022,special_items,income,income_statement,duration,monetary,positive,false,Special Items,cross_vendor_field_map.md section 2.1 Income statement,,,,1900-01-01,,compustat,spi,
1022,special_items,income,income_statement,duration,monetary,positive,false,Special Items,cross_vendor_field_map.md section 2.1 Income statement,,,,1900-01-01,,factset,FF_SPECIAL_ITEMS,
1022,special_items,income,income_statement,duration,monetary,positive,false,Special Items,cross_vendor_field_map.md section 2.1 Income statement,us-gaap,AssetImpairmentCharges,20,1900-01-01,,,,
1022,special_items,income,income_statement,duration,monetary,positive,false,Special Items,cross_vendor_field_map.md section 2.1 Income statement,us-gaap,RestructuringCharges,10,1900-01-01,,,,
1023,pretax_income,income,income_statement,duration,monetary,positive_expense,false,Pretax Income,cross_vendor_field_map.md section 2.1 Income statement,,,,1900-01-01,,bloomberg,IS_PRETAX_INC,
1023,pretax_income,income,income_statement,duration,monetary,positive_expense,false,Pretax Income,cross_vendor_field_map.md section 2.1 Income statement,,,,1900-01-01,,ciq,IQ_PRETAX_INC,
1023,pretax_income,income,income_statement,duration,monetary,positive_expense,false,Pretax Income,cross_vendor_field_map.md section 2.1 Income statement,,,,1900-01-01,,compustat,pi,
1023,pretax_income,income,income_statement,duration,monetary,positive_expense,false,Pretax Income,cross_vendor_field_map.md section 2.1 Income statement,,,,1900-01-01,,compustat,piq,
1023,pretax_income,income,income_statement,duration,monetary,positive_expense,false,Pretax Income,cross_vendor_field_map.md section 2.1 Income statement,,,,1900-01-01,,factset,FF_PRETAX_INC,
1023,pretax_income,income,income_statement,duration,monetary,positive_expense,false,Pretax Income,cross_vendor_field_map.md section 2.1 Income statement,,,,1900-01-01,,sharadar,ebt,
1023,pretax_income,income,income_statement,duration,monetary,positive_expense,false,Pretax Income,cross_vendor_field_map.md section 2.1 Income statement,,,,1900-01-01,,worldscope,01401,
1023,pretax_income,income,income_statement,duration,monetary,positive_expense,false,Pretax Income,cross_vendor_field_map.md section 2.1 Income statement,us-gaap,IncomeLossFromContinuingOperationsBeforeIncomeTaxesExtraordinaryItemsNoncontrollingInterest,10,1900-01-01,,,,
1024,income_tax_total,income,income_statement,duration,monetary,positive_expense,false,Income Tax (total),cross_vendor_field_map.md section 2.1 Income statement,,,,1900-01-01,,bloomberg,IS_INC_TAX_EXP,
1024,income_tax_total,income,income_statement,duration,monetary,positive_expense,false,Income Tax (total),cross_vendor_field_map.md section 2.1 Income statement,,,,1900-01-01,,ciq,IQ_INCOME_TAX,
1024,income_tax_total,income,income_statement,duration,monetary,positive_expense,false,Income Tax (total),cross_vendor_field_map.md section 2.1 Income statement,,,,1900-01-01,,compustat,txt,
1024,income_tax_total,income,income_statement,duration,monetary,positive_expense,false,Income Tax (total),cross_vendor_field_map.md section 2.1 Income statement,,,,1900-01-01,,compustat,txtq,
1024,income_tax_total,income,income_statement,duration,monetary,positive_expense,false,Income Tax (total),cross_vendor_field_map.md section 2.1 Income statement,,,,1900-01-01,,factset,FF_INC_TAX,
1024,income_tax_total,income,income_statement,duration,monetary,positive_expense,false,Income Tax (total),cross_vendor_field_map.md section 2.1 Income statement,,,,1900-01-01,,sharadar,taxexp,
1024,income_tax_total,income,income_statement,duration,monetary,positive_expense,false,Income Tax (total),cross_vendor_field_map.md section 2.1 Income statement,,,,1900-01-01,,worldscope,01451,
1024,income_tax_total,income,income_statement,duration,monetary,positive_expense,false,Income Tax (total),cross_vendor_field_map.md section 2.1 Income statement,us-gaap,IncomeTaxExpenseBenefit,10,1900-01-01,,,,
1025,current_tax,income,income_statement,duration,monetary,positive_expense,false,Current tax,cross_vendor_field_map.md section 2.1 Income statement,,,,1900-01-01,,bloomberg,IS_CURRENT_TAX_EXPENSE,
1025,current_tax,income,income_statement,duration,monetary,positive_expense,false,Current tax,cross_vendor_field_map.md section 2.1 Income statement,,,,1900-01-01,,compustat,txc,
1025,current_tax,income,income_statement,duration,monetary,positive_expense,false,Current tax,cross_vendor_field_map.md section 2.1 Income statement,,,,1900-01-01,,factset,FF_INC_TAX_CURR,
1025,current_tax,income,income_statement,duration,monetary,positive_expense,false,Current tax,cross_vendor_field_map.md section 2.1 Income statement,us-gaap,CurrentIncomeTaxExpenseBenefit,10,1900-01-01,,,,
1026,deferred_tax,income,income_statement,duration,monetary,positive_expense,false,Deferred tax,cross_vendor_field_map.md section 2.1 Income statement,,,,1900-01-01,,bloomberg,IS_DEFERRED_TAX_EXPENSE,
1026,deferred_tax,income,income_statement,duration,monetary,positive_expense,false,Deferred tax,cross_vendor_field_map.md section 2.1 Income statement,,,,1900-01-01,,compustat,txdi,
1026,deferred_tax,income,income_statement,duration,monetary,positive_expense,false,Deferred tax,cross_vendor_field_map.md section 2.1 Income statement,,,,1900-01-01,,factset,FF_INC_TAX_DEFER,
1026,deferred_tax,income,income_statement,duration,monetary,positive_expense,false,Deferred tax,cross_vendor_field_map.md section 2.1 Income statement,us-gaap,DeferredIncomeTaxExpenseBenefit,10,1900-01-01,,,,
1027,minority_interest_p_and_l,income,income_statement,duration,monetary,positive,false,Minority Interest (P&L),cross_vendor_field_map.md section 2.1 Income statement,,,,1900-01-01,,bloomberg,IS_MIN_NONCONTROL_INTEREST_CREDIT,
1027,minority_interest_p_and_l,income,income_statement,duration,monetary,positive,false,Minority Interest (P&L),cross_vendor_field_map.md section 2.1 Income statement,,,,1900-01-01,,ciq,IQ_MINORITY_NI,unverified source mapping
1027,minority_interest_p_and_l,income,income_statement,duration,monetary,positive,false,Minority Interest (P&L),cross_vendor_field_map.md section 2.1 Income statement,,,,1900-01-01,,compustat,mii,
1027,minority_interest_p_and_l,income,income_statement,duration,monetary,positive,false,Minority Interest (P&L),cross_vendor_field_map.md section 2.1 Income statement,,,,1900-01-01,,factset,FF_MIN_INT_INC,
1027,minority_interest_p_and_l,income,income_statement,duration,monetary,positive,false,Minority Interest (P&L),cross_vendor_field_map.md section 2.1 Income statement,us-gaap,MinorityInterestInNetIncomeLoss,20,1900-01-01,,,,
1027,minority_interest_p_and_l,income,income_statement,duration,monetary,positive,false,Minority Interest (P&L),cross_vendor_field_map.md section 2.1 Income statement,us-gaap,NetIncomeLossAttributableToNoncontrollingInterest,10,1900-01-01,,,,
1028,equity_in_affiliates,income,income_statement,duration,monetary,positive,false,Equity in Affiliates,cross_vendor_field_map.md section 2.1 Income statement,,,,1900-01-01,,factset,FF_EQ_AFF_INC,
1028,equity_in_affiliates,income,income_statement,duration,monetary,positive,false,Equity in Affiliates,cross_vendor_field_map.md section 2.1 Income statement,us-gaap,IncomeLossFromEquityMethodInvestments,10,1900-01-01,,,,
1029,income_before_extraordinary,income,income_statement,duration,monetary,positive,false,Income Before Extraordinary,cross_vendor_field_map.md section 2.1 Income statement,,,,1900-01-01,,bloomberg,IS_INC_BEF_XO_ITEM,
1029,income_before_extraordinary,income,income_statement,duration,monetary,positive,false,Income Before Extraordinary,cross_vendor_field_map.md section 2.1 Income statement,,,,1900-01-01,,ciq,IQ_NI_CONT_OPS,
1029,income_before_extraordinary,income,income_statement,duration,monetary,positive,false,Income Before Extraordinary,cross_vendor_field_map.md section 2.1 Income statement,,,,1900-01-01,,compustat,ib,
1029,income_before_extraordinary,income,income_statement,duration,monetary,positive,false,Income Before Extraordinary,cross_vendor_field_map.md section 2.1 Income statement,,,,1900-01-01,,compustat,ibq,
1029,income_before_extraordinary,income,income_statement,duration,monetary,positive,false,Income Before Extraordinary,cross_vendor_field_map.md section 2.1 Income statement,,,,1900-01-01,,factset,FF_NET_INC,
1029,income_before_extraordinary,income,income_statement,duration,monetary,positive,false,Income Before Extraordinary,cross_vendor_field_map.md section 2.1 Income statement,,,,1900-01-01,,worldscope,01601,
1029,income_before_extraordinary,income,income_statement,duration,monetary,positive,false,Income Before Extraordinary,cross_vendor_field_map.md section 2.1 Income statement,us-gaap,IncomeLossFromContinuingOperations,10,1900-01-01,,,,
1030,discontinued_ops_ni,income,income_statement,duration,monetary,positive,false,Discontinued Ops NI,cross_vendor_field_map.md section 2.1 Income statement,,,,1900-01-01,,bloomberg,IS_EARN_FROM_DISC_OPS,
1030,discontinued_ops_ni,income,income_statement,duration,monetary,positive,false,Discontinued Ops NI,cross_vendor_field_map.md section 2.1 Income statement,,,,1900-01-01,,compustat,xido,
1030,discontinued_ops_ni,income,income_statement,duration,monetary,positive,false,Discontinued Ops NI,cross_vendor_field_map.md section 2.1 Income statement,,,,1900-01-01,,factset,FF_NET_INC_DISC,
1030,discontinued_ops_ni,income,income_statement,duration,monetary,positive,false,Discontinued Ops NI,cross_vendor_field_map.md section 2.1 Income statement,,,,1900-01-01,,sharadar,netincdis,
1030,discontinued_ops_ni,income,income_statement,duration,monetary,positive,false,Discontinued Ops NI,cross_vendor_field_map.md section 2.1 Income statement,us-gaap,IncomeLossFromDiscontinuedOperationsNetOfTax,10,1900-01-01,,,,
1031,net_income_total,income,income_statement,duration,monetary,positive,false,Net Income (Total),cross_vendor_field_map.md section 2.1 Income statement,,,,1900-01-01,,bloomberg,NET_INCOME,
1031,net_income_total,income,income_statement,duration,monetary,positive,false,Net Income (Total),cross_vendor_field_map.md section 2.1 Income statement,,,,1900-01-01,,ciq,IQ_NI,
1031,net_income_total,income,income_statement,duration,monetary,positive,false,Net Income (Total),cross_vendor_field_map.md section 2.1 Income statement,,,,1900-01-01,,ciq,dataItemId=142,
1031,net_income_total,income,income_statement,duration,monetary,positive,false,Net Income (Total),cross_vendor_field_map.md section 2.1 Income statement,,,,1900-01-01,,compustat,ni,
1031,net_income_total,income,income_statement,duration,monetary,positive,false,Net Income (Total),cross_vendor_field_map.md section 2.1 Income statement,,,,1900-01-01,,compustat,niq,
1031,net_income_total,income,income_statement,duration,monetary,positive,false,Net Income (Total),cross_vendor_field_map.md section 2.1 Income statement,,,,1900-01-01,,factset,FF_NET_INC_TOT,
1031,net_income_total,income,income_statement,duration,monetary,positive,false,Net Income (Total),cross_vendor_field_map.md section 2.1 Income statement,,,,1900-01-01,,sharadar,netinc,
1031,net_income_total,income,income_statement,duration,monetary,positive,false,Net Income (Total),cross_vendor_field_map.md section 2.1 Income statement,,,,1900-01-01,,worldscope,01751,
1031,net_income_total,income,income_statement,duration,monetary,positive,false,Net Income (Total),cross_vendor_field_map.md section 2.1 Income statement,us-gaap,NetIncomeLoss,10,1900-01-01,,,,
1032,net_income_to_common,income,income_statement,duration,monetary,positive,false,Net Income to Common,cross_vendor_field_map.md section 2.1 Income statement,,,,1900-01-01,,bloomberg,NET_INCOME_TO_COMMON,
1032,net_income_to_common,income,income_statement,duration,monetary,positive,false,Net Income to Common,cross_vendor_field_map.md section 2.1 Income statement,,,,1900-01-01,,ciq,IQ_NI_COMMON,
1032,net_income_to_common,income,income_statement,duration,monetary,positive,false,Net Income to Common,cross_vendor_field_map.md section 2.1 Income statement,,,,1900-01-01,,compustat,ibcom,
1032,net_income_to_common,income,income_statement,duration,monetary,positive,false,Net Income to Common,cross_vendor_field_map.md section 2.1 Income statement,,,,1900-01-01,,compustat,ibcomq,
1032,net_income_to_common,income,income_statement,duration,monetary,positive,false,Net Income to Common,cross_vendor_field_map.md section 2.1 Income statement,,,,1900-01-01,,factset,FF_NET_INC_AVAIL,
1032,net_income_to_common,income,income_statement,duration,monetary,positive,false,Net Income to Common,cross_vendor_field_map.md section 2.1 Income statement,,,,1900-01-01,,sharadar,netinccmn,
1032,net_income_to_common,income,income_statement,duration,monetary,positive,false,Net Income to Common,cross_vendor_field_map.md section 2.1 Income statement,,,,1900-01-01,,worldscope,01706,
1032,net_income_to_common,income,income_statement,duration,monetary,positive,false,Net Income to Common,cross_vendor_field_map.md section 2.1 Income statement,us-gaap,NetIncomeLossAvailableToCommonStockholdersBasic,10,1900-01-01,,,,
1033,preferred_dividends,income,income_statement,duration,monetary,positive_expense,false,Preferred Dividends,cross_vendor_field_map.md section 2.1 Income statement,,,,1900-01-01,,bloomberg,CF_PFD_DVDS_PAID,
1033,preferred_dividends,income,income_statement,duration,monetary,positive_expense,false,Preferred Dividends,cross_vendor_field_map.md section 2.1 Income statement,,,,1900-01-01,,ciq,IQ_PREF_DIV_PAID,
1033,preferred_dividends,income,income_statement,duration,monetary,positive_expense,false,Preferred Dividends,cross_vendor_field_map.md section 2.1 Income statement,,,,1900-01-01,,ciq,dataItemId=1281,
1033,preferred_dividends,income,income_statement,duration,monetary,positive_expense,false,Preferred Dividends,cross_vendor_field_map.md section 2.1 Income statement,,,,1900-01-01,,compustat,dvp,
1033,preferred_dividends,income,income_statement,duration,monetary,positive_expense,false,Preferred Dividends,cross_vendor_field_map.md section 2.1 Income statement,,,,1900-01-01,,compustat,dvpy,
1033,preferred_dividends,income,income_statement,duration,monetary,positive_expense,false,Preferred Dividends,cross_vendor_field_map.md section 2.1 Income statement,,,,1900-01-01,,factset,FF_DIV_PFD,
1033,preferred_dividends,income,income_statement,duration,monetary,positive_expense,false,Preferred Dividends,cross_vendor_field_map.md section 2.1 Income statement,,,,1900-01-01,,sharadar,prefdivis,
1033,preferred_dividends,income,income_statement,duration,monetary,positive_expense,false,Preferred Dividends,cross_vendor_field_map.md section 2.1 Income statement,us-gaap,PreferredStockDividends,10,1900-01-01,,,,
1034,eps_basic__1034,income,income_statement,duration,per_share,positive,false,EPS  Basic,cross_vendor_field_map.md section 2.1 Income statement,,,,1900-01-01,,bloomberg,IS_BASIC_EPS,
1034,eps_basic__1034,income,income_statement,duration,per_share,positive,false,EPS  Basic,cross_vendor_field_map.md section 2.1 Income statement,,,,1900-01-01,,ciq,IQ_BASIC_EPS_EXCL,
1034,eps_basic__1034,income,income_statement,duration,per_share,positive,false,EPS  Basic,cross_vendor_field_map.md section 2.1 Income statement,,,,1900-01-01,,ciq,dataItemId=1001,
1034,eps_basic__1034,income,income_statement,duration,per_share,positive,false,EPS  Basic,cross_vendor_field_map.md section 2.1 Income statement,,,,1900-01-01,,compustat,epspx,
1034,eps_basic__1034,income,income_statement,duration,per_share,positive,false,EPS  Basic,cross_vendor_field_map.md section 2.1 Income statement,,,,1900-01-01,,compustat,epspxq,
1034,eps_basic__1034,income,income_statement,duration,per_share,positive,false,EPS  Basic,cross_vendor_field_map.md section 2.1 Income statement,,,,1900-01-01,,factset,FF_EPS_BASIC,
1034,eps_basic__1034,income,income_statement,duration,per_share,positive,false,EPS  Basic,cross_vendor_field_map.md section 2.1 Income statement,,,,1900-01-01,,sharadar,eps,
1034,eps_basic__1034,income,income_statement,duration,per_share,positive,false,EPS  Basic,cross_vendor_field_map.md section 2.1 Income statement,,,,1900-01-01,,worldscope,05001,
1034,eps_basic__1034,income,income_statement,duration,per_share,positive,false,EPS  Basic,cross_vendor_field_map.md section 2.1 Income statement,us-gaap,EarningsPerShareBasic,10,1900-01-01,,,,
1035,eps_diluted,income,income_statement,duration,per_share,positive,false,EPS  Diluted,cross_vendor_field_map.md section 2.1 Income statement,,,,1900-01-01,,bloomberg,IS_DILUTED_EPS,
1035,eps_diluted,income,income_statement,duration,per_share,positive,false,EPS  Diluted,cross_vendor_field_map.md section 2.1 Income statement,,,,1900-01-01,,ciq,IQ_DILUT_EPS_EXCL,
1035,eps_diluted,income,income_statement,duration,per_share,positive,false,EPS  Diluted,cross_vendor_field_map.md section 2.1 Income statement,,,,1900-01-01,,ciq,dataItemId=14,
1035,eps_diluted,income,income_statement,duration,per_share,positive,false,EPS  Diluted,cross_vendor_field_map.md section 2.1 Income statement,,,,1900-01-01,,compustat,epsfx,
1035,eps_diluted,income,income_statement,duration,per_share,positive,false,EPS  Diluted,cross_vendor_field_map.md section 2.1 Income statement,,,,1900-01-01,,compustat,epsfxq,
1035,eps_diluted,income,income_statement,duration,per_share,positive,false,EPS  Diluted,cross_vendor_field_map.md section 2.1 Income statement,,,,1900-01-01,,factset,FF_EPS_DIL,
1035,eps_diluted,income,income_statement,duration,per_share,positive,false,EPS  Diluted,cross_vendor_field_map.md section 2.1 Income statement,,,,1900-01-01,,sharadar,epsdil,
1035,eps_diluted,income,income_statement,duration,per_share,positive,false,EPS  Diluted,cross_vendor_field_map.md section 2.1 Income statement,,,,1900-01-01,,worldscope,05011,
1035,eps_diluted,income,income_statement,duration,per_share,positive,false,EPS  Diluted,cross_vendor_field_map.md section 2.1 Income statement,us-gaap,EarningsPerShareDiluted,10,1900-01-01,,,,
1036,eps_basic_incl_extra,income,income_statement,duration,per_share,positive,false,EPS  Basic incl. extra,cross_vendor_field_map.md section 2.1 Income statement,,,,1900-01-01,,bloomberg,IS_EPS_CONT_OPS,
1036,eps_basic_incl_extra,income,income_statement,duration,per_share,positive,false,EPS  Basic incl. extra,cross_vendor_field_map.md section 2.1 Income statement,,,,1900-01-01,,ciq,IQ_BASIC_EPS_INCL_EXTRA,
1036,eps_basic_incl_extra,income,income_statement,duration,per_share,positive,false,EPS  Basic incl. extra,cross_vendor_field_map.md section 2.1 Income statement,,,,1900-01-01,,ciq,dataItemId=1000,
1036,eps_basic_incl_extra,income,income_statement,duration,per_share,positive,false,EPS  Basic incl. extra,cross_vendor_field_map.md section 2.1 Income statement,,,,1900-01-01,,compustat,epspi,
1036,eps_basic_incl_extra,income,income_statement,duration,per_share,positive,false,EPS  Basic incl. extra,cross_vendor_field_map.md section 2.1 Income statement,,,,1900-01-01,,compustat,epspiq,
1036,eps_basic_incl_extra,income,income_statement,duration,per_share,positive,false,EPS  Basic incl. extra,cross_vendor_field_map.md section 2.1 Income statement,,,,1900-01-01,,factset,FF_EPS_BASIC_EXT,
1036,eps_basic_incl_extra,income,income_statement,duration,per_share,positive,false,EPS  Basic incl. extra,cross_vendor_field_map.md section 2.1 Income statement,us-gaap,IncomeLossFromContinuingOperationsPerBasicShare,10,1900-01-01,,,,
1037,eps_diluted_incl_extra,income,income_statement,duration,per_share,positive,false,EPS  Diluted incl. extra,cross_vendor_field_map.md section 2.1 Income statement,,,,1900-01-01,,bloomberg,IS_DIL_EPS_CONT_OPS,
1037,eps_diluted_incl_extra,income,income_statement,duration,per_share,positive,false,EPS  Diluted incl. extra,cross_vendor_field_map.md section 2.1 Income statement,,,,1900-01-01,,ciq,IQ_EPS_INCL_EXTRA,
1037,eps_diluted_incl_extra,income,income_statement,duration,per_share,positive,false,EPS  Diluted incl. extra,cross_vendor_field_map.md section 2.1 Income statement,,,,1900-01-01,,ciq,dataItemId=15,
1037,eps_diluted_incl_extra,income,income_statement,duration,per_share,positive,false,EPS  Diluted incl. extra,cross_vendor_field_map.md section 2.1 Income statement,,,,1900-01-01,,compustat,epsfi,
1037,eps_diluted_incl_extra,income,income_statement,duration,per_share,positive,false,EPS  Diluted incl. extra,cross_vendor_field_map.md section 2.1 Income statement,,,,1900-01-01,,compustat,epsfiq,
1037,eps_diluted_incl_extra,income,income_statement,duration,per_share,positive,false,EPS  Diluted incl. extra,cross_vendor_field_map.md section 2.1 Income statement,,,,1900-01-01,,factset,FF_EPS_DIL_EXT,
1037,eps_diluted_incl_extra,income,income_statement,duration,per_share,positive,false,EPS  Diluted incl. extra,cross_vendor_field_map.md section 2.1 Income statement,us-gaap,IncomeLossFromContinuingOperationsPerDilutedShare,10,1900-01-01,,,,
1038,eps_diluted_ltm,income,income_statement,duration,per_share,positive,true,EPS  Diluted LTM,cross_vendor_field_map.md section 2.1 Income statement,,,,1900-01-01,,bloomberg,TRAIL_12M_DIL_EPS_CONT_OPS,
1038,eps_diluted_ltm,income,income_statement,duration,per_share,positive,true,EPS  Diluted LTM,cross_vendor_field_map.md section 2.1 Income statement,,,,1900-01-01,,compustat,epsf12,
1038,eps_diluted_ltm,income,income_statement,duration,per_share,positive,true,EPS  Diluted LTM,cross_vendor_field_map.md section 2.1 Income statement,,,,1900-01-01,,factset,FF_EPS_DIL,
1039,shares_outstanding_period_end,income,income_statement,instant,quantity,positive,false,Shares Outstanding (period-end),cross_vendor_field_map.md section 2.1 Income statement,,,,1900-01-01,,bloomberg,BS_SH_OUT,
1039,shares_outstanding_period_end,income,income_statement,instant,quantity,positive,false,Shares Outstanding (period-end),cross_vendor_field_map.md section 2.1 Income statement,,,,1900-01-01,,bloomberg,EQY_SH_OUT,
1039,shares_outstanding_period_end,income,income_statement,instant,quantity,positive,false,Shares Outstanding (period-end),cross_vendor_field_map.md section 2.1 Income statement,,,,1900-01-01,,ciq,IQ_SHARES_OUT,
1039,shares_outstanding_period_end,income,income_statement,instant,quantity,positive,false,Shares Outstanding (period-end),cross_vendor_field_map.md section 2.1 Income statement,,,,1900-01-01,,compustat,csho,
1039,shares_outstanding_period_end,income,income_statement,instant,quantity,positive,false,Shares Outstanding (period-end),cross_vendor_field_map.md section 2.1 Income statement,,,,1900-01-01,,compustat,cshoq,
1039,shares_outstanding_period_end,income,income_statement,instant,quantity,positive,false,Shares Outstanding (period-end),cross_vendor_field_map.md section 2.1 Income statement,,,,1900-01-01,,factset,FF_SHS_OUTSTND,
1039,shares_outstanding_period_end,income,income_statement,instant,quantity,positive,false,Shares Outstanding (period-end),cross_vendor_field_map.md section 2.1 Income statement,,,,1900-01-01,,sharadar,sharesbas,
1039,shares_outstanding_period_end,income,income_statement,instant,quantity,positive,false,Shares Outstanding (period-end),cross_vendor_field_map.md section 2.1 Income statement,,,,1900-01-01,,worldscope,05101,
1039,shares_outstanding_period_end,income,income_statement,instant,quantity,positive,false,Shares Outstanding (period-end),cross_vendor_field_map.md section 2.1 Income statement,dei,EntityCommonStockSharesOutstanding,20,1900-01-01,,,,
1039,shares_outstanding_period_end,income,income_statement,instant,quantity,positive,false,Shares Outstanding (period-end),cross_vendor_field_map.md section 2.1 Income statement,us-gaap,CommonStockSharesOutstanding,10,1900-01-01,,,,
1040,weighted_avg_shares_basic,income,income_statement,duration,quantity,positive,false,Weighted Avg Shares  Basic,cross_vendor_field_map.md section 2.1 Income statement,,,,1900-01-01,,bloomberg,IS_AVG_NUM_SH_FOR_EPS,
1040,weighted_avg_shares_basic,income,income_statement,duration,quantity,positive,false,Weighted Avg Shares  Basic,cross_vendor_field_map.md section 2.1 Income statement,,,,1900-01-01,,ciq,IQ_BASIC_WEIGHT_AVG_SH,
1040,weighted_avg_shares_basic,income,income_statement,duration,quantity,positive,false,Weighted Avg Shares  Basic,cross_vendor_field_map.md section 2.1 Income statement,,,,1900-01-01,,compustat,cshpri,
1040,weighted_avg_shares_basic,income,income_statement,duration,quantity,positive,false,Weighted Avg Shares  Basic,cross_vendor_field_map.md section 2.1 Income statement,,,,1900-01-01,,compustat,cshprq,
1040,weighted_avg_shares_basic,income,income_statement,duration,quantity,positive,false,Weighted Avg Shares  Basic,cross_vendor_field_map.md section 2.1 Income statement,,,,1900-01-01,,factset,FF_SHS_BASIC,
1040,weighted_avg_shares_basic,income,income_statement,duration,quantity,positive,false,Weighted Avg Shares  Basic,cross_vendor_field_map.md section 2.1 Income statement,,,,1900-01-01,,sharadar,shareswa,
1040,weighted_avg_shares_basic,income,income_statement,duration,quantity,positive,false,Weighted Avg Shares  Basic,cross_vendor_field_map.md section 2.1 Income statement,,,,1900-01-01,,worldscope,05151,
1040,weighted_avg_shares_basic,income,income_statement,duration,quantity,positive,false,Weighted Avg Shares  Basic,cross_vendor_field_map.md section 2.1 Income statement,us-gaap,WeightedAverageNumberOfSharesOutstandingBasic,10,1900-01-01,,,,
1041,weighted_avg_shares_diluted,income,income_statement,duration,quantity,positive,false,Weighted Avg Shares  Diluted,cross_vendor_field_map.md section 2.1 Income statement,,,,1900-01-01,,bloomberg,IS_SH_FOR_DILUTED_EPS,
1041,weighted_avg_shares_diluted,income,income_statement,duration,quantity,positive,false,Weighted Avg Shares  Diluted,cross_vendor_field_map.md section 2.1 Income statement,,,,1900-01-01,,ciq,IQ_DILUT_WEIGHT_AVG_SH,
1041,weighted_avg_shares_diluted,income,income_statement,duration,quantity,positive,false,Weighted Avg Shares  Diluted,cross_vendor_field_map.md section 2.1 Income statement,,,,1900-01-01,,compustat,cshfd,
1041,weighted_avg_shares_diluted,income,income_statement,duration,quantity,positive,false,Weighted Avg Shares  Diluted,cross_vendor_field_map.md section 2.1 Income statement,,,,1900-01-01,,compustat,cshfdq,
1041,weighted_avg_shares_diluted,income,income_statement,duration,quantity,positive,false,Weighted Avg Shares  Diluted,cross_vendor_field_map.md section 2.1 Income statement,,,,1900-01-01,,factset,FF_SHS_DIL,
1041,weighted_avg_shares_diluted,income,income_statement,duration,quantity,positive,false,Weighted Avg Shares  Diluted,cross_vendor_field_map.md section 2.1 Income statement,,,,1900-01-01,,sharadar,shareswadil,
1041,weighted_avg_shares_diluted,income,income_statement,duration,quantity,positive,false,Weighted Avg Shares  Diluted,cross_vendor_field_map.md section 2.1 Income statement,,,,1900-01-01,,worldscope,05161,unverified source mapping
1041,weighted_avg_shares_diluted,income,income_statement,duration,quantity,positive,false,Weighted Avg Shares  Diluted,cross_vendor_field_map.md section 2.1 Income statement,us-gaap,WeightedAverageNumberOfDilutedSharesOutstanding,10,1900-01-01,,,,
1042,normalised_income,income,income_statement,duration,monetary,positive,true,Normalised Income,cross_vendor_field_map.md section 2.1 Income statement,,,,1900-01-01,,bloomberg,IS_NORMALIZED_INCOME,
1042,normalised_income,income,income_statement,duration,monetary,positive,true,Normalised Income,cross_vendor_field_map.md section 2.1 Income statement,,,,1900-01-01,,bloomberg,NORMALIZED_INCOME,
1043,common_dividends_declared_per_share,income,income_statement,duration,per_share,positive_expense,true,Common Dividends Declared per Share,cross_vendor_field_map.md section 2.1 Income statement,,,,1900-01-01,,bloomberg,DPS,
1043,common_dividends_declared_per_share,income,income_statement,duration,per_share,positive_expense,true,Common Dividends Declared per Share,cross_vendor_field_map.md section 2.1 Income statement,,,,1900-01-01,,ciq,IQ_DPS,
1043,common_dividends_declared_per_share,income,income_statement,duration,per_share,positive_expense,true,Common Dividends Declared per Share,cross_vendor_field_map.md section 2.1 Income statement,,,,1900-01-01,,compustat,dvpsx_f,
1043,common_dividends_declared_per_share,income,income_statement,duration,per_share,positive_expense,true,Common Dividends Declared per Share,cross_vendor_field_map.md section 2.1 Income statement,,,,1900-01-01,,factset,FF_DIV_PS,
1043,common_dividends_declared_per_share,income,income_statement,duration,per_share,positive_expense,true,Common Dividends Declared per Share,cross_vendor_field_map.md section 2.1 Income statement,,,,1900-01-01,,sharadar,dps,
1101,total_assets,balance,balance_sheet,instant,monetary,positive,false,Total Assets,cross_vendor_field_map.md section 2.2 Balance sheet,,,,1900-01-01,,bloomberg,BS_TOT_ASSET,
1101,total_assets,balance,balance_sheet,instant,monetary,positive,false,Total Assets,cross_vendor_field_map.md section 2.2 Balance sheet,,,,1900-01-01,,ciq,IQ_TOTAL_ASSETS,
1101,total_assets,balance,balance_sheet,instant,monetary,positive,false,Total Assets,cross_vendor_field_map.md section 2.2 Balance sheet,,,,1900-01-01,,ciq,dataItemId=1007,
1101,total_assets,balance,balance_sheet,instant,monetary,positive,false,Total Assets,cross_vendor_field_map.md section 2.2 Balance sheet,,,,1900-01-01,,compustat,at,
1101,total_assets,balance,balance_sheet,instant,monetary,positive,false,Total Assets,cross_vendor_field_map.md section 2.2 Balance sheet,,,,1900-01-01,,compustat,atq,
1101,total_assets,balance,balance_sheet,instant,monetary,positive,false,Total Assets,cross_vendor_field_map.md section 2.2 Balance sheet,,,,1900-01-01,,factset,FF_ASSETS,
1101,total_assets,balance,balance_sheet,instant,monetary,positive,false,Total Assets,cross_vendor_field_map.md section 2.2 Balance sheet,,,,1900-01-01,,sharadar,assets,
1101,total_assets,balance,balance_sheet,instant,monetary,positive,false,Total Assets,cross_vendor_field_map.md section 2.2 Balance sheet,,,,1900-01-01,,worldscope,02999,
1101,total_assets,balance,balance_sheet,instant,monetary,positive,false,Total Assets,cross_vendor_field_map.md section 2.2 Balance sheet,us-gaap,Assets,10,1900-01-01,,,,
1102,current_assets,balance,balance_sheet,instant,monetary,positive,false,Current Assets,cross_vendor_field_map.md section 2.2 Balance sheet,,,,1900-01-01,,bloomberg,BS_CUR_ASSET_REPORT,
1102,current_assets,balance,balance_sheet,instant,monetary,positive,false,Current Assets,cross_vendor_field_map.md section 2.2 Balance sheet,,,,1900-01-01,,ciq,IQ_CURRENT_ASSETS,
1102,current_assets,balance,balance_sheet,instant,monetary,positive,false,Current Assets,cross_vendor_field_map.md section 2.2 Balance sheet,,,,1900-01-01,,compustat,act,
1102,current_assets,balance,balance_sheet,instant,monetary,positive,false,Current Assets,cross_vendor_field_map.md section 2.2 Balance sheet,,,,1900-01-01,,compustat,actq,
1102,current_assets,balance,balance_sheet,instant,monetary,positive,false,Current Assets,cross_vendor_field_map.md section 2.2 Balance sheet,,,,1900-01-01,,factset,FF_ASSETS_CURR,
1102,current_assets,balance,balance_sheet,instant,monetary,positive,false,Current Assets,cross_vendor_field_map.md section 2.2 Balance sheet,,,,1900-01-01,,sharadar,assetsc,
1102,current_assets,balance,balance_sheet,instant,monetary,positive,false,Current Assets,cross_vendor_field_map.md section 2.2 Balance sheet,,,,1900-01-01,,worldscope,02201,
1102,current_assets,balance,balance_sheet,instant,monetary,positive,false,Current Assets,cross_vendor_field_map.md section 2.2 Balance sheet,us-gaap,AssetsCurrent,10,1900-01-01,,,,
1103,cash_and_st_investments,balance,balance_sheet,instant,monetary,positive,false,Cash & ST Investments,cross_vendor_field_map.md section 2.2 Balance sheet,,,,1900-01-01,,bloomberg,BS_CASH_NEAR_CASH_ITEM,
1103,cash_and_st_investments,balance,balance_sheet,instant,monetary,positive,false,Cash & ST Investments,cross_vendor_field_map.md section 2.2 Balance sheet,,,,1900-01-01,,ciq,IQ_CASH_ST_INVEST,
1103,cash_and_st_investments,balance,balance_sheet,instant,monetary,positive,false,Cash & ST Investments,cross_vendor_field_map.md section 2.2 Balance sheet,,,,1900-01-01,,ciq,dataItemId=1003,
1103,cash_and_st_investments,balance,balance_sheet,instant,monetary,positive,false,Cash & ST Investments,cross_vendor_field_map.md section 2.2 Balance sheet,,,,1900-01-01,,compustat,che,
1103,cash_and_st_investments,balance,balance_sheet,instant,monetary,positive,false,Cash & ST Investments,cross_vendor_field_map.md section 2.2 Balance sheet,,,,1900-01-01,,compustat,cheq,
1103,cash_and_st_investments,balance,balance_sheet,instant,monetary,positive,false,Cash & ST Investments,cross_vendor_field_map.md section 2.2 Balance sheet,,,,1900-01-01,,factset,FF_CASH_ST,
1103,cash_and_st_investments,balance,balance_sheet,instant,monetary,positive,false,Cash & ST Investments,cross_vendor_field_map.md section 2.2 Balance sheet,,,,1900-01-01,,sharadar,cashneq,
1103,cash_and_st_investments,balance,balance_sheet,instant,monetary,positive,false,Cash & ST Investments,cross_vendor_field_map.md section 2.2 Balance sheet,,,,1900-01-01,,worldscope,02001,
1104,cash_only,balance,balance_sheet,instant,monetary,positive,false,Cash only,cross_vendor_field_map.md section 2.2 Balance sheet,,,,1900-01-01,,bloomberg,BS_CASH,
1104,cash_only,balance,balance_sheet,instant,monetary,positive,false,Cash only,cross_vendor_field_map.md section 2.2 Balance sheet,,,,1900-01-01,,ciq,IQ_CASH,
1104,cash_only,balance,balance_sheet,instant,monetary,positive,false,Cash only,cross_vendor_field_map.md section 2.2 Balance sheet,,,,1900-01-01,,compustat,ch,
1104,cash_only,balance,balance_sheet,instant,monetary,positive,false,Cash only,cross_vendor_field_map.md section 2.2 Balance sheet,,,,1900-01-01,,compustat,chq,
1104,cash_only,balance,balance_sheet,instant,monetary,positive,false,Cash only,cross_vendor_field_map.md section 2.2 Balance sheet,,,,1900-01-01,,factset,FF_CASH,
1104,cash_only,balance,balance_sheet,instant,monetary,positive,false,Cash only,cross_vendor_field_map.md section 2.2 Balance sheet,,,,1900-01-01,,worldscope,02003,
1104,cash_only,balance,balance_sheet,instant,monetary,positive,false,Cash only,cross_vendor_field_map.md section 2.2 Balance sheet,us-gaap,Cash,10,1900-01-01,,,,
1104,cash_only,balance,balance_sheet,instant,monetary,positive,false,Cash only,cross_vendor_field_map.md section 2.2 Balance sheet,us-gaap,CashAndCashEquivalentsAtCarryingValue,20,1900-01-01,,,,
1105,short_term_investments,balance,balance_sheet,instant,monetary,positive,false,Short-Term Investments,cross_vendor_field_map.md section 2.2 Balance sheet,,,,1900-01-01,,bloomberg,BS_ST_INVEST,
1105,short_term_investments,balance,balance_sheet,instant,monetary,positive,false,Short-Term Investments,cross_vendor_field_map.md section 2.2 Balance sheet,,,,1900-01-01,,ciq,IQ_ST_INVEST,unverified source mapping
1105,short_term_investments,balance,balance_sheet,instant,monetary,positive,false,Short-Term Investments,cross_vendor_field_map.md section 2.2 Balance sheet,,,,1900-01-01,,compustat,ivst,
1105,short_term_investments,balance,balance_sheet,instant,monetary,positive,false,Short-Term Investments,cross_vendor_field_map.md section 2.2 Balance sheet,,,,1900-01-01,,factset,FF_ST_INVEST,
1105,short_term_investments,balance,balance_sheet,instant,monetary,positive,false,Short-Term Investments,cross_vendor_field_map.md section 2.2 Balance sheet,,,,1900-01-01,,sharadar,investmentsc,
1105,short_term_investments,balance,balance_sheet,instant,monetary,positive,false,Short-Term Investments,cross_vendor_field_map.md section 2.2 Balance sheet,us-gaap,MarketableSecuritiesCurrent,20,1900-01-01,,,,
1105,short_term_investments,balance,balance_sheet,instant,monetary,positive,false,Short-Term Investments,cross_vendor_field_map.md section 2.2 Balance sheet,us-gaap,ShortTermInvestments,10,1900-01-01,,,,
1106,accounts_receivable,balance,balance_sheet,instant,quantity,positive,false,Accounts Receivable,cross_vendor_field_map.md section 2.2 Balance sheet,,,,1900-01-01,,bloomberg,BS_ACCT_REC,
1106,accounts_receivable,balance,balance_sheet,instant,quantity,positive,false,Accounts Receivable,cross_vendor_field_map.md section 2.2 Balance sheet,,,,1900-01-01,,ciq,IQ_AR,
1106,accounts_receivable,balance,balance_sheet,instant,quantity,positive,false,Accounts Receivable,cross_vendor_field_map.md section 2.2 Balance sheet,,,,1900-01-01,,ciq,dataItemId=1021,
1106,accounts_receivable,balance,balance_sheet,instant,quantity,positive,false,Accounts Receivable,cross_vendor_field_map.md section 2.2 Balance sheet,,,,1900-01-01,,compustat,rect,
1106,accounts_receivable,balance,balance_sheet,instant,quantity,positive,false,Accounts Receivable,cross_vendor_field_map.md section 2.2 Balance sheet,,,,1900-01-01,,compustat,rectq,
1106,accounts_receivable,balance,balance_sheet,instant,quantity,positive,false,Accounts Receivable,cross_vendor_field_map.md section 2.2 Balance sheet,,,,1900-01-01,,factset,FF_RECV_NET,
1106,accounts_receivable,balance,balance_sheet,instant,quantity,positive,false,Accounts Receivable,cross_vendor_field_map.md section 2.2 Balance sheet,,,,1900-01-01,,sharadar,receivables,
1106,accounts_receivable,balance,balance_sheet,instant,quantity,positive,false,Accounts Receivable,cross_vendor_field_map.md section 2.2 Balance sheet,,,,1900-01-01,,worldscope,02051,
1106,accounts_receivable,balance,balance_sheet,instant,quantity,positive,false,Accounts Receivable,cross_vendor_field_map.md section 2.2 Balance sheet,us-gaap,AccountsReceivableNetCurrent,10,1900-01-01,,,,
1106,accounts_receivable,balance,balance_sheet,instant,quantity,positive,false,Accounts Receivable,cross_vendor_field_map.md section 2.2 Balance sheet,us-gaap,ReceivablesNetCurrent,20,1900-01-01,,,,
1107,inventory,balance,balance_sheet,instant,monetary,positive,false,Inventory,cross_vendor_field_map.md section 2.2 Balance sheet,,,,1900-01-01,,bloomberg,BS_INVENTORIES,
1107,inventory,balance,balance_sheet,instant,monetary,positive,false,Inventory,cross_vendor_field_map.md section 2.2 Balance sheet,,,,1900-01-01,,ciq,IQ_INVENTORY,
1107,inventory,balance,balance_sheet,instant,monetary,positive,false,Inventory,cross_vendor_field_map.md section 2.2 Balance sheet,,,,1900-01-01,,ciq,dataItemId=1023,
1107,inventory,balance,balance_sheet,instant,monetary,positive,false,Inventory,cross_vendor_field_map.md section 2.2 Balance sheet,,,,1900-01-01,,compustat,invt,
1107,inventory,balance,balance_sheet,instant,monetary,positive,false,Inventory,cross_vendor_field_map.md section 2.2 Balance sheet,,,,1900-01-01,,compustat,invtq,
1107,inventory,balance,balance_sheet,instant,monetary,positive,false,Inventory,cross_vendor_field_map.md section 2.2 Balance sheet,,,,1900-01-01,,factset,FF_INVENT,
1107,inventory,balance,balance_sheet,instant,monetary,positive,false,Inventory,cross_vendor_field_map.md section 2.2 Balance sheet,,,,1900-01-01,,sharadar,inventory,
1107,inventory,balance,balance_sheet,instant,monetary,positive,false,Inventory,cross_vendor_field_map.md section 2.2 Balance sheet,,,,1900-01-01,,worldscope,02101,
1107,inventory,balance,balance_sheet,instant,monetary,positive,false,Inventory,cross_vendor_field_map.md section 2.2 Balance sheet,us-gaap,InventoryNet,10,1900-01-01,,,,
1108,prepaid_expense,balance,balance_sheet,instant,monetary,positive_expense,false,Prepaid Expense,cross_vendor_field_map.md section 2.2 Balance sheet,,,,1900-01-01,,factset,FF_PREPAID,
1108,prepaid_expense,balance,balance_sheet,instant,monetary,positive_expense,false,Prepaid Expense,cross_vendor_field_map.md section 2.2 Balance sheet,us-gaap,PrepaidExpenseCurrent,10,1900-01-01,,,,
1109,other_current_assets,balance,balance_sheet,instant,monetary,positive,false,Other Current Assets,cross_vendor_field_map.md section 2.2 Balance sheet,,,,1900-01-01,,bloomberg,BS_OTHER_CUR_ASSETS,
1109,other_current_assets,balance,balance_sheet,instant,monetary,positive,false,Other Current Assets,cross_vendor_field_map.md section 2.2 Balance sheet,,,,1900-01-01,,factset,FF_OTH_CURR_ASSET,
1109,other_current_assets,balance,balance_sheet,instant,monetary,positive,false,Other Current Assets,cross_vendor_field_map.md section 2.2 Balance sheet,us-gaap,OtherAssetsCurrent,10,1900-01-01,,,,
1110,pp_and_e_net,balance,balance_sheet,instant,monetary,positive,false,PP&E  Net,cross_vendor_field_map.md section 2.2 Balance sheet,,,,1900-01-01,,bloomberg,BS_NET_FIX_ASSET,
1110,pp_and_e_net,balance,balance_sheet,instant,monetary,positive,false,PP&E  Net,cross_vendor_field_map.md section 2.2 Balance sheet,,,,1900-01-01,,ciq,IQ_NET_PPE,
1110,pp_and_e_net,balance,balance_sheet,instant,monetary,positive,false,PP&E  Net,cross_vendor_field_map.md section 2.2 Balance sheet,,,,1900-01-01,,compustat,ppent,
1110,pp_and_e_net,balance,balance_sheet,instant,monetary,positive,false,PP&E  Net,cross_vendor_field_map.md section 2.2 Balance sheet,,,,1900-01-01,,compustat,ppentq,
1110,pp_and_e_net,balance,balance_sheet,instant,monetary,positive,false,PP&E  Net,cross_vendor_field_map.md section 2.2 Balance sheet,,,,1900-01-01,,factset,FF_PPE_NET,
1110,pp_and_e_net,balance,balance_sheet,instant,monetary,positive,false,PP&E  Net,cross_vendor_field_map.md section 2.2 Balance sheet,,,,1900-01-01,,sharadar,ppnenet,
1110,pp_and_e_net,balance,balance_sheet,instant,monetary,positive,false,PP&E  Net,cross_vendor_field_map.md section 2.2 Balance sheet,,,,1900-01-01,,worldscope,02301,
1110,pp_and_e_net,balance,balance_sheet,instant,monetary,positive,false,PP&E  Net,cross_vendor_field_map.md section 2.2 Balance sheet,us-gaap,PropertyPlantAndEquipmentNet,10,1900-01-01,,,,
1111,pp_and_e_gross,balance,balance_sheet,instant,monetary,positive,false,PP&E  Gross,cross_vendor_field_map.md section 2.2 Balance sheet,,,,1900-01-01,,bloomberg,BS_GROSS_FIX_ASSET,
1111,pp_and_e_gross,balance,balance_sheet,instant,monetary,positive,false,PP&E  Gross,cross_vendor_field_map.md section 2.2 Balance sheet,,,,1900-01-01,,ciq,IQ_GROSS_PPE,
1111,pp_and_e_gross,balance,balance_sheet,instant,monetary,positive,false,PP&E  Gross,cross_vendor_field_map.md section 2.2 Balance sheet,,,,1900-01-01,,compustat,ppegt,
1111,pp_and_e_gross,balance,balance_sheet,instant,monetary,positive,false,PP&E  Gross,cross_vendor_field_map.md section 2.2 Balance sheet,,,,1900-01-01,,compustat,ppegtq,
1111,pp_and_e_gross,balance,balance_sheet,instant,monetary,positive,false,PP&E  Gross,cross_vendor_field_map.md section 2.2 Balance sheet,,,,1900-01-01,,factset,FF_PPE_GROSS,
1111,pp_and_e_gross,balance,balance_sheet,instant,monetary,positive,false,PP&E  Gross,cross_vendor_field_map.md section 2.2 Balance sheet,,,,1900-01-01,,worldscope,02351,
1111,pp_and_e_gross,balance,balance_sheet,instant,monetary,positive,false,PP&E  Gross,cross_vendor_field_map.md section 2.2 Balance sheet,us-gaap,PropertyPlantAndEquipmentGross,10,1900-01-01,,,,
1112,accumulated_depreciation,balance,balance_sheet,instant,monetary,positive,false,Accumulated Depreciation,cross_vendor_field_map.md section 2.2 Balance sheet,us-gaap,AccumulatedDepreciationDepletionAndAmortizationPropertyPlantAndEquipment,10,1900-01-01,,,,
1113,intangibles_total,balance,balance_sheet,instant,monetary,positive,false,Intangibles (total),cross_vendor_field_map.md section 2.2 Balance sheet,,,,1900-01-01,,bloomberg,BS_TOT_INTANG_ASSETS,
1113,intangibles_total,balance,balance_sheet,instant,monetary,positive,false,Intangibles (total),cross_vendor_field_map.md section 2.2 Balance sheet,,,,1900-01-01,,ciq,IQ_INTAN,unverified source mapping
1113,intangibles_total,balance,balance_sheet,instant,monetary,positive,false,Intangibles (total),cross_vendor_field_map.md section 2.2 Balance sheet,,,,1900-01-01,,compustat,intan,
1113,intangibles_total,balance,balance_sheet,instant,monetary,positive,false,Intangibles (total),cross_vendor_field_map.md section 2.2 Balance sheet,,,,1900-01-01,,compustat,intanq,
1113,intangibles_total,balance,balance_sheet,instant,monetary,positive,false,Intangibles (total),cross_vendor_field_map.md section 2.2 Balance sheet,,,,1900-01-01,,factset,FF_INTANG,
1113,intangibles_total,balance,balance_sheet,instant,monetary,positive,false,Intangibles (total),cross_vendor_field_map.md section 2.2 Balance sheet,,,,1900-01-01,,sharadar,intangibles,
1114,goodwill,balance,balance_sheet,instant,monetary,positive,false,Goodwill,cross_vendor_field_map.md section 2.2 Balance sheet,,,,1900-01-01,,bloomberg,BS_GOODWILL,
1114,goodwill,balance,balance_sheet,instant,monetary,positive,false,Goodwill,cross_vendor_field_map.md section 2.2 Balance sheet,,,,1900-01-01,,ciq,IQ_GW,
1114,goodwill,balance,balance_sheet,instant,monetary,positive,false,Goodwill,cross_vendor_field_map.md section 2.2 Balance sheet,,,,1900-01-01,,ciq,dataItemId=1029,
1114,goodwill,balance,balance_sheet,instant,monetary,positive,false,Goodwill,cross_vendor_field_map.md section 2.2 Balance sheet,,,,1900-01-01,,compustat,gdwl,
1114,goodwill,balance,balance_sheet,instant,monetary,positive,false,Goodwill,cross_vendor_field_map.md section 2.2 Balance sheet,,,,1900-01-01,,compustat,gdwlq,
1114,goodwill,balance,balance_sheet,instant,monetary,positive,false,Goodwill,cross_vendor_field_map.md section 2.2 Balance sheet,,,,1900-01-01,,factset,FF_INTANG_GW,
1114,goodwill,balance,balance_sheet,instant,monetary,positive,false,Goodwill,cross_vendor_field_map.md section 2.2 Balance sheet,,,,1900-01-01,,sharadar,intangibles,
1114,goodwill,balance,balance_sheet,instant,monetary,positive,false,Goodwill,cross_vendor_field_map.md section 2.2 Balance sheet,,,,1900-01-01,,worldscope,02501,
1114,goodwill,balance,balance_sheet,instant,monetary,positive,false,Goodwill,cross_vendor_field_map.md section 2.2 Balance sheet,us-gaap,Goodwill,10,1900-01-01,,,,
1115,other_intangibles,balance,balance_sheet,instant,monetary,positive,false,Other Intangibles,cross_vendor_field_map.md section 2.2 Balance sheet,,,,1900-01-01,,bloomberg,BS_OTHER_INTANG_ASSETS,
1115,other_intangibles,balance,balance_sheet,instant,monetary,positive,false,Other Intangibles,cross_vendor_field_map.md section 2.2 Balance sheet,,,,1900-01-01,,ciq,IQ_OTHER_INTAN,
1115,other_intangibles,balance,balance_sheet,instant,monetary,positive,false,Other Intangibles,cross_vendor_field_map.md section 2.2 Balance sheet,,,,1900-01-01,,factset,FF_INTANG_OTH,
1115,other_intangibles,balance,balance_sheet,instant,monetary,positive,false,Other Intangibles,cross_vendor_field_map.md section 2.2 Balance sheet,,,,1900-01-01,,worldscope,02649,
1115,other_intangibles,balance,balance_sheet,instant,monetary,positive,false,Other Intangibles,cross_vendor_field_map.md section 2.2 Balance sheet,us-gaap,IntangibleAssetsNetExcludingGoodwill,10,1900-01-01,,,,
1116,operating_lease_rou_asset,balance,balance_sheet,instant,monetary,positive,false,Operating Lease ROU asset,cross_vendor_field_map.md section 2.2 Balance sheet,us-gaap,OperatingLeaseRightOfUseAsset,10,1900-01-01,,,,
1117,long_term_investments,balance,balance_sheet,instant,monetary,positive,false,Long-Term Investments,cross_vendor_field_map.md section 2.2 Balance sheet,,,,1900-01-01,,bloomberg,BS_LT_INVEST,
1117,long_term_investments,balance,balance_sheet,instant,monetary,positive,false,Long-Term Investments,cross_vendor_field_map.md section 2.2 Balance sheet,,,,1900-01-01,,compustat,ivao,
1117,long_term_investments,balance,balance_sheet,instant,monetary,positive,false,Long-Term Investments,cross_vendor_field_map.md section 2.2 Balance sheet,,,,1900-01-01,,factset,FF_INVEST_LT,
1117,long_term_investments,balance,balance_sheet,instant,monetary,positive,false,Long-Term Investments,cross_vendor_field_map.md section 2.2 Balance sheet,,,,1900-01-01,,sharadar,investmentsnc,
1117,long_term_investments,balance,balance_sheet,instant,monetary,positive,false,Long-Term Investments,cross_vendor_field_map.md section 2.2 Balance sheet,us-gaap,EquityMethodInvestments,20,1900-01-01,,,,
1117,long_term_investments,balance,balance_sheet,instant,monetary,positive,false,Long-Term Investments,cross_vendor_field_map.md section 2.2 Balance sheet,us-gaap,LongTermInvestments,10,1900-01-01,,,,
1118,deferred_tax_assets,balance,balance_sheet,instant,monetary,positive_expense,false,Deferred Tax Assets,cross_vendor_field_map.md section 2.2 Balance sheet,,,,1900-01-01,,sharadar,taxassets,
1118,deferred_tax_assets,balance,balance_sheet,instant,monetary,positive_expense,false,Deferred Tax Assets,cross_vendor_field_map.md section 2.2 Balance sheet,us-gaap,DeferredIncomeTaxAssetsNet,10,1900-01-01,,,,
1119,other_lt_assets,balance,balance_sheet,instant,monetary,positive,false,Other LT Assets,cross_vendor_field_map.md section 2.2 Balance sheet,,,,1900-01-01,,factset,FF_OTH_LT_ASSET,
1119,other_lt_assets,balance,balance_sheet,instant,monetary,positive,false,Other LT Assets,cross_vendor_field_map.md section 2.2 Balance sheet,us-gaap,OtherAssetsNoncurrent,10,1900-01-01,,,,
1201,total_liabilities,balance,balance_sheet,instant,monetary,positive,false,Total Liabilities,cross_vendor_field_map.md section 2.2 Balance sheet,,,,1900-01-01,,bloomberg,BS_TOT_LIAB2,
1201,total_liabilities,balance,balance_sheet,instant,monetary,positive,false,Total Liabilities,cross_vendor_field_map.md section 2.2 Balance sheet,,,,1900-01-01,,ciq,IQ_TOTAL_LIAB,
1201,total_liabilities,balance,balance_sheet,instant,monetary,positive,false,Total Liabilities,cross_vendor_field_map.md section 2.2 Balance sheet,,,,1900-01-01,,ciq,dataItemId=1008,
1201,total_liabilities,balance,balance_sheet,instant,monetary,positive,false,Total Liabilities,cross_vendor_field_map.md section 2.2 Balance sheet,,,,1900-01-01,,compustat,lt,
1201,total_liabilities,balance,balance_sheet,instant,monetary,positive,false,Total Liabilities,cross_vendor_field_map.md section 2.2 Balance sheet,,,,1900-01-01,,compustat,ltq,
1201,total_liabilities,balance,balance_sheet,instant,monetary,positive,false,Total Liabilities,cross_vendor_field_map.md section 2.2 Balance sheet,,,,1900-01-01,,factset,FF_LIAB,
1201,total_liabilities,balance,balance_sheet,instant,monetary,positive,false,Total Liabilities,cross_vendor_field_map.md section 2.2 Balance sheet,,,,1900-01-01,,sharadar,liabilities,
1201,total_liabilities,balance,balance_sheet,instant,monetary,positive,false,Total Liabilities,cross_vendor_field_map.md section 2.2 Balance sheet,,,,1900-01-01,,worldscope,03251A,
1201,total_liabilities,balance,balance_sheet,instant,monetary,positive,false,Total Liabilities,cross_vendor_field_map.md section 2.2 Balance sheet,us-gaap,Liabilities,10,1900-01-01,,,,
1202,current_liabilities,balance,balance_sheet,instant,monetary,positive,false,Current Liabilities,cross_vendor_field_map.md section 2.2 Balance sheet,,,,1900-01-01,,bloomberg,BS_CUR_LIAB,
1202,current_liabilities,balance,balance_sheet,instant,monetary,positive,false,Current Liabilities,cross_vendor_field_map.md section 2.2 Balance sheet,,,,1900-01-01,,ciq,IQ_CURR_LIAB,
1202,current_liabilities,balance,balance_sheet,instant,monetary,positive,false,Current Liabilities,cross_vendor_field_map.md section 2.2 Balance sheet,,,,1900-01-01,,compustat,lct,
1202,current_liabilities,balance,balance_sheet,instant,monetary,positive,false,Current Liabilities,cross_vendor_field_map.md section 2.2 Balance sheet,,,,1900-01-01,,compustat,lctq,
1202,current_liabilities,balance,balance_sheet,instant,monetary,positive,false,Current Liabilities,cross_vendor_field_map.md section 2.2 Balance sheet,,,,1900-01-01,,factset,FF_LIAB_CURR,
1202,current_liabilities,balance,balance_sheet,instant,monetary,positive,false,Current Liabilities,cross_vendor_field_map.md section 2.2 Balance sheet,,,,1900-01-01,,sharadar,liabilitiesc,
1202,current_liabilities,balance,balance_sheet,instant,monetary,positive,false,Current Liabilities,cross_vendor_field_map.md section 2.2 Balance sheet,,,,1900-01-01,,worldscope,03251,
1202,current_liabilities,balance,balance_sheet,instant,monetary,positive,false,Current Liabilities,cross_vendor_field_map.md section 2.2 Balance sheet,us-gaap,LiabilitiesCurrent,10,1900-01-01,,,,
1203,accounts_payable,balance,balance_sheet,instant,quantity,positive,false,Accounts Payable,cross_vendor_field_map.md section 2.2 Balance sheet,,,,1900-01-01,,bloomberg,BS_ACCT_PAYABLE,
1203,accounts_payable,balance,balance_sheet,instant,quantity,positive,false,Accounts Payable,cross_vendor_field_map.md section 2.2 Balance sheet,,,,1900-01-01,,ciq,IQ_AP,
1203,accounts_payable,balance,balance_sheet,instant,quantity,positive,false,Accounts Payable,cross_vendor_field_map.md section 2.2 Balance sheet,,,,1900-01-01,,ciq,dataItemId=1024,
1203,accounts_payable,balance,balance_sheet,instant,quantity,positive,false,Accounts Payable,cross_vendor_field_map.md section 2.2 Balance sheet,,,,1900-01-01,,compustat,ap,
1203,accounts_payable,balance,balance_sheet,instant,quantity,positive,false,Accounts Payable,cross_vendor_field_map.md section 2.2 Balance sheet,,,,1900-01-01,,compustat,apq,
1203,accounts_payable,balance,balance_sheet,instant,quantity,positive,false,Accounts Payable,cross_vendor_field_map.md section 2.2 Balance sheet,,,,1900-01-01,,factset,FF_PAYABLES,
1203,accounts_payable,balance,balance_sheet,instant,quantity,positive,false,Accounts Payable,cross_vendor_field_map.md section 2.2 Balance sheet,,,,1900-01-01,,sharadar,payables,
1203,accounts_payable,balance,balance_sheet,instant,quantity,positive,false,Accounts Payable,cross_vendor_field_map.md section 2.2 Balance sheet,,,,1900-01-01,,worldscope,03001,
1203,accounts_payable,balance,balance_sheet,instant,quantity,positive,false,Accounts Payable,cross_vendor_field_map.md section 2.2 Balance sheet,us-gaap,AccountsPayableCurrent,10,1900-01-01,,,,
1204,accrued_liabilities,balance,balance_sheet,instant,monetary,positive,false,Accrued Liabilities,cross_vendor_field_map.md section 2.2 Balance sheet,us-gaap,AccruedLiabilitiesCurrent,10,1900-01-01,,,,
1205,short_term_debt,balance,balance_sheet,instant,monetary,positive,false,Short-Term Debt,cross_vendor_field_map.md section 2.2 Balance sheet,,,,1900-01-01,,ciq,IQ_ST_DEBT,
1205,short_term_debt,balance,balance_sheet,instant,monetary,positive,false,Short-Term Debt,cross_vendor_field_map.md section 2.2 Balance sheet,,,,1900-01-01,,ciq,dataItemId=1011,
1205,short_term_debt,balance,balance_sheet,instant,monetary,positive,false,Short-Term Debt,cross_vendor_field_map.md section 2.2 Balance sheet,,,,1900-01-01,,compustat,dlc,
1205,short_term_debt,balance,balance_sheet,instant,monetary,positive,false,Short-Term Debt,cross_vendor_field_map.md section 2.2 Balance sheet,,,,1900-01-01,,compustat,dlcq,
1205,short_term_debt,balance,balance_sheet,instant,monetary,positive,false,Short-Term Debt,cross_vendor_field_map.md section 2.2 Balance sheet,,,,1900-01-01,,factset,FF_DEBT_ST,
1205,short_term_debt,balance,balance_sheet,instant,monetary,positive,false,Short-Term Debt,cross_vendor_field_map.md section 2.2 Balance sheet,,,,1900-01-01,,sharadar,debtc,
1205,short_term_debt,balance,balance_sheet,instant,monetary,positive,false,Short-Term Debt,cross_vendor_field_map.md section 2.2 Balance sheet,,,,1900-01-01,,worldscope,03051,
1206,current_portion_of_lt_debt,balance,balance_sheet,instant,monetary,positive,false,Current portion of LT Debt,cross_vendor_field_map.md section 2.2 Balance sheet,,,,1900-01-01,,bloomberg,BS_CUR_PORTION_LT_DEBT,
1206,current_portion_of_lt_debt,balance,balance_sheet,instant,monetary,positive,false,Current portion of LT Debt,cross_vendor_field_map.md section 2.2 Balance sheet,,,,1900-01-01,,compustat,dd1,
1206,current_portion_of_lt_debt,balance,balance_sheet,instant,monetary,positive,false,Current portion of LT Debt,cross_vendor_field_map.md section 2.2 Balance sheet,us-gaap,LongTermDebtCurrent,10,1900-01-01,,,,
1207,long_term_debt,balance,balance_sheet,instant,monetary,positive,false,Long-Term Debt,cross_vendor_field_map.md section 2.2 Balance sheet,,,,1900-01-01,,bloomberg,BS_LT_BORROW,
1207,long_term_debt,balance,balance_sheet,instant,monetary,positive,false,Long-Term Debt,cross_vendor_field_map.md section 2.2 Balance sheet,,,,1900-01-01,,bloomberg,BS_LT_DEBT,
1207,long_term_debt,balance,balance_sheet,instant,monetary,positive,false,Long-Term Debt,cross_vendor_field_map.md section 2.2 Balance sheet,,,,1900-01-01,,ciq,IQ_LT_DEBT,
1207,long_term_debt,balance,balance_sheet,instant,monetary,positive,false,Long-Term Debt,cross_vendor_field_map.md section 2.2 Balance sheet,,,,1900-01-01,,ciq,dataItemId=1009,
1207,long_term_debt,balance,balance_sheet,instant,monetary,positive,false,Long-Term Debt,cross_vendor_field_map.md section 2.2 Balance sheet,,,,1900-01-01,,compustat,dltt,
1207,long_term_debt,balance,balance_sheet,instant,monetary,positive,false,Long-Term Debt,cross_vendor_field_map.md section 2.2 Balance sheet,,,,1900-01-01,,compustat,dlttq,
1207,long_term_debt,balance,balance_sheet,instant,monetary,positive,false,Long-Term Debt,cross_vendor_field_map.md section 2.2 Balance sheet,,,,1900-01-01,,factset,FF_DEBT_LT,
1207,long_term_debt,balance,balance_sheet,instant,monetary,positive,false,Long-Term Debt,cross_vendor_field_map.md section 2.2 Balance sheet,,,,1900-01-01,,sharadar,debtnc,
1207,long_term_debt,balance,balance_sheet,instant,monetary,positive,false,Long-Term Debt,cross_vendor_field_map.md section 2.2 Balance sheet,,,,1900-01-01,,worldscope,03255,
1207,long_term_debt,balance,balance_sheet,instant,monetary,positive,false,Long-Term Debt,cross_vendor_field_map.md section 2.2 Balance sheet,us-gaap,LongTermDebtNoncurrent,10,1900-01-01,,,,
1208,total_debt,balance,balance_sheet,instant,monetary,positive,false,Total Debt,cross_vendor_field_map.md section 2.2 Balance sheet,,,,1900-01-01,,bloomberg,SHORT_AND_LONG_TERM_DEBT,
1208,total_debt,balance,balance_sheet,instant,monetary,positive,false,Total Debt,cross_vendor_field_map.md section 2.2 Balance sheet,,,,1900-01-01,,ciq,IQ_TOTAL_DEBT,
1208,total_debt,balance,balance_sheet,instant,monetary,positive,false,Total Debt,cross_vendor_field_map.md section 2.2 Balance sheet,,,,1900-01-01,,ciq,dataItemId=1005,
1208,total_debt,balance,balance_sheet,instant,monetary,positive,false,Total Debt,cross_vendor_field_map.md section 2.2 Balance sheet,,,,1900-01-01,,factset,FF_DEBT,
1208,total_debt,balance,balance_sheet,instant,monetary,positive,false,Total Debt,cross_vendor_field_map.md section 2.2 Balance sheet,,,,1900-01-01,,sharadar,debt,
1209,operating_lease_liability,balance,balance_sheet,instant,monetary,positive,false,Operating Lease Liability,cross_vendor_field_map.md section 2.2 Balance sheet,,,,1900-01-01,,bloomberg,BS_OPER_LEASE_LIAB,
1209,operating_lease_liability,balance,balance_sheet,instant,monetary,positive,false,Operating Lease Liability,cross_vendor_field_map.md section 2.2 Balance sheet,,,,1900-01-01,,factset,FF_OPER_LEASES_PV,unverified source mapping
1210,deferred_revenue,balance,balance_sheet,instant,monetary,positive,false,Deferred Revenue,cross_vendor_field_map.md section 2.2 Balance sheet,,,,1900-01-01,,sharadar,deferredrev,
1210,deferred_revenue,balance,balance_sheet,instant,monetary,positive,false,Deferred Revenue,cross_vendor_field_map.md section 2.2 Balance sheet,us-gaap,DeferredRevenue,10,1900-01-01,,,,
1211,deferred_tax_liabilities,balance,balance_sheet,instant,monetary,positive_expense,false,Deferred Tax Liabilities,cross_vendor_field_map.md section 2.2 Balance sheet,,,,1900-01-01,,bloomberg,BS_DEFERRED_TAX_LIAB,
1211,deferred_tax_liabilities,balance,balance_sheet,instant,monetary,positive_expense,false,Deferred Tax Liabilities,cross_vendor_field_map.md section 2.2 Balance sheet,,,,1900-01-01,,compustat,txditc,
1211,deferred_tax_liabilities,balance,balance_sheet,instant,monetary,positive_expense,false,Deferred Tax Liabilities,cross_vendor_field_map.md section 2.2 Balance sheet,,,,1900-01-01,,factset,FF_DEFERRED_TX,
1211,deferred_tax_liabilities,balance,balance_sheet,instant,monetary,positive_expense,false,Deferred Tax Liabilities,cross_vendor_field_map.md section 2.2 Balance sheet,,,,1900-01-01,,sharadar,taxliabilities,
1211,deferred_tax_liabilities,balance,balance_sheet,instant,monetary,positive_expense,false,Deferred Tax Liabilities,cross_vendor_field_map.md section 2.2 Balance sheet,us-gaap,DeferredIncomeTaxLiabilitiesNet,10,1900-01-01,,,,
1212,other_lt_liabilities,balance,balance_sheet,instant,monetary,positive,false,Other LT Liabilities,cross_vendor_field_map.md section 2.2 Balance sheet,,,,1900-01-01,,factset,FF_OTH_LT_LIAB,
1212,other_lt_liabilities,balance,balance_sheet,instant,monetary,positive,false,Other LT Liabilities,cross_vendor_field_map.md section 2.2 Balance sheet,,,,1900-01-01,,sharadar,liabilitiesnc,
1212,other_lt_liabilities,balance,balance_sheet,instant,monetary,positive,false,Other LT Liabilities,cross_vendor_field_map.md section 2.2 Balance sheet,us-gaap,OtherLiabilitiesNoncurrent,10,1900-01-01,,,,
1213,minority_interest_bs,balance,balance_sheet,instant,monetary,positive,false,Minority Interest (BS),cross_vendor_field_map.md section 2.2 Balance sheet,,,,1900-01-01,,bloomberg,BS_MIN_NONCONTROL_INTEREST,
1213,minority_interest_bs,balance,balance_sheet,instant,monetary,positive,false,Minority Interest (BS),cross_vendor_field_map.md section 2.2 Balance sheet,,,,1900-01-01,,ciq,IQ_MINORITY,
1213,minority_interest_bs,balance,balance_sheet,instant,monetary,positive,false,Minority Interest (BS),cross_vendor_field_map.md section 2.2 Balance sheet,,,,1900-01-01,,compustat,mib,
1213,minority_interest_bs,balance,balance_sheet,instant,monetary,positive,false,Minority Interest (BS),cross_vendor_field_map.md section 2.2 Balance sheet,,,,1900-01-01,,compustat,mibq,
1213,minority_interest_bs,balance,balance_sheet,instant,monetary,positive,false,Minority Interest (BS),cross_vendor_field_map.md section 2.2 Balance sheet,,,,1900-01-01,,factset,FF_MIN_INT_BS,
1213,minority_interest_bs,balance,balance_sheet,instant,monetary,positive,false,Minority Interest (BS),cross_vendor_field_map.md section 2.2 Balance sheet,,,,1900-01-01,,worldscope,03401,
1213,minority_interest_bs,balance,balance_sheet,instant,monetary,positive,false,Minority Interest (BS),cross_vendor_field_map.md section 2.2 Balance sheet,us-gaap,MinorityInterest,10,1900-01-01,,,,
1214,preferred_stock,balance,balance_sheet,instant,monetary,positive,false,Preferred Stock,cross_vendor_field_map.md section 2.2 Balance sheet,,,,1900-01-01,,bloomberg,BS_PFD_EQUITY,
1214,preferred_stock,balance,balance_sheet,instant,monetary,positive,false,Preferred Stock,cross_vendor_field_map.md section 2.2 Balance sheet,,,,1900-01-01,,ciq,IQ_PREF_EQ,
1214,preferred_stock,balance,balance_sheet,instant,monetary,positive,false,Preferred Stock,cross_vendor_field_map.md section 2.2 Balance sheet,,,,1900-01-01,,compustat,pstk,
1214,preferred_stock,balance,balance_sheet,instant,monetary,positive,false,Preferred Stock,cross_vendor_field_map.md section 2.2 Balance sheet,,,,1900-01-01,,compustat,pstkq,
1214,preferred_stock,balance,balance_sheet,instant,monetary,positive,false,Preferred Stock,cross_vendor_field_map.md section 2.2 Balance sheet,,,,1900-01-01,,factset,FF_PREF_STK,
1214,preferred_stock,balance,balance_sheet,instant,monetary,positive,false,Preferred Stock,cross_vendor_field_map.md section 2.2 Balance sheet,,,,1900-01-01,,sharadar,equity,
1214,preferred_stock,balance,balance_sheet,instant,monetary,positive,false,Preferred Stock,cross_vendor_field_map.md section 2.2 Balance sheet,,,,1900-01-01,,worldscope,03451,
1214,preferred_stock,balance,balance_sheet,instant,monetary,positive,false,Preferred Stock,cross_vendor_field_map.md section 2.2 Balance sheet,us-gaap,PreferredStockValue,10,1900-01-01,,,,
1215,common_stock_at_par,balance,balance_sheet,instant,monetary,positive,false,Common Stock at par,cross_vendor_field_map.md section 2.2 Balance sheet,,,,1900-01-01,,factset,FF_COM_STK_PAR,
1215,common_stock_at_par,balance,balance_sheet,instant,monetary,positive,false,Common Stock at par,cross_vendor_field_map.md section 2.2 Balance sheet,us-gaap,CommonStockValue,10,1900-01-01,,,,
1216,additional_paid_in_capital,balance,balance_sheet,instant,monetary,positive,false,Additional Paid-In Capital,cross_vendor_field_map.md section 2.2 Balance sheet,,,,1900-01-01,,bloomberg,BS_SH_CAP_AND_APIC,
1216,additional_paid_in_capital,balance,balance_sheet,instant,monetary,positive,false,Additional Paid-In Capital,cross_vendor_field_map.md section 2.2 Balance sheet,,,,1900-01-01,,factset,FF_COM_STK_PAR,
1216,additional_paid_in_capital,balance,balance_sheet,instant,monetary,positive,false,Additional Paid-In Capital,cross_vendor_field_map.md section 2.2 Balance sheet,us-gaap,AdditionalPaidInCapital,10,1900-01-01,,,,
1216,additional_paid_in_capital,balance,balance_sheet,instant,monetary,positive,false,Additional Paid-In Capital,cross_vendor_field_map.md section 2.2 Balance sheet,us-gaap,AdditionalPaidInCapitalCommonStock,20,1900-01-01,,,,
1217,retained_earnings,balance,balance_sheet,instant,monetary,positive,false,Retained Earnings,cross_vendor_field_map.md section 2.2 Balance sheet,,,,1900-01-01,,bloomberg,BS_PURE_RETAINED_EARNINGS,
1217,retained_earnings,balance,balance_sheet,instant,monetary,positive,false,Retained Earnings,cross_vendor_field_map.md section 2.2 Balance sheet,,,,1900-01-01,,ciq,IQ_RE,
1217,retained_earnings,balance,balance_sheet,instant,monetary,positive,false,Retained Earnings,cross_vendor_field_map.md section 2.2 Balance sheet,,,,1900-01-01,,compustat,re,
1217,retained_earnings,balance,balance_sheet,instant,monetary,positive,false,Retained Earnings,cross_vendor_field_map.md section 2.2 Balance sheet,,,,1900-01-01,,compustat,req,
1217,retained_earnings,balance,balance_sheet,instant,monetary,positive,false,Retained Earnings,cross_vendor_field_map.md section 2.2 Balance sheet,,,,1900-01-01,,factset,FF_RETAIN_EARN,
1217,retained_earnings,balance,balance_sheet,instant,monetary,positive,false,Retained Earnings,cross_vendor_field_map.md section 2.2 Balance sheet,,,,1900-01-01,,sharadar,retearn,
1217,retained_earnings,balance,balance_sheet,instant,monetary,positive,false,Retained Earnings,cross_vendor_field_map.md section 2.2 Balance sheet,,,,1900-01-01,,worldscope,03999A,
1217,retained_earnings,balance,balance_sheet,instant,monetary,positive,false,Retained Earnings,cross_vendor_field_map.md section 2.2 Balance sheet,us-gaap,RetainedEarningsAccumulatedDeficit,10,1900-01-01,,,,
1218,aoci,balance,balance_sheet,instant,monetary,positive,false,AOCI,cross_vendor_field_map.md section 2.2 Balance sheet,,,,1900-01-01,,sharadar,accoci,
1218,aoci,balance,balance_sheet,instant,monetary,positive,false,AOCI,cross_vendor_field_map.md section 2.2 Balance sheet,us-gaap,AccumulatedOtherComprehensiveIncomeLossNetOfTax,10,1900-01-01,,,,
1219,treasury_stock,balance,balance_sheet,instant,monetary,positive,false,Treasury Stock,cross_vendor_field_map.md section 2.2 Balance sheet,,,,1900-01-01,,bloomberg,BS_TREASURY_STOCK,
1219,treasury_stock,balance,balance_sheet,instant,monetary,positive,false,Treasury Stock,cross_vendor_field_map.md section 2.2 Balance sheet,,,,1900-01-01,,ciq,IQ_TREASURY,
1219,treasury_stock,balance,balance_sheet,instant,monetary,positive,false,Treasury Stock,cross_vendor_field_map.md section 2.2 Balance sheet,,,,1900-01-01,,compustat,tstk,
1219,treasury_stock,balance,balance_sheet,instant,monetary,positive,false,Treasury Stock,cross_vendor_field_map.md section 2.2 Balance sheet,,,,1900-01-01,,compustat,tstkq,
1219,treasury_stock,balance,balance_sheet,instant,monetary,positive,false,Treasury Stock,cross_vendor_field_map.md section 2.2 Balance sheet,,,,1900-01-01,,factset,FF_TREAS_STK,
1219,treasury_stock,balance,balance_sheet,instant,monetary,positive,false,Treasury Stock,cross_vendor_field_map.md section 2.2 Balance sheet,,,,1900-01-01,,sharadar,equity,
1219,treasury_stock,balance,balance_sheet,instant,monetary,positive,false,Treasury Stock,cross_vendor_field_map.md section 2.2 Balance sheet,,,,1900-01-01,,worldscope,03999B,
1219,treasury_stock,balance,balance_sheet,instant,monetary,positive,false,Treasury Stock,cross_vendor_field_map.md section 2.2 Balance sheet,us-gaap,TreasuryStockValue,10,1900-01-01,,,,
1220,common_equity,balance,balance_sheet,instant,monetary,positive,true,Common Equity,cross_vendor_field_map.md section 2.2 Balance sheet,,,,1900-01-01,,ciq,IQ_COMMON_EQUITY,
1220,common_equity,balance,balance_sheet,instant,monetary,positive,true,Common Equity,cross_vendor_field_map.md section 2.2 Balance sheet,,,,1900-01-01,,compustat,ceq,
1220,common_equity,balance,balance_sheet,instant,monetary,positive,true,Common Equity,cross_vendor_field_map.md section 2.2 Balance sheet,,,,1900-01-01,,compustat,ceqq,
1220,common_equity,balance,balance_sheet,instant,monetary,positive,true,Common Equity,cross_vendor_field_map.md section 2.2 Balance sheet,,,,1900-01-01,,factset,FF_COM_EQ_TOT,
1220,common_equity,balance,balance_sheet,instant,monetary,positive,true,Common Equity,cross_vendor_field_map.md section 2.2 Balance sheet,,,,1900-01-01,,worldscope,03501,
1221,stockholders_equity,balance,balance_sheet,instant,monetary,positive,false,Stockholders' Equity,cross_vendor_field_map.md section 2.2 Balance sheet,,,,1900-01-01,,bloomberg,TOTAL_EQUITY,
1221,stockholders_equity,balance,balance_sheet,instant,monetary,positive,false,Stockholders' Equity,cross_vendor_field_map.md section 2.2 Balance sheet,,,,1900-01-01,,ciq,IQ_TOTAL_EQUITY,
1221,stockholders_equity,balance,balance_sheet,instant,monetary,positive,false,Stockholders' Equity,cross_vendor_field_map.md section 2.2 Balance sheet,,,,1900-01-01,,ciq,dataItemId=1275,
1221,stockholders_equity,balance,balance_sheet,instant,monetary,positive,false,Stockholders' Equity,cross_vendor_field_map.md section 2.2 Balance sheet,,,,1900-01-01,,compustat,seq,
1221,stockholders_equity,balance,balance_sheet,instant,monetary,positive,false,Stockholders' Equity,cross_vendor_field_map.md section 2.2 Balance sheet,,,,1900-01-01,,compustat,seqq,
1221,stockholders_equity,balance,balance_sheet,instant,monetary,positive,false,Stockholders' Equity,cross_vendor_field_map.md section 2.2 Balance sheet,,,,1900-01-01,,factset,FF_EQ_TOT,
1221,stockholders_equity,balance,balance_sheet,instant,monetary,positive,false,Stockholders' Equity,cross_vendor_field_map.md section 2.2 Balance sheet,,,,1900-01-01,,sharadar,equity,
1221,stockholders_equity,balance,balance_sheet,instant,monetary,positive,false,Stockholders' Equity,cross_vendor_field_map.md section 2.2 Balance sheet,,,,1900-01-01,,worldscope,03999,
1221,stockholders_equity,balance,balance_sheet,instant,monetary,positive,false,Stockholders' Equity,cross_vendor_field_map.md section 2.2 Balance sheet,us-gaap,StockholdersEquity,10,1900-01-01,,,,
1222,equity_incl_non_controlling,balance,balance_sheet,instant,monetary,positive,false,Equity incl. Non-controlling,cross_vendor_field_map.md section 2.2 Balance sheet,us-gaap,StockholdersEquityIncludingPortionAttributableToNoncontrollingInterest,10,1900-01-01,,,,
1223,total_liab_equity,balance,balance_sheet,instant,monetary,positive,false,Total Liab + Equity,cross_vendor_field_map.md section 2.2 Balance sheet,,,,1900-01-01,,compustat,at,
1223,total_liab_equity,balance,balance_sheet,instant,monetary,positive,false,Total Liab + Equity,cross_vendor_field_map.md section 2.2 Balance sheet,us-gaap,LiabilitiesAndStockholdersEquity,10,1900-01-01,,,,
1301,cash_flow_from_operations,cashflow,cash_flow,duration,ratio,positive,false,Cash Flow from Operations,cross_vendor_field_map.md section 2.3 Cash flow statement,,,,1900-01-01,,bloomberg,CF_CASH_FROM_OPER,
1301,cash_flow_from_operations,cashflow,cash_flow,duration,ratio,positive,false,Cash Flow from Operations,cross_vendor_field_map.md section 2.3 Cash flow statement,,,,1900-01-01,,ciq,IQ_CASH_OPER,
1301,cash_flow_from_operations,cashflow,cash_flow,duration,ratio,positive,false,Cash Flow from Operations,cross_vendor_field_map.md section 2.3 Cash flow statement,,,,1900-01-01,,ciq,dataItemId=1094,
1301,cash_flow_from_operations,cashflow,cash_flow,duration,ratio,positive,false,Cash Flow from Operations,cross_vendor_field_map.md section 2.3 Cash flow statement,,,,1900-01-01,,compustat,oancf,
1301,cash_flow_from_operations,cashflow,cash_flow,duration,ratio,positive,false,Cash Flow from Operations,cross_vendor_field_map.md section 2.3 Cash flow statement,,,,1900-01-01,,compustat,oancfy,
1301,cash_flow_from_operations,cashflow,cash_flow,duration,ratio,positive,false,Cash Flow from Operations,cross_vendor_field_map.md section 2.3 Cash flow statement,,,,1900-01-01,,factset,FF_CASH_FROM_OPER,
1301,cash_flow_from_operations,cashflow,cash_flow,duration,ratio,positive,false,Cash Flow from Operations,cross_vendor_field_map.md section 2.3 Cash flow statement,,,,1900-01-01,,sharadar,ncfo,
1301,cash_flow_from_operations,cashflow,cash_flow,duration,ratio,positive,false,Cash Flow from Operations,cross_vendor_field_map.md section 2.3 Cash flow statement,,,,1900-01-01,,worldscope,04001,
1301,cash_flow_from_operations,cashflow,cash_flow,duration,ratio,positive,false,Cash Flow from Operations,cross_vendor_field_map.md section 2.3 Cash flow statement,us-gaap,NetCashProvidedByUsedInOperatingActivities,10,1900-01-01,,,,
1302,cfo_continuing_ops,cashflow,cash_flow,duration,monetary,positive,false,CFO (Continuing Ops),cross_vendor_field_map.md section 2.3 Cash flow statement,us-gaap,NetCashProvidedByUsedInOperatingActivitiesContinuingOperations,10,1900-01-01,,,,
1303,cash_flow_from_investing,cashflow,cash_flow,duration,monetary,positive,false,Cash Flow from Investing,cross_vendor_field_map.md section 2.3 Cash flow statement,,,,1900-01-01,,bloomberg,CF_CASH_FROM_INV_ACT,
1303,cash_flow_from_investing,cashflow,cash_flow,duration,monetary,positive,false,Cash Flow from Investing,cross_vendor_field_map.md section 2.3 Cash flow statement,,,,1900-01-01,,ciq,IQ_CASH_INVEST,
1303,cash_flow_from_investing,cashflow,cash_flow,duration,monetary,positive,false,Cash Flow from Investing,cross_vendor_field_map.md section 2.3 Cash flow statement,,,,1900-01-01,,ciq,dataItemId=1097,
1303,cash_flow_from_investing,cashflow,cash_flow,duration,monetary,positive,false,Cash Flow from Investing,cross_vendor_field_map.md section 2.3 Cash flow statement,,,,1900-01-01,,compustat,ivncf,
1303,cash_flow_from_investing,cashflow,cash_flow,duration,monetary,positive,false,Cash Flow from Investing,cross_vendor_field_map.md section 2.3 Cash flow statement,,,,1900-01-01,,compustat,ivncfy,
1303,cash_flow_from_investing,cashflow,cash_flow,duration,monetary,positive,false,Cash Flow from Investing,cross_vendor_field_map.md section 2.3 Cash flow statement,,,,1900-01-01,,factset,FF_CASH_FROM_INVEST,
1303,cash_flow_from_investing,cashflow,cash_flow,duration,monetary,positive,false,Cash Flow from Investing,cross_vendor_field_map.md section 2.3 Cash flow statement,,,,1900-01-01,,sharadar,ncfi,
1303,cash_flow_from_investing,cashflow,cash_flow,duration,monetary,positive,false,Cash Flow from Investing,cross_vendor_field_map.md section 2.3 Cash flow statement,,,,1900-01-01,,worldscope,04401,
1303,cash_flow_from_investing,cashflow,cash_flow,duration,monetary,positive,false,Cash Flow from Investing,cross_vendor_field_map.md section 2.3 Cash flow statement,us-gaap,NetCashProvidedByUsedInInvestingActivities,10,1900-01-01,,,,
1304,cash_flow_from_financing,cashflow,cash_flow,duration,monetary,positive,false,Cash Flow from Financing,cross_vendor_field_map.md section 2.3 Cash flow statement,,,,1900-01-01,,bloomberg,CF_CASH_FROM_FNC_ACT,
1304,cash_flow_from_financing,cashflow,cash_flow,duration,monetary,positive,false,Cash Flow from Financing,cross_vendor_field_map.md section 2.3 Cash flow statement,,,,1900-01-01,,ciq,IQ_CASH_FIN,
1304,cash_flow_from_financing,cashflow,cash_flow,duration,monetary,positive,false,Cash Flow from Financing,cross_vendor_field_map.md section 2.3 Cash flow statement,,,,1900-01-01,,ciq,dataItemId=1100,
1304,cash_flow_from_financing,cashflow,cash_flow,duration,monetary,positive,false,Cash Flow from Financing,cross_vendor_field_map.md section 2.3 Cash flow statement,,,,1900-01-01,,compustat,fincf,
1304,cash_flow_from_financing,cashflow,cash_flow,duration,monetary,positive,false,Cash Flow from Financing,cross_vendor_field_map.md section 2.3 Cash flow statement,,,,1900-01-01,,compustat,fincfy,
1304,cash_flow_from_financing,cashflow,cash_flow,duration,monetary,positive,false,Cash Flow from Financing,cross_vendor_field_map.md section 2.3 Cash flow statement,,,,1900-01-01,,factset,FF_CASH_FROM_FIN,
1304,cash_flow_from_financing,cashflow,cash_flow,duration,monetary,positive,false,Cash Flow from Financing,cross_vendor_field_map.md section 2.3 Cash flow statement,,,,1900-01-01,,sharadar,ncff,
1304,cash_flow_from_financing,cashflow,cash_flow,duration,monetary,positive,false,Cash Flow from Financing,cross_vendor_field_map.md section 2.3 Cash flow statement,,,,1900-01-01,,worldscope,04801,
1304,cash_flow_from_financing,cashflow,cash_flow,duration,monetary,positive,false,Cash Flow from Financing,cross_vendor_field_map.md section 2.3 Cash flow statement,us-gaap,NetCashProvidedByUsedInFinancingActivities,10,1900-01-01,,,,
1305,capex__1305,cashflow,cash_flow,duration,monetary,positive_expense,false,Capex,cross_vendor_field_map.md section 2.3 Cash flow statement,,,,1900-01-01,,bloomberg,CF_CAP_EXPEND,
1305,capex__1305,cashflow,cash_flow,duration,monetary,positive_expense,false,Capex,cross_vendor_field_map.md section 2.3 Cash flow statement,,,,1900-01-01,,bloomberg,CF_CAP_EXPENDITURES,
1305,capex__1305,cashflow,cash_flow,duration,monetary,positive_expense,false,Capex,cross_vendor_field_map.md section 2.3 Cash flow statement,,,,1900-01-01,,ciq,IQ_CAPEX,
1305,capex__1305,cashflow,cash_flow,duration,monetary,positive_expense,false,Capex,cross_vendor_field_map.md section 2.3 Cash flow statement,,,,1900-01-01,,ciq,dataItemId=1093,
1305,capex__1305,cashflow,cash_flow,duration,monetary,positive_expense,false,Capex,cross_vendor_field_map.md section 2.3 Cash flow statement,,,,1900-01-01,,compustat,capx,
1305,capex__1305,cashflow,cash_flow,duration,monetary,positive_expense,false,Capex,cross_vendor_field_map.md section 2.3 Cash flow statement,,,,1900-01-01,,compustat,capxy,
1305,capex__1305,cashflow,cash_flow,duration,monetary,positive_expense,false,Capex,cross_vendor_field_map.md section 2.3 Cash flow statement,,,,1900-01-01,,factset,FF_CAPEX,
1305,capex__1305,cashflow,cash_flow,duration,monetary,positive_expense,false,Capex,cross_vendor_field_map.md section 2.3 Cash flow statement,,,,1900-01-01,,sharadar,capex,
1305,capex__1305,cashflow,cash_flow,duration,monetary,positive_expense,false,Capex,cross_vendor_field_map.md section 2.3 Cash flow statement,,,,1900-01-01,,worldscope,04201,
1305,capex__1305,cashflow,cash_flow,duration,monetary,positive_expense,false,Capex,cross_vendor_field_map.md section 2.3 Cash flow statement,us-gaap,PaymentsToAcquirePropertyPlantAndEquipment,10,1900-01-01,,,,
1306,capex_broader_incl_intangibles,cashflow,cash_flow,duration,ratio,positive_expense,false,Capex broader (incl intangibles),cross_vendor_field_map.md section 2.3 Cash flow statement,us-gaap,PaymentsToAcquireProductiveAssets,10,1900-01-01,,,,
1307,d_and_a_cash_flow,cashflow,cash_flow,duration,monetary,positive,false,D&A (Cash flow),cross_vendor_field_map.md section 2.3 Cash flow statement,,,,1900-01-01,,bloomberg,CF_DEPR_AMORT,
1307,d_and_a_cash_flow,cashflow,cash_flow,duration,monetary,positive,false,D&A (Cash flow),cross_vendor_field_map.md section 2.3 Cash flow statement,,,,1900-01-01,,ciq,IQ_DA_CF,
1307,d_and_a_cash_flow,cashflow,cash_flow,duration,monetary,positive,false,D&A (Cash flow),cross_vendor_field_map.md section 2.3 Cash flow statement,,,,1900-01-01,,ciq,IQ_DEP_AMORT,
1307,d_and_a_cash_flow,cashflow,cash_flow,duration,monetary,positive,false,D&A (Cash flow),cross_vendor_field_map.md section 2.3 Cash flow statement,,,,1900-01-01,,ciq,dataItemId=1300,
1307,d_and_a_cash_flow,cashflow,cash_flow,duration,monetary,positive,false,D&A (Cash flow),cross_vendor_field_map.md section 2.3 Cash flow statement,,,,1900-01-01,,compustat,dpc,
1307,d_and_a_cash_flow,cashflow,cash_flow,duration,monetary,positive,false,D&A (Cash flow),cross_vendor_field_map.md section 2.3 Cash flow statement,,,,1900-01-01,,compustat,dpcy,
1307,d_and_a_cash_flow,cashflow,cash_flow,duration,monetary,positive,false,D&A (Cash flow),cross_vendor_field_map.md section 2.3 Cash flow statement,,,,1900-01-01,,factset,FF_DEP_AMORT_CF,
1307,d_and_a_cash_flow,cashflow,cash_flow,duration,monetary,positive,false,D&A (Cash flow),cross_vendor_field_map.md section 2.3 Cash flow statement,,,,1900-01-01,,sharadar,depamor,
1307,d_and_a_cash_flow,cashflow,cash_flow,duration,monetary,positive,false,D&A (Cash flow),cross_vendor_field_map.md section 2.3 Cash flow statement,,,,1900-01-01,,worldscope,04101,unverified source mapping
1307,d_and_a_cash_flow,cashflow,cash_flow,duration,monetary,positive,false,D&A (Cash flow),cross_vendor_field_map.md section 2.3 Cash flow statement,us-gaap,DepreciationDepletionAndAmortization,10,1900-01-01,,,,
1308,stock_based_compensation,cashflow,cash_flow,duration,monetary,positive,false,Stock-Based Compensation,cross_vendor_field_map.md section 2.3 Cash flow statement,,,,1900-01-01,,bloomberg,CF_STOCK_BASED_COMP,
1308,stock_based_compensation,cashflow,cash_flow,duration,monetary,positive,false,Stock-Based Compensation,cross_vendor_field_map.md section 2.3 Cash flow statement,,,,1900-01-01,,ciq,IQ_STOCK_COMP,
1308,stock_based_compensation,cashflow,cash_flow,duration,monetary,positive,false,Stock-Based Compensation,cross_vendor_field_map.md section 2.3 Cash flow statement,,,,1900-01-01,,factset,FF_STOCK_COMP,
1308,stock_based_compensation,cashflow,cash_flow,duration,monetary,positive,false,Stock-Based Compensation,cross_vendor_field_map.md section 2.3 Cash flow statement,,,,1900-01-01,,sharadar,sbcomp,
1308,stock_based_compensation,cashflow,cash_flow,duration,monetary,positive,false,Stock-Based Compensation,cross_vendor_field_map.md section 2.3 Cash flow statement,us-gaap,ShareBasedCompensation,10,1900-01-01,,,,
1309,acquisitions,cashflow,cash_flow,duration,monetary,positive,false,Acquisitions,cross_vendor_field_map.md section 2.3 Cash flow statement,,,,1900-01-01,,bloomberg,CF_ACQUIS_OF_BUSINESS,
1309,acquisitions,cashflow,cash_flow,duration,monetary,positive,false,Acquisitions,cross_vendor_field_map.md section 2.3 Cash flow statement,,,,1900-01-01,,ciq,IQ_ACQUISITIONS,
1309,acquisitions,cashflow,cash_flow,duration,monetary,positive,false,Acquisitions,cross_vendor_field_map.md section 2.3 Cash flow statement,,,,1900-01-01,,compustat,aqc,
1309,acquisitions,cashflow,cash_flow,duration,monetary,positive,false,Acquisitions,cross_vendor_field_map.md section 2.3 Cash flow statement,,,,1900-01-01,,compustat,aqcy,
1309,acquisitions,cashflow,cash_flow,duration,monetary,positive,false,Acquisitions,cross_vendor_field_map.md section 2.3 Cash flow statement,,,,1900-01-01,,factset,FF_ACQUIS,
1309,acquisitions,cashflow,cash_flow,duration,monetary,positive,false,Acquisitions,cross_vendor_field_map.md section 2.3 Cash flow statement,,,,1900-01-01,,sharadar,ncfbus,
1309,acquisitions,cashflow,cash_flow,duration,monetary,positive,false,Acquisitions,cross_vendor_field_map.md section 2.3 Cash flow statement,us-gaap,PaymentsToAcquireBusinessesNetOfCashAcquired,10,1900-01-01,,,,
1310,divestitures,cashflow,cash_flow,duration,monetary,positive,false,Divestitures,cross_vendor_field_map.md section 2.3 Cash flow statement,,,,1900-01-01,,bloomberg,CF_DISP_OF_BUSINESS,
1310,divestitures,cashflow,cash_flow,duration,monetary,positive,false,Divestitures,cross_vendor_field_map.md section 2.3 Cash flow statement,,,,1900-01-01,,compustat,sppe,
1310,divestitures,cashflow,cash_flow,duration,monetary,positive,false,Divestitures,cross_vendor_field_map.md section 2.3 Cash flow statement,,,,1900-01-01,,factset,FF_DIVEST,
1310,divestitures,cashflow,cash_flow,duration,monetary,positive,false,Divestitures,cross_vendor_field_map.md section 2.3 Cash flow statement,us-gaap,ProceedsFromDivestitureOfBusinesses,10,1900-01-01,,,,
1311,stock_issuance,cashflow,cash_flow,duration,monetary,positive,false,Stock Issuance,cross_vendor_field_map.md section 2.3 Cash flow statement,,,,1900-01-01,,bloomberg,CF_ISSUE_OF_STOCK,
1311,stock_issuance,cashflow,cash_flow,duration,monetary,positive,false,Stock Issuance,cross_vendor_field_map.md section 2.3 Cash flow statement,,,,1900-01-01,,ciq,IQ_STOCK_ISSUED,
1311,stock_issuance,cashflow,cash_flow,duration,monetary,positive,false,Stock Issuance,cross_vendor_field_map.md section 2.3 Cash flow statement,,,,1900-01-01,,compustat,sstk,
1311,stock_issuance,cashflow,cash_flow,duration,monetary,positive,false,Stock Issuance,cross_vendor_field_map.md section 2.3 Cash flow statement,,,,1900-01-01,,compustat,sstky,
1311,stock_issuance,cashflow,cash_flow,duration,monetary,positive,false,Stock Issuance,cross_vendor_field_map.md section 2.3 Cash flow statement,,,,1900-01-01,,factset,FF_STOCK_ISSUE,
1311,stock_issuance,cashflow,cash_flow,duration,monetary,positive,false,Stock Issuance,cross_vendor_field_map.md section 2.3 Cash flow statement,,,,1900-01-01,,sharadar,ncfcommon,
1311,stock_issuance,cashflow,cash_flow,duration,monetary,positive,false,Stock Issuance,cross_vendor_field_map.md section 2.3 Cash flow statement,,,,1900-01-01,,worldscope,04601,
1311,stock_issuance,cashflow,cash_flow,duration,monetary,positive,false,Stock Issuance,cross_vendor_field_map.md section 2.3 Cash flow statement,us-gaap,ProceedsFromIssuanceOfCommonStock,10,1900-01-01,,,,
1312,stock_repurchases_buybacks,cashflow,cash_flow,duration,monetary,positive_expense,false,Stock Repurchases (buybacks),cross_vendor_field_map.md section 2.3 Cash flow statement,,,,1900-01-01,,bloomberg,CF_REPURCH_OF_STOCK,
1312,stock_repurchases_buybacks,cashflow,cash_flow,duration,monetary,positive_expense,false,Stock Repurchases (buybacks),cross_vendor_field_map.md section 2.3 Cash flow statement,,,,1900-01-01,,ciq,IQ_BUYBACKS,
1312,stock_repurchases_buybacks,cashflow,cash_flow,duration,monetary,positive_expense,false,Stock Repurchases (buybacks),cross_vendor_field_map.md section 2.3 Cash flow statement,,,,1900-01-01,,compustat,prstkc,
1312,stock_repurchases_buybacks,cashflow,cash_flow,duration,monetary,positive_expense,false,Stock Repurchases (buybacks),cross_vendor_field_map.md section 2.3 Cash flow statement,,,,1900-01-01,,compustat,prstkcy,
1312,stock_repurchases_buybacks,cashflow,cash_flow,duration,monetary,positive_expense,false,Stock Repurchases (buybacks),cross_vendor_field_map.md section 2.3 Cash flow statement,,,,1900-01-01,,factset,FF_STOCK_REPUR,
1312,stock_repurchases_buybacks,cashflow,cash_flow,duration,monetary,positive_expense,false,Stock Repurchases (buybacks),cross_vendor_field_map.md section 2.3 Cash flow statement,,,,1900-01-01,,sharadar,ncfcommon,
1312,stock_repurchases_buybacks,cashflow,cash_flow,duration,monetary,positive_expense,false,Stock Repurchases (buybacks),cross_vendor_field_map.md section 2.3 Cash flow statement,,,,1900-01-01,,worldscope,04651,
1312,stock_repurchases_buybacks,cashflow,cash_flow,duration,monetary,positive_expense,false,Stock Repurchases (buybacks),cross_vendor_field_map.md section 2.3 Cash flow statement,us-gaap,PaymentsForRepurchaseOfCommonStock,10,1900-01-01,,,,
1313,lt_debt_issued,cashflow,cash_flow,duration,monetary,positive,false,LT Debt Issued,cross_vendor_field_map.md section 2.3 Cash flow statement,,,,1900-01-01,,bloomberg,CF_PROCEEDS_LT_DEBT,
1313,lt_debt_issued,cashflow,cash_flow,duration,monetary,positive,false,LT Debt Issued,cross_vendor_field_map.md section 2.3 Cash flow statement,,,,1900-01-01,,ciq,IQ_LT_DEBT_ISSUE,unverified source mapping
1313,lt_debt_issued,cashflow,cash_flow,duration,monetary,positive,false,LT Debt Issued,cross_vendor_field_map.md section 2.3 Cash flow statement,,,,1900-01-01,,compustat,dltis,
1313,lt_debt_issued,cashflow,cash_flow,duration,monetary,positive,false,LT Debt Issued,cross_vendor_field_map.md section 2.3 Cash flow statement,,,,1900-01-01,,factset,FF_DEBT_ISSUE,
1313,lt_debt_issued,cashflow,cash_flow,duration,monetary,positive,false,LT Debt Issued,cross_vendor_field_map.md section 2.3 Cash flow statement,,,,1900-01-01,,sharadar,ncfdebt,
1313,lt_debt_issued,cashflow,cash_flow,duration,monetary,positive,false,LT Debt Issued,cross_vendor_field_map.md section 2.3 Cash flow statement,,,,1900-01-01,,worldscope,04701,
1313,lt_debt_issued,cashflow,cash_flow,duration,monetary,positive,false,LT Debt Issued,cross_vendor_field_map.md section 2.3 Cash flow statement,us-gaap,ProceedsFromIssuanceOfLongTermDebt,10,1900-01-01,,,,
1314,lt_debt_repaid,cashflow,cash_flow,duration,monetary,positive_expense,false,LT Debt Repaid,cross_vendor_field_map.md section 2.3 Cash flow statement,,,,1900-01-01,,bloomberg,CF_REPAY_LT_DEBT,
1314,lt_debt_repaid,cashflow,cash_flow,duration,monetary,positive_expense,false,LT Debt Repaid,cross_vendor_field_map.md section 2.3 Cash flow statement,,,,1900-01-01,,ciq,IQ_LT_DEBT_REPAY,unverified source mapping
1314,lt_debt_repaid,cashflow,cash_flow,duration,monetary,positive_expense,false,LT Debt Repaid,cross_vendor_field_map.md section 2.3 Cash flow statement,,,,1900-01-01,,compustat,dltr,
1314,lt_debt_repaid,cashflow,cash_flow,duration,monetary,positive_expense,false,LT Debt Repaid,cross_vendor_field_map.md section 2.3 Cash flow statement,,,,1900-01-01,,factset,FF_DEBT_REDUC,
1314,lt_debt_repaid,cashflow,cash_flow,duration,monetary,positive_expense,false,LT Debt Repaid,cross_vendor_field_map.md section 2.3 Cash flow statement,,,,1900-01-01,,sharadar,ncfdebt,
1314,lt_debt_repaid,cashflow,cash_flow,duration,monetary,positive_expense,false,LT Debt Repaid,cross_vendor_field_map.md section 2.3 Cash flow statement,,,,1900-01-01,,worldscope,04751,
1314,lt_debt_repaid,cashflow,cash_flow,duration,monetary,positive_expense,false,LT Debt Repaid,cross_vendor_field_map.md section 2.3 Cash flow statement,us-gaap,RepaymentsOfLongTermDebt,10,1900-01-01,,,,
1315,net_change_in_debt,cashflow,cash_flow,duration,monetary,positive,true,Net Change in Debt,cross_vendor_field_map.md section 2.3 Cash flow statement,,,,1900-01-01,,bloomberg,CF_NET_CHG_DEBT,
1315,net_change_in_debt,cashflow,cash_flow,duration,monetary,positive,true,Net Change in Debt,cross_vendor_field_map.md section 2.3 Cash flow statement,,,,1900-01-01,,sharadar,ncfdebt,
1316,common_dividends_paid,cashflow,cash_flow,duration,monetary,positive_expense,false,Common Dividends Paid,cross_vendor_field_map.md section 2.3 Cash flow statement,,,,1900-01-01,,bloomberg,CF_DVD_PAID,
1316,common_dividends_paid,cashflow,cash_flow,duration,monetary,positive_expense,false,Common Dividends Paid,cross_vendor_field_map.md section 2.3 Cash flow statement,,,,1900-01-01,,ciq,IQ_COMMON_DIV_PAID,
1316,common_dividends_paid,cashflow,cash_flow,duration,monetary,positive_expense,false,Common Dividends Paid,cross_vendor_field_map.md section 2.3 Cash flow statement,,,,1900-01-01,,ciq,dataItemId=1278,
1316,common_dividends_paid,cashflow,cash_flow,duration,monetary,positive_expense,false,Common Dividends Paid,cross_vendor_field_map.md section 2.3 Cash flow statement,,,,1900-01-01,,compustat,dvc,
1316,common_dividends_paid,cashflow,cash_flow,duration,monetary,positive_expense,false,Common Dividends Paid,cross_vendor_field_map.md section 2.3 Cash flow statement,,,,1900-01-01,,compustat,dvcy,
1316,common_dividends_paid,cashflow,cash_flow,duration,monetary,positive_expense,false,Common Dividends Paid,cross_vendor_field_map.md section 2.3 Cash flow statement,,,,1900-01-01,,factset,FF_DIV_CASH,
1316,common_dividends_paid,cashflow,cash_flow,duration,monetary,positive_expense,false,Common Dividends Paid,cross_vendor_field_map.md section 2.3 Cash flow statement,,,,1900-01-01,,factset,FF_DIV_COM,
1316,common_dividends_paid,cashflow,cash_flow,duration,monetary,positive_expense,false,Common Dividends Paid,cross_vendor_field_map.md section 2.3 Cash flow statement,,,,1900-01-01,,sharadar,ncfdiv,
1316,common_dividends_paid,cashflow,cash_flow,duration,monetary,positive_expense,false,Common Dividends Paid,cross_vendor_field_map.md section 2.3 Cash flow statement,,,,1900-01-01,,worldscope,04551,
1316,common_dividends_paid,cashflow,cash_flow,duration,monetary,positive_expense,false,Common Dividends Paid,cross_vendor_field_map.md section 2.3 Cash flow statement,us-gaap,PaymentsOfDividendsCommonStock,10,1900-01-01,,,,
1317,preferred_dividends_paid,cashflow,cash_flow,duration,monetary,positive_expense,false,Preferred Dividends Paid,cross_vendor_field_map.md section 2.3 Cash flow statement,,,,1900-01-01,,bloomberg,CF_PFD_DVDS_PAID,
1317,preferred_dividends_paid,cashflow,cash_flow,duration,monetary,positive_expense,false,Preferred Dividends Paid,cross_vendor_field_map.md section 2.3 Cash flow statement,,,,1900-01-01,,ciq,IQ_PREF_DIV_PAID,
1317,preferred_dividends_paid,cashflow,cash_flow,duration,monetary,positive_expense,false,Preferred Dividends Paid,cross_vendor_field_map.md section 2.3 Cash flow statement,,,,1900-01-01,,ciq,dataItemId=1281,
1317,preferred_dividends_paid,cashflow,cash_flow,duration,monetary,positive_expense,false,Preferred Dividends Paid,cross_vendor_field_map.md section 2.3 Cash flow statement,,,,1900-01-01,,compustat,dvp,
1317,preferred_dividends_paid,cashflow,cash_flow,duration,monetary,positive_expense,false,Preferred Dividends Paid,cross_vendor_field_map.md section 2.3 Cash flow statement,,,,1900-01-01,,compustat,dvpy,
1317,preferred_dividends_paid,cashflow,cash_flow,duration,monetary,positive_expense,false,Preferred Dividends Paid,cross_vendor_field_map.md section 2.3 Cash flow statement,,,,1900-01-01,,factset,FF_DIV_PFD_CF,
1317,preferred_dividends_paid,cashflow,cash_flow,duration,monetary,positive_expense,false,Preferred Dividends Paid,cross_vendor_field_map.md section 2.3 Cash flow statement,us-gaap,PaymentsOfDividendsPreferredStockAndPreferenceStock,10,1900-01-01,,,,
1318,total_dividends_paid,cashflow,cash_flow,duration,monetary,positive_expense,false,Total Dividends Paid,cross_vendor_field_map.md section 2.3 Cash flow statement,,,,1900-01-01,,compustat,dv,
1318,total_dividends_paid,cashflow,cash_flow,duration,monetary,positive_expense,false,Total Dividends Paid,cross_vendor_field_map.md section 2.3 Cash flow statement,,,,1900-01-01,,sharadar,ncfdiv,
1318,total_dividends_paid,cashflow,cash_flow,duration,monetary,positive_expense,false,Total Dividends Paid,cross_vendor_field_map.md section 2.3 Cash flow statement,us-gaap,PaymentsOfDividends,10,1900-01-01,,,,
1319,change_in_ar,cashflow,cash_flow,duration,monetary,positive,false,Change in AR,cross_vendor_field_map.md section 2.3 Cash flow statement,,,,1900-01-01,,compustat,recch,
1319,change_in_ar,cashflow,cash_flow,duration,monetary,positive,false,Change in AR,cross_vendor_field_map.md section 2.3 Cash flow statement,,,,1900-01-01,,factset,FF_CHG_AR,
1319,change_in_ar,cashflow,cash_flow,duration,monetary,positive,false,Change in AR,cross_vendor_field_map.md section 2.3 Cash flow statement,us-gaap,IncreaseDecreaseInAccountsReceivable,10,1900-01-01,,,,
1320,change_in_inventory,cashflow,cash_flow,duration,monetary,positive,false,Change in Inventory,cross_vendor_field_map.md section 2.3 Cash flow statement,,,,1900-01-01,,factset,FF_CHG_INV,
1320,change_in_inventory,cashflow,cash_flow,duration,monetary,positive,false,Change in Inventory,cross_vendor_field_map.md section 2.3 Cash flow statement,us-gaap,IncreaseDecreaseInInventories,10,1900-01-01,,,,
1321,change_in_ap,cashflow,cash_flow,duration,monetary,positive,false,Change in AP,cross_vendor_field_map.md section 2.3 Cash flow statement,,,,1900-01-01,,factset,FF_CHG_AP,
1321,change_in_ap,cashflow,cash_flow,duration,monetary,positive,false,Change in AP,cross_vendor_field_map.md section 2.3 Cash flow statement,us-gaap,IncreaseDecreaseInAccountsPayable,10,1900-01-01,,,,
1322,change_in_working_capital,cashflow,cash_flow,duration,monetary,positive,true,Change in Working Capital,cross_vendor_field_map.md section 2.3 Cash flow statement,,,,1900-01-01,,compustat,wcapc,
1322,change_in_working_capital,cashflow,cash_flow,duration,monetary,positive,true,Change in Working Capital,cross_vendor_field_map.md section 2.3 Cash flow statement,,,,1900-01-01,,factset,FF_CHG_WC,
1322,change_in_working_capital,cashflow,cash_flow,duration,monetary,positive,true,Change in Working Capital,cross_vendor_field_map.md section 2.3 Cash flow statement,,,,1900-01-01,,sharadar,workingcapital,
1323,fx_effect_on_cash,cashflow,cash_flow,duration,monetary,positive,false,FX Effect on Cash,cross_vendor_field_map.md section 2.3 Cash flow statement,,,,1900-01-01,,bloomberg,CF_FX_EFFECT_CASH,
1323,fx_effect_on_cash,cashflow,cash_flow,duration,monetary,positive,false,FX Effect on Cash,cross_vendor_field_map.md section 2.3 Cash flow statement,,,,1900-01-01,,compustat,exre,
1323,fx_effect_on_cash,cashflow,cash_flow,duration,monetary,positive,false,FX Effect on Cash,cross_vendor_field_map.md section 2.3 Cash flow statement,,,,1900-01-01,,factset,FF_EXCH_RATE_CF,
1323,fx_effect_on_cash,cashflow,cash_flow,duration,monetary,positive,false,FX Effect on Cash,cross_vendor_field_map.md section 2.3 Cash flow statement,,,,1900-01-01,,sharadar,ncfx,
1323,fx_effect_on_cash,cashflow,cash_flow,duration,monetary,positive,false,FX Effect on Cash,cross_vendor_field_map.md section 2.3 Cash flow statement,us-gaap,EffectOfExchangeRateOnCashCashEquivalentsRestrictedCashAndRestrictedCashEquivalents,10,1900-01-01,,,,
1324,net_change_in_cash,cashflow,cash_flow,duration,monetary,positive,false,Net Change in Cash,cross_vendor_field_map.md section 2.3 Cash flow statement,,,,1900-01-01,,bloomberg,CF_NET_CHNG_CASH,
1324,net_change_in_cash,cashflow,cash_flow,duration,monetary,positive,false,Net Change in Cash,cross_vendor_field_map.md section 2.3 Cash flow statement,,,,1900-01-01,,compustat,chech,
1324,net_change_in_cash,cashflow,cash_flow,duration,monetary,positive,false,Net Change in Cash,cross_vendor_field_map.md section 2.3 Cash flow statement,,,,1900-01-01,,factset,FF_NET_CHG_CASH,
1324,net_change_in_cash,cashflow,cash_flow,duration,monetary,positive,false,Net Change in Cash,cross_vendor_field_map.md section 2.3 Cash flow statement,,,,1900-01-01,,sharadar,ncf,
1324,net_change_in_cash,cashflow,cash_flow,duration,monetary,positive,false,Net Change in Cash,cross_vendor_field_map.md section 2.3 Cash flow statement,us-gaap,CashCashEquivalentsRestrictedCashAndRestrictedCashEquivalentsPeriodIncreaseDecreaseIncludingExchangeRateEffect,10,1900-01-01,,,,
1325,free_cash_flow__1325,cashflow,cash_flow,duration,monetary,positive,true,Free Cash Flow,cross_vendor_field_map.md section 2.3 Cash flow statement,,,,1900-01-01,,bloomberg,CF_FREE_CASH_FLOW,
1325,free_cash_flow__1325,cashflow,cash_flow,duration,monetary,positive,true,Free Cash Flow,cross_vendor_field_map.md section 2.3 Cash flow statement,,,,1900-01-01,,ciq,IQ_FCF,
1325,free_cash_flow__1325,cashflow,cash_flow,duration,monetary,positive,true,Free Cash Flow,cross_vendor_field_map.md section 2.3 Cash flow statement,,,,1900-01-01,,factset,FF_FCF,
1325,free_cash_flow__1325,cashflow,cash_flow,duration,monetary,positive,true,Free Cash Flow,cross_vendor_field_map.md section 2.3 Cash flow statement,,,,1900-01-01,,sharadar,fcf,
1325,free_cash_flow__1325,cashflow,cash_flow,duration,monetary,positive,true,Free Cash Flow,cross_vendor_field_map.md section 2.3 Cash flow statement,,,,1900-01-01,,worldscope,04860,
1401,book_value_per_share__1401,derived,per_share_market_ratios,duration,per_share,positive,true,Book Value per Share,cross_vendor_field_map.md section 2.4 Per-share / market / ratios (derived),,,,1900-01-01,,bloomberg,BOOK_VAL_PER_SH,unverified source mapping
1401,book_value_per_share__1401,derived,per_share_market_ratios,duration,per_share,positive,true,Book Value per Share,cross_vendor_field_map.md section 2.4 Per-share / market / ratios (derived),,,,1900-01-01,,factset,FF_BV_PS,
1401,book_value_per_share__1401,derived,per_share_market_ratios,duration,per_share,positive,true,Book Value per Share,cross_vendor_field_map.md section 2.4 Per-share / market / ratios (derived),,,,1900-01-01,,sharadar,bvps,
1402,tangible_book_value_per_share,derived,per_share_market_ratios,duration,per_share,positive,true,Tangible Book Value per Share,cross_vendor_field_map.md section 2.4 Per-share / market / ratios (derived),,,,1900-01-01,,factset,FF_TANG_BV_PS,
1402,tangible_book_value_per_share,derived,per_share_market_ratios,duration,per_share,positive,true,Tangible Book Value per Share,cross_vendor_field_map.md section 2.4 Per-share / market / ratios (derived),,,,1900-01-01,,sharadar,tbvps,
1403,fcf_per_share__1403,derived,per_share_market_ratios,duration,per_share,positive,true,FCF per Share,cross_vendor_field_map.md section 2.4 Per-share / market / ratios (derived),,,,1900-01-01,,factset,FF_FCF_PS,
1403,fcf_per_share__1403,derived,per_share_market_ratios,duration,per_share,positive,true,FCF per Share,cross_vendor_field_map.md section 2.4 Per-share / market / ratios (derived),,,,1900-01-01,,sharadar,fcfps,
1404,sales_per_share,derived,per_share_market_ratios,duration,per_share,positive,true,Sales per Share,cross_vendor_field_map.md section 2.4 Per-share / market / ratios (derived),,,,1900-01-01,,factset,FF_SALES_PS,
1404,sales_per_share,derived,per_share_market_ratios,duration,per_share,positive,true,Sales per Share,cross_vendor_field_map.md section 2.4 Per-share / market / ratios (derived),,,,1900-01-01,,sharadar,sps,
1405,cash_per_share,derived,per_share_market_ratios,duration,per_share,positive,true,Cash per Share,cross_vendor_field_map.md section 2.4 Per-share / market / ratios (derived),,,,1900-01-01,,factset,FF_CASH_PS,
1406,dividend_yield,derived,per_share_market_ratios,duration,ratio,positive_expense,true,Dividend Yield,cross_vendor_field_map.md section 2.4 Per-share / market / ratios (derived),,,,1900-01-01,,bloomberg,EQY_DVD_YLD_IND,unverified source mapping
1406,dividend_yield,derived,per_share_market_ratios,duration,ratio,positive_expense,true,Dividend Yield,cross_vendor_field_map.md section 2.4 Per-share / market / ratios (derived),,,,1900-01-01,,factset,FF_DIV_YIELD,
1406,dividend_yield,derived,per_share_market_ratios,duration,ratio,positive_expense,true,Dividend Yield,cross_vendor_field_map.md section 2.4 Per-share / market / ratios (derived),,,,1900-01-01,,sharadar,divyield,
1407,p_e,derived,per_share_market_ratios,duration,ratio,positive,true,P/E,cross_vendor_field_map.md section 2.4 Per-share / market / ratios (derived),,,,1900-01-01,,bloomberg,PE_RATIO,unverified source mapping
1407,p_e,derived,per_share_market_ratios,duration,ratio,positive,true,P/E,cross_vendor_field_map.md section 2.4 Per-share / market / ratios (derived),,,,1900-01-01,,factset,FF_PE,
1407,p_e,derived,per_share_market_ratios,duration,ratio,positive,true,P/E,cross_vendor_field_map.md section 2.4 Per-share / market / ratios (derived),,,,1900-01-01,,sharadar,pe,
1407,p_e,derived,per_share_market_ratios,duration,ratio,positive,true,P/E,cross_vendor_field_map.md section 2.4 Per-share / market / ratios (derived),,,,1900-01-01,,worldscope,PE,
1408,p_b,derived,per_share_market_ratios,duration,ratio,positive,true,P/B,cross_vendor_field_map.md section 2.4 Per-share / market / ratios (derived),,,,1900-01-01,,bloomberg,PX_TO_BOOK_RATIO,unverified source mapping
1408,p_b,derived,per_share_market_ratios,duration,ratio,positive,true,P/B,cross_vendor_field_map.md section 2.4 Per-share / market / ratios (derived),,,,1900-01-01,,factset,FF_PB,
1408,p_b,derived,per_share_market_ratios,duration,ratio,positive,true,P/B,cross_vendor_field_map.md section 2.4 Per-share / market / ratios (derived),,,,1900-01-01,,sharadar,pb,
1409,p_s,derived,per_share_market_ratios,duration,ratio,positive,true,P/S,cross_vendor_field_map.md section 2.4 Per-share / market / ratios (derived),,,,1900-01-01,,factset,FF_PS,
1409,p_s,derived,per_share_market_ratios,duration,ratio,positive,true,P/S,cross_vendor_field_map.md section 2.4 Per-share / market / ratios (derived),,,,1900-01-01,,sharadar,ps,
1410,enterprise_value,derived,per_share_market_ratios,instant,monetary,positive,true,Enterprise Value,cross_vendor_field_map.md section 2.4 Per-share / market / ratios (derived),,,,1900-01-01,,bloomberg,ENTERPRISE_VALUE,unverified source mapping
1410,enterprise_value,derived,per_share_market_ratios,instant,monetary,positive,true,Enterprise Value,cross_vendor_field_map.md section 2.4 Per-share / market / ratios (derived),,,,1900-01-01,,factset,FF_EV,
1410,enterprise_value,derived,per_share_market_ratios,instant,monetary,positive,true,Enterprise Value,cross_vendor_field_map.md section 2.4 Per-share / market / ratios (derived),,,,1900-01-01,,sharadar,ev,
1411,ev_ebitda,derived,per_share_market_ratios,duration,monetary,positive,true,EV / EBITDA,cross_vendor_field_map.md section 2.4 Per-share / market / ratios (derived),,,,1900-01-01,,factset,FF_EV_EBITDA,
1411,ev_ebitda,derived,per_share_market_ratios,duration,monetary,positive,true,EV / EBITDA,cross_vendor_field_map.md section 2.4 Per-share / market / ratios (derived),,,,1900-01-01,,sharadar,evebitda,
1412,ev_sales,derived,per_share_market_ratios,duration,monetary,positive,true,EV / Sales,cross_vendor_field_map.md section 2.4 Per-share / market / ratios (derived),,,,1900-01-01,,factset,FF_EV_SALES,
1413,market_cap,derived,per_share_market_ratios,instant,monetary,positive,true,Market Cap,cross_vendor_field_map.md section 2.4 Per-share / market / ratios (derived),,,,1900-01-01,,bloomberg,CUR_MKT_CAP,
1413,market_cap,derived,per_share_market_ratios,instant,monetary,positive,true,Market Cap,cross_vendor_field_map.md section 2.4 Per-share / market / ratios (derived),,,,1900-01-01,,bloomberg,HISTORICAL_MARKET_CAP,
1413,market_cap,derived,per_share_market_ratios,instant,monetary,positive,true,Market Cap,cross_vendor_field_map.md section 2.4 Per-share / market / ratios (derived),,,,1900-01-01,,ciq,IQ_MARKETCAP,
1413,market_cap,derived,per_share_market_ratios,instant,monetary,positive,true,Market Cap,cross_vendor_field_map.md section 2.4 Per-share / market / ratios (derived),,,,1900-01-01,,compustat,mkvalt,
1413,market_cap,derived,per_share_market_ratios,instant,monetary,positive,true,Market Cap,cross_vendor_field_map.md section 2.4 Per-share / market / ratios (derived),,,,1900-01-01,,compustat,mkvaltq,
1413,market_cap,derived,per_share_market_ratios,instant,monetary,positive,true,Market Cap,cross_vendor_field_map.md section 2.4 Per-share / market / ratios (derived),,,,1900-01-01,,factset,FF_MKT_CAP_TOT,
1413,market_cap,derived,per_share_market_ratios,instant,monetary,positive,true,Market Cap,cross_vendor_field_map.md section 2.4 Per-share / market / ratios (derived),,,,1900-01-01,,sharadar,marketcap,
1413,market_cap,derived,per_share_market_ratios,instant,monetary,positive,true,Market Cap,cross_vendor_field_map.md section 2.4 Per-share / market / ratios (derived),,,,1900-01-01,,worldscope,05491,
1414,gross_margin__1414,derived,per_share_market_ratios,duration,ratio,positive,true,Gross Margin,cross_vendor_field_map.md section 2.4 Per-share / market / ratios (derived),,,,1900-01-01,,factset,FF_GROSS_MARGIN,
1414,gross_margin__1414,derived,per_share_market_ratios,duration,ratio,positive,true,Gross Margin,cross_vendor_field_map.md section 2.4 Per-share / market / ratios (derived),,,,1900-01-01,,sharadar,grossmargin,
1415,operating_margin__1415,derived,per_share_market_ratios,duration,ratio,positive,true,Operating Margin,cross_vendor_field_map.md section 2.4 Per-share / market / ratios (derived),,,,1900-01-01,,factset,FF_OPER_MARGIN,
1415,operating_margin__1415,derived,per_share_market_ratios,duration,ratio,positive,true,Operating Margin,cross_vendor_field_map.md section 2.4 Per-share / market / ratios (derived),,,,1900-01-01,,sharadar,ebitmargin,
1416,ebitda_margin,derived,per_share_market_ratios,duration,ratio,positive,true,EBITDA Margin,cross_vendor_field_map.md section 2.4 Per-share / market / ratios (derived),,,,1900-01-01,,factset,FF_EBITDA_MARGIN,
1416,ebitda_margin,derived,per_share_market_ratios,duration,ratio,positive,true,EBITDA Margin,cross_vendor_field_map.md section 2.4 Per-share / market / ratios (derived),,,,1900-01-01,,sharadar,ebitdamargin,
1417,net_margin,derived,per_share_market_ratios,duration,ratio,positive,true,Net Margin,cross_vendor_field_map.md section 2.4 Per-share / market / ratios (derived),,,,1900-01-01,,factset,FF_NET_MARGIN,
1417,net_margin,derived,per_share_market_ratios,duration,ratio,positive,true,Net Margin,cross_vendor_field_map.md section 2.4 Per-share / market / ratios (derived),,,,1900-01-01,,sharadar,netmargin,
1418,roa,derived,per_share_market_ratios,duration,ratio,positive,true,ROA,cross_vendor_field_map.md section 2.4 Per-share / market / ratios (derived),,,,1900-01-01,,factset,FF_ROA,
1418,roa,derived,per_share_market_ratios,duration,ratio,positive,true,ROA,cross_vendor_field_map.md section 2.4 Per-share / market / ratios (derived),,,,1900-01-01,,sharadar,roa,
1419,roe,derived,per_share_market_ratios,duration,ratio,positive,true,ROE,cross_vendor_field_map.md section 2.4 Per-share / market / ratios (derived),,,,1900-01-01,,factset,FF_ROE,
1419,roe,derived,per_share_market_ratios,duration,ratio,positive,true,ROE,cross_vendor_field_map.md section 2.4 Per-share / market / ratios (derived),,,,1900-01-01,,sharadar,roe,
1420,roic,derived,per_share_market_ratios,duration,ratio,positive,true,ROIC,cross_vendor_field_map.md section 2.4 Per-share / market / ratios (derived),,,,1900-01-01,,factset,FF_ROIC,
1420,roic,derived,per_share_market_ratios,duration,ratio,positive,true,ROIC,cross_vendor_field_map.md section 2.4 Per-share / market / ratios (derived),,,,1900-01-01,,sharadar,roic,
1421,current_ratio,derived,per_share_market_ratios,duration,ratio,positive,true,Current Ratio,cross_vendor_field_map.md section 2.4 Per-share / market / ratios (derived),,,,1900-01-01,,factset,FF_CURR_RATIO,
1421,current_ratio,derived,per_share_market_ratios,duration,ratio,positive,true,Current Ratio,cross_vendor_field_map.md section 2.4 Per-share / market / ratios (derived),,,,1900-01-01,,sharadar,currentratio,
1422,debt_equity,derived,per_share_market_ratios,duration,monetary,positive,true,Debt / Equity,cross_vendor_field_map.md section 2.4 Per-share / market / ratios (derived),,,,1900-01-01,,factset,FF_DEBT_EQUITY,
1422,debt_equity,derived,per_share_market_ratios,duration,monetary,positive,true,Debt / Equity,cross_vendor_field_map.md section 2.4 Per-share / market / ratios (derived),,,,1900-01-01,,sharadar,de,
1423,interest_coverage,derived,per_share_market_ratios,duration,ratio,positive,true,Interest Coverage,cross_vendor_field_map.md section 2.4 Per-share / market / ratios (derived),,,,1900-01-01,,factset,FF_INT_COVER,
1424,dso_days,derived,per_share_market_ratios,duration,days,positive,true,DSO (days),cross_vendor_field_map.md section 2.4 Per-share / market / ratios (derived),,,,1900-01-01,,factset,FF_RECV_DAYS,
1425,dio_days,derived,per_share_market_ratios,duration,days,positive,true,DIO (days),cross_vendor_field_map.md section 2.4 Per-share / market / ratios (derived),,,,1900-01-01,,factset,FF_INV_DAYS,
1426,dpo_days,derived,per_share_market_ratios,duration,days,positive,true,DPO (days),cross_vendor_field_map.md section 2.4 Per-share / market / ratios (derived),,,,1900-01-01,,factset,FF_PAY_DAYS,
1427,cash_conversion_cycle,derived,per_share_market_ratios,duration,monetary,positive,true,Cash Conversion Cycle,cross_vendor_field_map.md section 2.4 Per-share / market / ratios (derived),,,,1900-01-01,,factset,FF_CCC,
1501,net_interest_income,bank,bank_template,duration,monetary,positive,true,Net Interest Income,cross_vendor_field_map.md section 2.5 Industry-specific  Banks (FS template),,,,1900-01-01,,ciq,IQ_NET_INT_INC,
1501,net_interest_income,bank,bank_template,duration,monetary,positive,true,Net Interest Income,cross_vendor_field_map.md section 2.5 Industry-specific  Banks (FS template),,,,1900-01-01,,ciq,dataItemId=1900,
1501,net_interest_income,bank,bank_template,duration,monetary,positive,true,Net Interest Income,cross_vendor_field_map.md section 2.5 Industry-specific  Banks (FS template),,,,1900-01-01,,factset,FF_NET_INT_INC,
1502,net_interest_margin,bank,bank_template,duration,ratio,positive,true,Net Interest Margin,cross_vendor_field_map.md section 2.5 Industry-specific  Banks (FS template),,,,1900-01-01,,ciq,IQ_NIM,
1502,net_interest_margin,bank,bank_template,duration,ratio,positive,true,Net Interest Margin,cross_vendor_field_map.md section 2.5 Industry-specific  Banks (FS template),,,,1900-01-01,,ciq,dataItemId=1901,
1502,net_interest_margin,bank,bank_template,duration,ratio,positive,true,Net Interest Margin,cross_vendor_field_map.md section 2.5 Industry-specific  Banks (FS template),,,,1900-01-01,,compustat,nim,
1502,net_interest_margin,bank,bank_template,duration,ratio,positive,true,Net Interest Margin,cross_vendor_field_map.md section 2.5 Industry-specific  Banks (FS template),,,,1900-01-01,,factset,FF_NIM,
1503,interest_income_total,bank,bank_template,duration,monetary,positive,false,Interest Income  total,cross_vendor_field_map.md section 2.5 Industry-specific  Banks (FS template),,,,1900-01-01,,compustat,intinc,
1503,interest_income_total,bank,bank_template,duration,monetary,positive,false,Interest Income  total,cross_vendor_field_map.md section 2.5 Industry-specific  Banks (FS template),us-gaap,InterestAndDividendIncomeOperating,10,1900-01-01,,,,
1504,interest_expense_bank,bank,bank_template,duration,monetary,positive_expense,false,Interest Expense  bank,cross_vendor_field_map.md section 2.5 Industry-specific  Banks (FS template),,,,1900-01-01,,compustat,intexp,
1504,interest_expense_bank,bank,bank_template,duration,monetary,positive_expense,false,Interest Expense  bank,cross_vendor_field_map.md section 2.5 Industry-specific  Banks (FS template),,,,1900-01-01,,,,
1505,provision_for_loan_losses,bank,bank_template,duration,monetary,positive,false,Provision for Loan Losses,cross_vendor_field_map.md section 2.5 Industry-specific  Banks (FS template),,,,1900-01-01,,ciq,IQ_PROV_LOAN_LOSSES,
1505,provision_for_loan_losses,bank,bank_template,duration,monetary,positive,false,Provision for Loan Losses,cross_vendor_field_map.md section 2.5 Industry-specific  Banks (FS template),,,,1900-01-01,,ciq,dataItemId=1903,
1505,provision_for_loan_losses,bank,bank_template,duration,monetary,positive,false,Provision for Loan Losses,cross_vendor_field_map.md section 2.5 Industry-specific  Banks (FS template),,,,1900-01-01,,compustat,pln,
1505,provision_for_loan_losses,bank,bank_template,duration,monetary,positive,false,Provision for Loan Losses,cross_vendor_field_map.md section 2.5 Industry-specific  Banks (FS template),,,,1900-01-01,,factset,FF_PROV_LOAN_LOSS,
1505,provision_for_loan_losses,bank,bank_template,duration,monetary,positive,false,Provision for Loan Losses,cross_vendor_field_map.md section 2.5 Industry-specific  Banks (FS template),us-gaap,ProvisionForLoanAndLeaseLosses,10,1900-01-01,,,,
1506,allowance_for_loan_and_lease_losses,bank,bank_template,duration,monetary,positive,false,Allowance for Loan & Lease Losses,cross_vendor_field_map.md section 2.5 Industry-specific  Banks (FS template),,,,1900-01-01,,compustat,alll,
1506,allowance_for_loan_and_lease_losses,bank,bank_template,duration,monetary,positive,false,Allowance for Loan & Lease Losses,cross_vendor_field_map.md section 2.5 Industry-specific  Banks (FS template),,,,1900-01-01,,factset,FF_ALLL,
1507,non_performing_loans,bank,bank_template,duration,monetary,positive,false,Non-Performing Loans,cross_vendor_field_map.md section 2.5 Industry-specific  Banks (FS template),,,,1900-01-01,,factset,FF_NPL,
1508,net_charge_offs,bank,bank_template,duration,monetary,positive,false,Net Charge-Offs,cross_vendor_field_map.md section 2.5 Industry-specific  Banks (FS template),,,,1900-01-01,,factset,FF_NCO,
1509,total_loans,bank,bank_template,duration,monetary,positive,false,Total Loans,cross_vendor_field_map.md section 2.5 Industry-specific  Banks (FS template),,,,1900-01-01,,compustat,tll,
1509,total_loans,bank,bank_template,duration,monetary,positive,false,Total Loans,cross_vendor_field_map.md section 2.5 Industry-specific  Banks (FS template),,,,1900-01-01,,factset,FF_LOANS_TOT,
1509,total_loans,bank,bank_template,duration,monetary,positive,false,Total Loans,cross_vendor_field_map.md section 2.5 Industry-specific  Banks (FS template),us-gaap,LoansAndLeasesReceivableNetReportedAmount,10,1900-01-01,,,,
1510,total_deposits,bank,bank_template,duration,monetary,positive,false,Total Deposits,cross_vendor_field_map.md section 2.5 Industry-specific  Banks (FS template),,,,1900-01-01,,compustat,tdsa,
1510,total_deposits,bank,bank_template,duration,monetary,positive,false,Total Deposits,cross_vendor_field_map.md section 2.5 Industry-specific  Banks (FS template),,,,1900-01-01,,factset,FF_DEPOSITS_TOT,
1511,tier_1_capital,bank,bank_template,duration,monetary,positive,false,Tier 1 Capital,cross_vendor_field_map.md section 2.5 Industry-specific  Banks (FS template),,,,1900-01-01,,factset,FF_TIER1_CAP,
1512,tier_1_capital_ratio,bank,bank_template,instant,ratio,positive,false,Tier 1 Capital Ratio,cross_vendor_field_map.md section 2.5 Industry-specific  Banks (FS template),,,,1900-01-01,,factset,FF_TIER1_RATIO,
1513,cet1_common_equity_tier_1,bank,bank_template,duration,monetary,positive,false,CET1 (Common Equity Tier 1),cross_vendor_field_map.md section 2.5 Industry-specific  Banks (FS template),,,,1900-01-01,,factset,FF_CET1,
1514,risk_weighted_assets,bank,bank_template,duration,monetary,positive,false,Risk-Weighted Assets,cross_vendor_field_map.md section 2.5 Industry-specific  Banks (FS template),,,,1900-01-01,,factset,FF_RWA,
1515,efficiency_ratio,bank,bank_template,duration,ratio,positive,false,Efficiency Ratio,cross_vendor_field_map.md section 2.5 Industry-specific  Banks (FS template),,,,1900-01-01,,factset,FF_EFFICIENCY_RATIO,
1601,premiums_earned,insurance,insurance_template,duration,monetary,positive,false,Premiums Earned,cross_vendor_field_map.md section 2.6 Industry-specific  Insurance,,,,1900-01-01,,ciq,IQ_PREMIUMS_EARNED,
1601,premiums_earned,insurance,insurance_template,duration,monetary,positive,false,Premiums Earned,cross_vendor_field_map.md section 2.6 Industry-specific  Insurance,,,,1900-01-01,,ciq,dataItemId=2010,
1601,premiums_earned,insurance,insurance_template,duration,monetary,positive,false,Premiums Earned,cross_vendor_field_map.md section 2.6 Industry-specific  Insurance,,,,1900-01-01,,compustat,pncia,unverified source mapping
1601,premiums_earned,insurance,insurance_template,duration,monetary,positive,false,Premiums Earned,cross_vendor_field_map.md section 2.6 Industry-specific  Insurance,,,,1900-01-01,,factset,FF_PREM_EARNED,
1601,premiums_earned,insurance,insurance_template,duration,monetary,positive,false,Premiums Earned,cross_vendor_field_map.md section 2.6 Industry-specific  Insurance,us-gaap,PremiumsEarnedNet,10,1900-01-01,,,,
1602,premiums_written,insurance,insurance_template,duration,monetary,positive,false,Premiums Written,cross_vendor_field_map.md section 2.6 Industry-specific  Insurance,,,,1900-01-01,,factset,FF_PREM_WRITTEN,
1603,loss_reserves,insurance,insurance_template,duration,monetary,positive,false,Loss Reserves,cross_vendor_field_map.md section 2.6 Industry-specific  Insurance,,,,1900-01-01,,compustat,losres,
1603,loss_reserves,insurance,insurance_template,duration,monetary,positive,false,Loss Reserves,cross_vendor_field_map.md section 2.6 Industry-specific  Insurance,,,,1900-01-01,,factset,FF_LOSS_RESERVE,
1604,insurance_benefits_paid,insurance,insurance_template,duration,monetary,positive,false,Insurance Benefits Paid,cross_vendor_field_map.md section 2.6 Industry-specific  Insurance,,,,1900-01-01,,compustat,benefits,
1605,unpaid_claim_liability,insurance,insurance_template,duration,monetary,positive,false,Unpaid Claim Liability,cross_vendor_field_map.md section 2.6 Industry-specific  Insurance,,,,1900-01-01,,compustat,ucl,
1606,loss_ratio,insurance,insurance_template,duration,ratio,positive,false,Loss Ratio,cross_vendor_field_map.md section 2.6 Industry-specific  Insurance,,,,1900-01-01,,ciq,IQ_LOSS_RATIO,
1606,loss_ratio,insurance,insurance_template,duration,ratio,positive,false,Loss Ratio,cross_vendor_field_map.md section 2.6 Industry-specific  Insurance,,,,1900-01-01,,ciq,dataItemId=2030,
1606,loss_ratio,insurance,insurance_template,duration,ratio,positive,false,Loss Ratio,cross_vendor_field_map.md section 2.6 Industry-specific  Insurance,,,,1900-01-01,,factset,FF_LOSS_RATIO,
1607,expense_ratio,insurance,insurance_template,duration,ratio,positive_expense,false,Expense Ratio,cross_vendor_field_map.md section 2.6 Industry-specific  Insurance,,,,1900-01-01,,factset,FF_EXP_RATIO,
1608,combined_ratio,insurance,insurance_template,duration,ratio,positive,false,Combined Ratio,cross_vendor_field_map.md section 2.6 Industry-specific  Insurance,,,,1900-01-01,,ciq,IQ_COMBINED_RATIO,
1608,combined_ratio,insurance,insurance_template,duration,ratio,positive,false,Combined Ratio,cross_vendor_field_map.md section 2.6 Industry-specific  Insurance,,,,1900-01-01,,ciq,dataItemId=2050,
1608,combined_ratio,insurance,insurance_template,duration,ratio,positive,false,Combined Ratio,cross_vendor_field_map.md section 2.6 Industry-specific  Insurance,,,,1900-01-01,,factset,FF_COMB_RATIO,
1609,investment_portfolio,insurance,insurance_template,duration,monetary,positive,false,Investment Portfolio,cross_vendor_field_map.md section 2.6 Industry-specific  Insurance,,,,1900-01-01,,factset,FF_INVEST_PORT,
1610,insurance_float,insurance,insurance_template,duration,monetary,positive,false,Insurance Float,cross_vendor_field_map.md section 2.6 Industry-specific  Insurance,,,,1900-01-01,,factset,FF_FLOAT,
1701,funds_from_operations_ffo,reit,reit_template,duration,ratio,positive,false,Funds From Operations (FFO),cross_vendor_field_map.md section 2.7 Industry-specific  REITs,,,,1900-01-01,,ciq,IQ_FFO,
1701,funds_from_operations_ffo,reit,reit_template,duration,ratio,positive,false,Funds From Operations (FFO),cross_vendor_field_map.md section 2.7 Industry-specific  REITs,,,,1900-01-01,,ciq,dataItemId=1366,
1701,funds_from_operations_ffo,reit,reit_template,duration,ratio,positive,false,Funds From Operations (FFO),cross_vendor_field_map.md section 2.7 Industry-specific  REITs,,,,1900-01-01,,factset,FF_FFO,
1701,funds_from_operations_ffo,reit,reit_template,duration,ratio,positive,false,Funds From Operations (FFO),cross_vendor_field_map.md section 2.7 Industry-specific  REITs,nareit,FundsFromOperations,10,1900-01-01,,,,
1702,ffo_per_share,reit,reit_template,duration,per_share,positive,true,FFO per Share,cross_vendor_field_map.md section 2.7 Industry-specific  REITs,,,,1900-01-01,,factset,FF_FFO_PS,
1703,adjusted_ffo_affo,reit,reit_template,duration,monetary,positive,false,Adjusted FFO (AFFO),cross_vendor_field_map.md section 2.7 Industry-specific  REITs,,,,1900-01-01,,ciq,IQ_AFFO,
1703,adjusted_ffo_affo,reit,reit_template,duration,monetary,positive,false,Adjusted FFO (AFFO),cross_vendor_field_map.md section 2.7 Industry-specific  REITs,,,,1900-01-01,,ciq,dataItemId=1367,
1703,adjusted_ffo_affo,reit,reit_template,duration,monetary,positive,false,Adjusted FFO (AFFO),cross_vendor_field_map.md section 2.7 Industry-specific  REITs,,,,1900-01-01,,factset,FF_AFFO,
1704,affo_per_share,reit,reit_template,duration,per_share,positive,true,AFFO per Share,cross_vendor_field_map.md section 2.7 Industry-specific  REITs,,,,1900-01-01,,factset,FF_AFFO_PS,
1705,net_operating_income_noi,reit,reit_template,duration,monetary,positive,false,Net Operating Income (NOI),cross_vendor_field_map.md section 2.7 Industry-specific  REITs,,,,1900-01-01,,factset,FF_NOI,
1706,same_store_noi,reit,reit_template,duration,monetary,positive,false,Same-Store NOI,cross_vendor_field_map.md section 2.7 Industry-specific  REITs,,,,1900-01-01,,factset,FF_NOI_SAME_STORE,
1707,occupancy_rate,reit,reit_template,instant,ratio,positive,false,Occupancy Rate (%),cross_vendor_field_map.md section 2.7 Industry-specific  REITs,,,,1900-01-01,,factset,FF_OCCUPANCY,
1708,rent_per_square_foot,reit,reit_template,duration,monetary,positive,false,Rent per Square Foot,cross_vendor_field_map.md section 2.7 Industry-specific  REITs,,,,1900-01-01,,factset,FF_RENT_PSF,
1709,gross_leasable_area,reit,reit_template,instant,quantity,positive,false,Gross Leasable Area,cross_vendor_field_map.md section 2.7 Industry-specific  REITs,,,,1900-01-01,,factset,FF_GLA,
1710,net_asset_value_per_share,reit,reit_template,duration,per_share,positive,false,Net Asset Value per Share,cross_vendor_field_map.md section 2.7 Industry-specific  REITs,,,,1900-01-01,,factset,FF_NAV,
1711,capitalisation_rate,reit,reit_template,duration,ratio,positive,false,Capitalisation Rate,cross_vendor_field_map.md section 2.7 Industry-specific  REITs,,,,1900-01-01,,factset,FF_CAP_RATE,
1712,ffo_payout_ratio,reit,reit_template,duration,ratio,positive,false,FFO Payout Ratio,cross_vendor_field_map.md section 2.7 Industry-specific  REITs,,,,1900-01-01,,factset,FF_FFO_PAYOUT,
1801,utility_operating_revenue,utility,utility_template,duration,monetary,positive,false,Utility Operating Revenue,cross_vendor_field_map.md PF2-S5 Utility template,us-gaap,RegulatedAndUnregulatedOperatingRevenue,10,1900-01-01,,,,
1802,utility_rate_base,utility,utility_template,instant,monetary,positive,false,Utility Rate Base,cross_vendor_field_map.md PF2-S5 Utility template,,,,1900-01-01,,factset,FF_UTILITY_RATE_BASE,
1803,utility_ppe_rate_base,utility,utility_template,instant,monetary,positive,false,Utility PPE Rate Base,cross_vendor_field_map.md PF2-S5 Utility template,us-gaap,PublicUtilitiesPropertyPlantAndEquipmentRateBaseAmount,10,1900-01-01,,,,
1804,utility_operating_income,utility,utility_template,duration,monetary,positive,false,Utility Operating Income,cross_vendor_field_map.md PF2-S5 Utility template,,,,1900-01-01,,,,
1805,utility_depreciation_amortization,utility,utility_template,duration,monetary,positive_expense,false,Utility Depreciation and Amortization,cross_vendor_field_map.md PF2-S5 Utility template,,,,1900-01-01,,,,
1901,broker_dealer_revenue,broker_dealer,broker_dealer_template,duration,monetary,positive,false,Broker-Dealer Revenue,cross_vendor_field_map.md PF2-S5 Broker-dealer template,,,,1900-01-01,,,,
1902,segregated_cash_securities,broker_dealer,broker_dealer_template,instant,monetary,positive,false,Segregated Cash and Securities,cross_vendor_field_map.md PF2-S5 Broker-dealer template,us-gaap,SegregatedCashAndSecurities,10,1900-01-01,,,,
1903,payables_broker_dealers,broker_dealer,broker_dealer_template,instant,monetary,positive,false,Payables to Broker-Dealers and Clearing Organizations,cross_vendor_field_map.md PF2-S5 Broker-dealer template,us-gaap,PayablesToBrokerDealersAndClearingOrganizations,10,1900-01-01,,,,
1904,receivables_broker_dealers,broker_dealer,broker_dealer_template,instant,monetary,positive,false,Receivables from Broker-Dealers and Clearing Organizations,cross_vendor_field_map.md PF2-S5 Broker-dealer template,us-gaap,ReceivablesFromBrokerDealersAndClearingOrganizations,10,1900-01-01,,,,
1905,net_capital,broker_dealer,broker_dealer_template,instant,monetary,positive,false,Broker-Dealer Net Capital,cross_vendor_field_map.md PF2-S5 Broker-dealer template,,,,1900-01-01,,factset,FF_NET_CAPITAL,
2001,eps_diluted_normalized,estimate,estimates,estimate,per_share,positive,false,EPS  Diluted Normalized,cross_vendor_field_map.md section 3.1 Measure-level mapping,,,,1900-01-01,,bloomberg,BEST_EPS,
2001,eps_diluted_normalized,estimate,estimates,estimate,per_share,positive,false,EPS  Diluted Normalized,cross_vendor_field_map.md section 3.1 Measure-level mapping,,,,1900-01-01,,ciq,IQ_EST_EPS_NORM,
2001,eps_diluted_normalized,estimate,estimates,estimate,per_share,positive,false,EPS  Diluted Normalized,cross_vendor_field_map.md section 3.1 Measure-level mapping,,,,1900-01-01,,factset_estimates,EPS,
2001,eps_diluted_normalized,estimate,estimates,estimate,per_share,positive,false,EPS  Diluted Normalized,cross_vendor_field_map.md section 3.1 Measure-level mapping,,,,1900-01-01,,ibes,EPS,
2001,eps_diluted_normalized,estimate,estimates,estimate,per_share,positive,false,EPS  Diluted Normalized,cross_vendor_field_map.md section 3.1 Measure-level mapping,,,,1900-01-01,,visible_alpha,eps_diluted_norm,
2002,eps_diluted_gaap,estimate,estimates,estimate,per_share,positive,false,EPS  Diluted GAAP,cross_vendor_field_map.md section 3.1 Measure-level mapping,,,,1900-01-01,,bloomberg,BEST_EPS_GAAP,
2002,eps_diluted_gaap,estimate,estimates,estimate,per_share,positive,false,EPS  Diluted GAAP,cross_vendor_field_map.md section 3.1 Measure-level mapping,,,,1900-01-01,,ciq,IQ_EST_EPS_GAAP,
2002,eps_diluted_gaap,estimate,estimates,estimate,per_share,positive,false,EPS  Diluted GAAP,cross_vendor_field_map.md section 3.1 Measure-level mapping,,,,1900-01-01,,factset_estimates,EPS_GAAP,unverified source mapping
2002,eps_diluted_gaap,estimate,estimates,estimate,per_share,positive,false,EPS  Diluted GAAP,cross_vendor_field_map.md section 3.1 Measure-level mapping,,,,1900-01-01,,ibes,NER,
2002,eps_diluted_gaap,estimate,estimates,estimate,per_share,positive,false,EPS  Diluted GAAP,cross_vendor_field_map.md section 3.1 Measure-level mapping,,,,1900-01-01,,visible_alpha,eps_gaap,
2003,eps_basic__2003,estimate,estimates,estimate,per_share,positive,false,EPS  Basic,cross_vendor_field_map.md section 3.1 Measure-level mapping,,,,1900-01-01,,factset_estimates,EPS_BASIC,unverified source mapping
2003,eps_basic__2003,estimate,estimates,estimate,per_share,positive,false,EPS  Basic,cross_vendor_field_map.md section 3.1 Measure-level mapping,,,,1900-01-01,,ibes,EPS,
2004,eps_beginning_of_period,estimate,estimates,estimate,per_share,positive,false,EPS  Beginning of Period,cross_vendor_field_map.md section 3.1 Measure-level mapping,,,,1900-01-01,,bloomberg,BEST_EPS_BEG,
2005,sales_revenue,estimate,estimates,estimate,monetary,positive,false,Sales / Revenue,cross_vendor_field_map.md section 3.1 Measure-level mapping,,,,1900-01-01,,bloomberg,BEST_SALES,
2005,sales_revenue,estimate,estimates,estimate,monetary,positive,false,Sales / Revenue,cross_vendor_field_map.md section 3.1 Measure-level mapping,,,,1900-01-01,,ciq,IQ_EST_REV,
2005,sales_revenue,estimate,estimates,estimate,monetary,positive,false,Sales / Revenue,cross_vendor_field_map.md section 3.1 Measure-level mapping,,,,1900-01-01,,factset_estimates,SALES,
2005,sales_revenue,estimate,estimates,estimate,monetary,positive,false,Sales / Revenue,cross_vendor_field_map.md section 3.1 Measure-level mapping,,,,1900-01-01,,ibes,REV,
2005,sales_revenue,estimate,estimates,estimate,monetary,positive,false,Sales / Revenue,cross_vendor_field_map.md section 3.1 Measure-level mapping,,,,1900-01-01,,ibes,SAL,
2005,sales_revenue,estimate,estimates,estimate,monetary,positive,false,Sales / Revenue,cross_vendor_field_map.md section 3.1 Measure-level mapping,,,,1900-01-01,,visible_alpha,revenue,
2006,ebitda,estimate,estimates,estimate,monetary,positive,false,EBITDA,cross_vendor_field_map.md section 3.1 Measure-level mapping,,,,1900-01-01,,bloomberg,BEST_EBITDA,
2006,ebitda,estimate,estimates,estimate,monetary,positive,false,EBITDA,cross_vendor_field_map.md section 3.1 Measure-level mapping,,,,1900-01-01,,ciq,IQ_EST_EBITDA,
2006,ebitda,estimate,estimates,estimate,monetary,positive,false,EBITDA,cross_vendor_field_map.md section 3.1 Measure-level mapping,,,,1900-01-01,,factset_estimates,EBITDA,
2006,ebitda,estimate,estimates,estimate,monetary,positive,false,EBITDA,cross_vendor_field_map.md section 3.1 Measure-level mapping,,,,1900-01-01,,ibes,EBT,
2006,ebitda,estimate,estimates,estimate,monetary,positive,false,EBITDA,cross_vendor_field_map.md section 3.1 Measure-level mapping,,,,1900-01-01,,ibes,MEASURE,
2006,ebitda,estimate,estimates,estimate,monetary,positive,false,EBITDA,cross_vendor_field_map.md section 3.1 Measure-level mapping,,,,1900-01-01,,visible_alpha,ebitda,
2007,ebit__2007,estimate,estimates,estimate,monetary,positive,false,EBIT,cross_vendor_field_map.md section 3.1 Measure-level mapping,,,,1900-01-01,,ciq,IQ_EST_EBIT,
2007,ebit__2007,estimate,estimates,estimate,monetary,positive,false,EBIT,cross_vendor_field_map.md section 3.1 Measure-level mapping,,,,1900-01-01,,factset_estimates,EBIT,
2007,ebit__2007,estimate,estimates,estimate,monetary,positive,false,EBIT,cross_vendor_field_map.md section 3.1 Measure-level mapping,,,,1900-01-01,,ibes,EBI,
2007,ebit__2007,estimate,estimates,estimate,monetary,positive,false,EBIT,cross_vendor_field_map.md section 3.1 Measure-level mapping,,,,1900-01-01,,visible_alpha,ebit,
2008,operating_profit,estimate,estimates,estimate,monetary,positive,false,Operating Profit,cross_vendor_field_map.md section 3.1 Measure-level mapping,,,,1900-01-01,,ciq,100186,
2008,operating_profit,estimate,estimates,estimate,monetary,positive,false,Operating Profit,cross_vendor_field_map.md section 3.1 Measure-level mapping,,,,1900-01-01,,factset_estimates,OPR_PRO,
2008,operating_profit,estimate,estimates,estimate,monetary,positive,false,Operating Profit,cross_vendor_field_map.md section 3.1 Measure-level mapping,,,,1900-01-01,,ibes,OPR,
2008,operating_profit,estimate,estimates,estimate,monetary,positive,false,Operating Profit,cross_vendor_field_map.md section 3.1 Measure-level mapping,,,,1900-01-01,,ibes,OPS,
2008,operating_profit,estimate,estimates,estimate,monetary,positive,false,Operating Profit,cross_vendor_field_map.md section 3.1 Measure-level mapping,,,,1900-01-01,,visible_alpha,op_inc,
2009,net_income,estimate,estimates,estimate,monetary,positive,false,Net Income,cross_vendor_field_map.md section 3.1 Measure-level mapping,,,,1900-01-01,,bloomberg,BEST_NET_INC,
2009,net_income,estimate,estimates,estimate,monetary,positive,false,Net Income,cross_vendor_field_map.md section 3.1 Measure-level mapping,,,,1900-01-01,,ciq,100185,
2009,net_income,estimate,estimates,estimate,monetary,positive,false,Net Income,cross_vendor_field_map.md section 3.1 Measure-level mapping,,,,1900-01-01,,factset_estimates,NET_INC,
2009,net_income,estimate,estimates,estimate,monetary,positive,false,Net Income,cross_vendor_field_map.md section 3.1 Measure-level mapping,,,,1900-01-01,,ibes,INC,
2009,net_income,estimate,estimates,estimate,monetary,positive,false,Net Income,cross_vendor_field_map.md section 3.1 Measure-level mapping,,,,1900-01-01,,ibes,NET,
2009,net_income,estimate,estimates,estimate,monetary,positive,false,Net Income,cross_vendor_field_map.md section 3.1 Measure-level mapping,,,,1900-01-01,,visible_alpha,net_inc,
2010,cash_flow_per_share,estimate,estimates,estimate,per_share,positive,false,Cash Flow per Share,cross_vendor_field_map.md section 3.1 Measure-level mapping,,,,1900-01-01,,ciq,100188,
2010,cash_flow_per_share,estimate,estimates,estimate,per_share,positive,false,Cash Flow per Share,cross_vendor_field_map.md section 3.1 Measure-level mapping,,,,1900-01-01,,factset_estimates,CFPS,
2010,cash_flow_per_share,estimate,estimates,estimate,per_share,positive,false,Cash Flow per Share,cross_vendor_field_map.md section 3.1 Measure-level mapping,,,,1900-01-01,,ibes,CPS,
2011,capex__2011,estimate,estimates,estimate,monetary,positive_expense,false,Capex,cross_vendor_field_map.md section 3.1 Measure-level mapping,,,,1900-01-01,,bloomberg,BEST_CAPEX,
2011,capex__2011,estimate,estimates,estimate,monetary,positive_expense,false,Capex,cross_vendor_field_map.md section 3.1 Measure-level mapping,,,,1900-01-01,,ciq,100189,
2011,capex__2011,estimate,estimates,estimate,monetary,positive_expense,false,Capex,cross_vendor_field_map.md section 3.1 Measure-level mapping,,,,1900-01-01,,factset_estimates,CAPEX,
2011,capex__2011,estimate,estimates,estimate,monetary,positive_expense,false,Capex,cross_vendor_field_map.md section 3.1 Measure-level mapping,,,,1900-01-01,,ibes,CPX,
2011,capex__2011,estimate,estimates,estimate,monetary,positive_expense,false,Capex,cross_vendor_field_map.md section 3.1 Measure-level mapping,,,,1900-01-01,,visible_alpha,capex,
2012,free_cash_flow__2012,estimate,estimates,estimate,monetary,positive,false,Free Cash Flow,cross_vendor_field_map.md section 3.1 Measure-level mapping,,,,1900-01-01,,bloomberg,BEST_FCF,unverified source mapping
2012,free_cash_flow__2012,estimate,estimates,estimate,monetary,positive,false,Free Cash Flow,cross_vendor_field_map.md section 3.1 Measure-level mapping,,,,1900-01-01,,ciq,100190,
2012,free_cash_flow__2012,estimate,estimates,estimate,monetary,positive,false,Free Cash Flow,cross_vendor_field_map.md section 3.1 Measure-level mapping,,,,1900-01-01,,factset_estimates,FCF,
2012,free_cash_flow__2012,estimate,estimates,estimate,monetary,positive,false,Free Cash Flow,cross_vendor_field_map.md section 3.1 Measure-level mapping,,,,1900-01-01,,visible_alpha,fcf,
2013,fcf_per_share__2013,estimate,estimates,estimate,per_share,positive,false,FCF per Share,cross_vendor_field_map.md section 3.1 Measure-level mapping,,,,1900-01-01,,factset_estimates,FCFPS,
2014,dividends_per_share,estimate,estimates,estimate,per_share,positive_expense,false,Dividends per Share,cross_vendor_field_map.md section 3.1 Measure-level mapping,,,,1900-01-01,,bloomberg,BEST_DPS,
2014,dividends_per_share,estimate,estimates,estimate,per_share,positive_expense,false,Dividends per Share,cross_vendor_field_map.md section 3.1 Measure-level mapping,,,,1900-01-01,,ciq,100191,
2014,dividends_per_share,estimate,estimates,estimate,per_share,positive_expense,false,Dividends per Share,cross_vendor_field_map.md section 3.1 Measure-level mapping,,,,1900-01-01,,factset_estimates,DPS,
2014,dividends_per_share,estimate,estimates,estimate,per_share,positive_expense,false,Dividends per Share,cross_vendor_field_map.md section 3.1 Measure-level mapping,,,,1900-01-01,,ibes,DPS,
2014,dividends_per_share,estimate,estimates,estimate,per_share,positive_expense,false,Dividends per Share,cross_vendor_field_map.md section 3.1 Measure-level mapping,,,,1900-01-01,,visible_alpha,dps,
2015,book_value_per_share__2015,estimate,estimates,estimate,per_share,positive,false,Book Value per Share,cross_vendor_field_map.md section 3.1 Measure-level mapping,,,,1900-01-01,,bloomberg,BEST_BPS,
2015,book_value_per_share__2015,estimate,estimates,estimate,per_share,positive,false,Book Value per Share,cross_vendor_field_map.md section 3.1 Measure-level mapping,,,,1900-01-01,,ciq,100192,
2015,book_value_per_share__2015,estimate,estimates,estimate,per_share,positive,false,Book Value per Share,cross_vendor_field_map.md section 3.1 Measure-level mapping,,,,1900-01-01,,factset_estimates,BPS,
2015,book_value_per_share__2015,estimate,estimates,estimate,per_share,positive,false,Book Value per Share,cross_vendor_field_map.md section 3.1 Measure-level mapping,,,,1900-01-01,,ibes,BPS,
2015,book_value_per_share__2015,estimate,estimates,estimate,per_share,positive,false,Book Value per Share,cross_vendor_field_map.md section 3.1 Measure-level mapping,,,,1900-01-01,,visible_alpha,bps,
2016,gross_profit__2016,estimate,estimates,estimate,monetary,positive,false,Gross Profit,cross_vendor_field_map.md section 3.1 Measure-level mapping,,,,1900-01-01,,ciq,100187,
2016,gross_profit__2016,estimate,estimates,estimate,monetary,positive,false,Gross Profit,cross_vendor_field_map.md section 3.1 Measure-level mapping,,,,1900-01-01,,ibes,GPS,
2016,gross_profit__2016,estimate,estimates,estimate,monetary,positive,false,Gross Profit,cross_vendor_field_map.md section 3.1 Measure-level mapping,,,,1900-01-01,,ibes,GRM,
2016,gross_profit__2016,estimate,estimates,estimate,monetary,positive,false,Gross Profit,cross_vendor_field_map.md section 3.1 Measure-level mapping,,,,1900-01-01,,visible_alpha,gross_profit,
2017,gross_margin__2017,estimate,estimates,estimate,ratio,positive,false,Gross Margin,cross_vendor_field_map.md section 3.1 Measure-level mapping,,,,1900-01-01,,factset_estimates,GPM,
2017,gross_margin__2017,estimate,estimates,estimate,ratio,positive,false,Gross Margin,cross_vendor_field_map.md section 3.1 Measure-level mapping,,,,1900-01-01,,ibes,GRM,
2017,gross_margin__2017,estimate,estimates,estimate,ratio,positive,false,Gross Margin,cross_vendor_field_map.md section 3.1 Measure-level mapping,,,,1900-01-01,,visible_alpha,gross_margin,
2018,operating_margin__2018,estimate,estimates,estimate,ratio,positive,false,Operating Margin,cross_vendor_field_map.md section 3.1 Measure-level mapping,,,,1900-01-01,,factset_estimates,OPM,
2018,operating_margin__2018,estimate,estimates,estimate,ratio,positive,false,Operating Margin,cross_vendor_field_map.md section 3.1 Measure-level mapping,,,,1900-01-01,,ibes,OPM,
2018,operating_margin__2018,estimate,estimates,estimate,ratio,positive,false,Operating Margin,cross_vendor_field_map.md section 3.1 Measure-level mapping,,,,1900-01-01,,visible_alpha,op_margin,
2019,effective_tax_rate,estimate,estimates,estimate,ratio,positive_expense,false,Effective Tax Rate,cross_vendor_field_map.md section 3.1 Measure-level mapping,,,,1900-01-01,,ciq,100193,
2019,effective_tax_rate,estimate,estimates,estimate,ratio,positive_expense,false,Effective Tax Rate,cross_vendor_field_map.md section 3.1 Measure-level mapping,,,,1900-01-01,,visible_alpha,tax_rate,
2020,return_on_equity,estimate,estimates,estimate,monetary,positive,false,Return on Equity,cross_vendor_field_map.md section 3.1 Measure-level mapping,,,,1900-01-01,,ciq,100194,
2020,return_on_equity,estimate,estimates,estimate,monetary,positive,false,Return on Equity,cross_vendor_field_map.md section 3.1 Measure-level mapping,,,,1900-01-01,,factset_estimates,ROE,
2020,return_on_equity,estimate,estimates,estimate,monetary,positive,false,Return on Equity,cross_vendor_field_map.md section 3.1 Measure-level mapping,,,,1900-01-01,,ibes,ROE,
2021,return_on_assets,estimate,estimates,estimate,monetary,positive,false,Return on Assets,cross_vendor_field_map.md section 3.1 Measure-level mapping,,,,1900-01-01,,ciq,100195,
2021,return_on_assets,estimate,estimates,estimate,monetary,positive,false,Return on Assets,cross_vendor_field_map.md section 3.1 Measure-level mapping,,,,1900-01-01,,factset_estimates,ROA,
2021,return_on_assets,estimate,estimates,estimate,monetary,positive,false,Return on Assets,cross_vendor_field_map.md section 3.1 Measure-level mapping,,,,1900-01-01,,ibes,ROA,
2022,net_asset_value_reit_cef,estimate,estimates,estimate,monetary,positive,false,Net Asset Value (REIT/CEF),cross_vendor_field_map.md section 3.1 Measure-level mapping,,,,1900-01-01,,factset_estimates,NAV,
2022,net_asset_value_reit_cef,estimate,estimates,estimate,monetary,positive,false,Net Asset Value (REIT/CEF),cross_vendor_field_map.md section 3.1 Measure-level mapping,,,,1900-01-01,,ibes,NAV,
2023,funds_from_operations_reit,estimate,estimates,estimate,ratio,positive,false,Funds From Operations (REIT),cross_vendor_field_map.md section 3.1 Measure-level mapping,,,,1900-01-01,,factset_estimates,FFO,
2023,funds_from_operations_reit,estimate,estimates,estimate,ratio,positive,false,Funds From Operations (REIT),cross_vendor_field_map.md section 3.1 Measure-level mapping,,,,1900-01-01,,ibes,FFO,
2024,long_term_growth,estimate,estimates,estimate,ratio,positive,false,Long-Term Growth,cross_vendor_field_map.md section 3.1 Measure-level mapping,,,,1900-01-01,,bloomberg,BEST_LT_GROWTH,
2024,long_term_growth,estimate,estimates,estimate,ratio,positive,false,Long-Term Growth,cross_vendor_field_map.md section 3.1 Measure-level mapping,,,,1900-01-01,,ciq,IQ_LTG,
2024,long_term_growth,estimate,estimates,estimate,ratio,positive,false,Long-Term Growth,cross_vendor_field_map.md section 3.1 Measure-level mapping,,,,1900-01-01,,factset_estimates,LTG,
2024,long_term_growth,estimate,estimates,estimate,ratio,positive,false,Long-Term Growth,cross_vendor_field_map.md section 3.1 Measure-level mapping,,,,1900-01-01,,ibes,0,
2024,long_term_growth,estimate,estimates,estimate,ratio,positive,false,Long-Term Growth,cross_vendor_field_map.md section 3.1 Measure-level mapping,,,,1900-01-01,,ibes,LTG,
2025,target_price_12m,estimate,estimates,estimate,monetary,positive,false,Target Price (12m),cross_vendor_field_map.md section 3.1 Measure-level mapping,,,,1900-01-01,,bloomberg,BEST_TARGET_PRICE,
2025,target_price_12m,estimate,estimates,estimate,monetary,positive,false,Target Price (12m),cross_vendor_field_map.md section 3.1 Measure-level mapping,,,,1900-01-01,,factset_estimates,TARGET_PRICE,
2025,target_price_12m,estimate,estimates,estimate,monetary,positive,false,Target Price (12m),cross_vendor_field_map.md section 3.1 Measure-level mapping,,,,1900-01-01,,ibes,ptgdet,
2026,recommendation,estimate,estimates,estimate,ratio,positive,false,Recommendation,cross_vendor_field_map.md section 3.1 Measure-level mapping,,,,1900-01-01,,bloomberg,BEST_ANALYST_RATING,
2026,recommendation,estimate,estimates,estimate,ratio,positive,false,Recommendation,cross_vendor_field_map.md section 3.1 Measure-level mapping,,,,1900-01-01,,bloomberg,BEST_REC,
2026,recommendation,estimate,estimates,estimate,ratio,positive,false,Recommendation,cross_vendor_field_map.md section 3.1 Measure-level mapping,,,,1900-01-01,,bloomberg,BEST_REC_RAW,
2026,recommendation,estimate,estimates,estimate,ratio,positive,false,Recommendation,cross_vendor_field_map.md section 3.1 Measure-level mapping,,,,1900-01-01,,factset_estimates,RECOMMENDATION,
2026,recommendation,estimate,estimates,estimate,ratio,positive,false,Recommendation,cross_vendor_field_map.md section 3.1 Measure-level mapping,,,,1900-01-01,,ibes,ireccd,
2026,recommendation,estimate,estimates,estimate,ratio,positive,false,Recommendation,cross_vendor_field_map.md section 3.1 Measure-level mapping,,,,1900-01-01,,ibes,recddet,
2027,recommendation_count_buys,estimate,estimates,estimate,ratio,positive,false,Recommendation count (Buys),cross_vendor_field_map.md section 3.1 Measure-level mapping,,,,1900-01-01,,bloomberg,BEST_RECS_BUYS,
2027,recommendation_count_buys,estimate,estimates,estimate,ratio,positive,false,Recommendation count (Buys),cross_vendor_field_map.md section 3.1 Measure-level mapping,,,,1900-01-01,,ibes,recdsum,
2028,recommendation_count_holds,estimate,estimates,estimate,ratio,positive,false,Recommendation count (Holds),cross_vendor_field_map.md section 3.1 Measure-level mapping,,,,1900-01-01,,bloomberg,BEST_RECS_HOLDS,
2029,recommendation_count_sells,estimate,estimates,estimate,ratio,positive,false,Recommendation count (Sells),cross_vendor_field_map.md section 3.1 Measure-level mapping,,,,1900-01-01,,bloomberg,BEST_RECS_SELLS,
2030,number_of_estimators,estimate,estimates,estimate,quantity,positive,false,Number of Estimators,cross_vendor_field_map.md section 3.1 Measure-level mapping,,,,1900-01-01,,bloomberg,BEST_EPS_NUMEST,
2030,number_of_estimators,estimate,estimates,estimate,quantity,positive,false,Number of Estimators,cross_vendor_field_map.md section 3.1 Measure-level mapping,,,,1900-01-01,,bloomberg,BEST_EST_NUM,
2030,number_of_estimators,estimate,estimates,estimate,quantity,positive,false,Number of Estimators,cross_vendor_field_map.md section 3.1 Measure-level mapping,,,,1900-01-01,,factset_estimates,num_est,
2030,number_of_estimators,estimate,estimates,estimate,quantity,positive,false,Number of Estimators,cross_vendor_field_map.md section 3.1 Measure-level mapping,,,,1900-01-01,,ibes,numest,
2031,stdev_of_estimates,estimate,estimates,estimate,monetary,positive,false,StDev of Estimates,cross_vendor_field_map.md section 3.1 Measure-level mapping,,,,1900-01-01,,bloomberg,BEST_EPS_STDEV,
2031,stdev_of_estimates,estimate,estimates,estimate,monetary,positive,false,StDev of Estimates,cross_vendor_field_map.md section 3.1 Measure-level mapping,,,,1900-01-01,,factset_estimates,stdev_est,
2031,stdev_of_estimates,estimate,estimates,estimate,monetary,positive,false,StDev of Estimates,cross_vendor_field_map.md section 3.1 Measure-level mapping,,,,1900-01-01,,ibes,stdev,
2032,high_low_estimate,estimate,estimates,estimate,monetary,positive,false,High / Low Estimate,cross_vendor_field_map.md section 3.1 Measure-level mapping,,,,1900-01-01,,bloomberg,BEST_EPS_HIGH,
2032,high_low_estimate,estimate,estimates,estimate,monetary,positive,false,High / Low Estimate,cross_vendor_field_map.md section 3.1 Measure-level mapping,,,,1900-01-01,,bloomberg,BEST_EPS_LOW,
2032,high_low_estimate,estimate,estimates,estimate,monetary,positive,false,High / Low Estimate,cross_vendor_field_map.md section 3.1 Measure-level mapping,,,,1900-01-01,,factset_estimates,high_est,
2032,high_low_estimate,estimate,estimates,estimate,monetary,positive,false,High / Low Estimate,cross_vendor_field_map.md section 3.1 Measure-level mapping,,,,1900-01-01,,factset_estimates,low_est,
2032,high_low_estimate,estimate,estimates,estimate,monetary,positive,false,High / Low Estimate,cross_vendor_field_map.md section 3.1 Measure-level mapping,,,,1900-01-01,,ibes,highest,
2032,high_low_estimate,estimate,estimates,estimate,monetary,positive,false,High / Low Estimate,cross_vendor_field_map.md section 3.1 Measure-level mapping,,,,1900-01-01,,ibes,lowest,
2033,surprise,estimate,estimates,estimate,ratio,positive,false,Surprise %,cross_vendor_field_map.md section 3.1 Measure-level mapping,,,,1900-01-01,,bloomberg,BEST_EPS_SURP_LAST_QTR,unverified source mapping
2033,surprise,estimate,estimates,estimate,ratio,positive,false,Surprise %,cross_vendor_field_map.md section 3.1 Measure-level mapping,,,,1900-01-01,,factset_estimates,surprise_pct,
2034,beat_meet_miss_flag,estimate,estimates,estimate,ratio,positive,false,Beat/Meet/Miss flag,cross_vendor_field_map.md section 3.1 Measure-level mapping,,,,1900-01-01,,factset_estimates,beat_meet_miss,
2035,forward_p_e,estimate,estimates,estimate,ratio,positive,false,Forward P/E,cross_vendor_field_map.md section 3.1 Measure-level mapping,,,,1900-01-01,,bloomberg,BEST_PE_RATIO,
2036,same_store_sales_kpi,estimate,estimates,estimate,monetary,positive,false,Same-Store Sales (KPI),cross_vendor_field_map.md section 3.1 Measure-level mapping,,,,1900-01-01,,factset_estimates,SAME_STORE_SALES,
2036,same_store_sales_kpi,estimate,estimates,estimate,monetary,positive,false,Same-Store Sales (KPI),cross_vendor_field_map.md section 3.1 Measure-level mapping,,,,1900-01-01,,ibes,SSS,
2036,same_store_sales_kpi,estimate,estimates,estimate,monetary,positive,false,Same-Store Sales (KPI),cross_vendor_field_map.md section 3.1 Measure-level mapping,,,,1900-01-01,,visible_alpha,same_store_sales,
2037,arpu_telecom_kpi,estimate,estimates,estimate,monetary,positive,false,ARPU (Telecom KPI),cross_vendor_field_map.md section 3.1 Measure-level mapping,,,,1900-01-01,,factset_estimates,ARPU,
2037,arpu_telecom_kpi,estimate,estimates,estimate,monetary,positive,false,ARPU (Telecom KPI),cross_vendor_field_map.md section 3.1 Measure-level mapping,,,,1900-01-01,,ibes,ARPU,
2037,arpu_telecom_kpi,estimate,estimates,estimate,monetary,positive,false,ARPU (Telecom KPI),cross_vendor_field_map.md section 3.1 Measure-level mapping,,,,1900-01-01,,visible_alpha,arpu,
2038,subscribers_telecom_streaming_kpi,estimate,estimates,estimate,quantity,positive,false,Subscribers (Telecom/Streaming KPI),cross_vendor_field_map.md section 3.1 Measure-level mapping,,,,1900-01-01,,factset_estimates,SUBSCRIBERS,
2038,subscribers_telecom_streaming_kpi,estimate,estimates,estimate,quantity,positive,false,Subscribers (Telecom/Streaming KPI),cross_vendor_field_map.md section 3.1 Measure-level mapping,,,,1900-01-01,,ibes,SUBSC,
2038,subscribers_telecom_streaming_kpi,estimate,estimates,estimate,quantity,positive,false,Subscribers (Telecom/Streaming KPI),cross_vendor_field_map.md section 3.1 Measure-level mapping,,,,1900-01-01,,visible_alpha,subscribers,
2039,load_factor_airline_kpi,estimate,estimates,estimate,monetary,positive,false,Load Factor (Airline KPI),cross_vendor_field_map.md section 3.1 Measure-level mapping,,,,1900-01-01,,factset_estimates,LOAD_FACTOR,
2040,ask_rpk_airline_kpi,estimate,estimates,estimate,monetary,positive,false,ASK / RPK (Airline KPI),cross_vendor_field_map.md section 3.1 Measure-level mapping,,,,1900-01-01,,factset_estimates,ASK,
2040,ask_rpk_airline_kpi,estimate,estimates,estimate,monetary,positive,false,ASK / RPK (Airline KPI),cross_vendor_field_map.md section 3.1 Measure-level mapping,,,,1900-01-01,,factset_estimates,RPK,
2041,production_oil_e_and_p_kpi,estimate,estimates,estimate,monetary,positive,false,Production  Oil (E&P KPI),cross_vendor_field_map.md section 3.1 Measure-level mapping,,,,1900-01-01,,factset_estimates,PROD_OIL,
2042,production_gold_miner_kpi,estimate,estimates,estimate,monetary,positive,false,Production  Gold (Miner KPI),cross_vendor_field_map.md section 3.1 Measure-level mapping,,,,1900-01-01,,factset_estimates,PROD_GOLD,
2043,aum_asset_manager_kpi,estimate,estimates,estimate,monetary,positive,false,AUM (Asset Manager KPI),cross_vendor_field_map.md section 3.1 Measure-level mapping,,,,1900-01-01,,factset_estimates,AUM,
2044,noi_reit_kpi,estimate,estimates,estimate,monetary,positive,false,NOI (REIT KPI),cross_vendor_field_map.md section 3.1 Measure-level mapping,,,,1900-01-01,,factset_estimates,NOI,
