feature_id,source_kind,metric_code,metric_window,numerator,denominator,anomaly_class,economic_definition,expected_sign,sign_rationale,reference,prior_evidence,hypothesis_family,scale_type,preferred_transform,domain,availability_clock,min_history_quarters,min_history_sessions,admission,caveat_code,admission_note,supersedes
earnings_yield,seed_metric,earnings_yield,daily,,,value,Trailing twelve-month earnings available to common over market capitalization (E/P).,+1,A low price relative to earnings signals a value premium from risk or overextrapolated pessimism.,Basu 1977 (Journal of Finance); Fama and French 1992 (Journal of Finance); Jaffe Keim and Westerfield 1989 (Journal of Finance),published_anomaly,earnings_to_price,yield,winsor_z,loss_firms_separate,max_filing_46h_trade_date_22h,4,1,eligible_with_caveat,non_monotone,Loss firms leave the ranked domain and are carried as a separate indicator (Fama-French 1992 E(+)/P); across all firms the relation is U-shaped (Jaffe Keim and Westerfield 1989).,factor:value_earnings_yield
book_to_market,seed_metric,book_to_market,daily,,,value,Latest common book equity over market capitalization (B/M).,+1,High book value relative to market value earns the value premium.,Rosenberg Reid and Lanstein 1985 (Journal of Portfolio Management); Fama and French 1992 (Journal of Finance),published_anomaly,book_to_market,yield,rank_normal,negative_book_excluded,max_filing_46h_trade_date_22h,1,1,eligible_with_caveat,sign_flip,Negative common equity gives a negative ratio; Fama-French drop non-positive book equity.,factor:value_book_to_market
fcf_yield,seed_metric,fcf_yield,daily,,,value,Trailing twelve-month free cash flow over market capitalization.,+1,Cash generated per dollar of price is a cash-flow-to-price value ratio that is harder to manage than earnings.,Lakonishok Shleifer and Vishny 1994 (Journal of Finance); Hou Karolyi and Kho 2011 (Review of Financial Studies),published_analogue,cash_flow_to_price,yield,winsor_z,loss_firms_separate,max_filing_46h_trade_date_22h,4,1,eligible_with_caveat,non_monotone,Negative free cash flow leaves the ranked domain and is carried as a separate indicator.,factor:value_free_cash_flow_yield
dividend_yield,seed_metric,dividend_yield,daily,,,value,Trailing twelve-month common dividends over market capitalization (D/P).,+1,Among dividend payers a higher yield is a price-scaled value ratio that earns higher average returns.,Litzenberger and Ramaswamy 1979 (Journal of Financial Economics); Naranjo Nimalendran and Ryngaert 1998 (Journal of Finance); Keim 1985 (Journal of Financial Economics); Christie 1990 (Journal of Financial Economics),published_analogue,dividend_yield,yield,winsor_z,zero_payer_separate,max_filing_46h_trade_date_22h,4,1,eligible_with_caveat,non_monotone|coverage_bias,U-shaped: zero payers earn high returns (Keim 1985; Christie 1990) so non-payers leave the ranked domain and the sign is tested among payers; dividends are read only when tagged in every quarter of the trailing year (the fiscal-year bucket falls back to the annual value) and never imputed as zero so a non-payer that never tags a dividend has no value.,
rd_to_market_equity,seed_metric,rd_to_market_equity,daily,,,value,Trailing twelve-month research and development expense over market capitalization.,+1,Markets underprice expensed intangible investment so high R&D relative to market value earns higher returns.,Chan Lakonishok and Sougiannis 2001 (Journal of Finance),published_anomaly,rd_to_market,yield,winsor_z,unrestricted,max_filing_46h_trade_date_22h,4,1,eligible,,,factor:valuation_rd_to_market_equity
gross_profit_to_ev,seed_metric,gross_profit_to_ev,daily,,,value,Trailing twelve-month gross profit over enterprise value.,+1,An enterprise-value yield on gross profit combines the enterprise-multiple value effect with gross profitability.,Loughran and Wellman 2011 (Journal of Financial and Quantitative Analysis); Novy-Marx 2013 (Journal of Financial Economics),published_analogue,enterprise_value_yield,yield,rank_normal,positive_denominator_required:metric:enterprise_value,max_filing_46h_trade_date_22h,4,1,eligible_with_caveat,sign_flip|presence_rule|unguarded_zero|coverage_bias,Enterprise value is non-positive for net-cash firms and then flips the yield sign; its debt is zero only for an issuer that has never tagged a mapped debt alias (a switch to an unmapped alias has no value) and missing preferred stock and minority interest read as zero.,factor:valuation_gross_profit_enterprise_yield
cfo_to_ev,seed_metric,cfo_to_ev,daily,,,value,Trailing twelve-month operating cash flow over enterprise value.,+1,A capital-structure-neutral cash-flow yield carries the cash-flow-to-price value effect.,Loughran and Wellman 2011 (Journal of Financial and Quantitative Analysis); Lakonishok Shleifer and Vishny 1994 (Journal of Finance),published_analogue,enterprise_value_yield,yield,rank_normal,positive_denominator_required:metric:enterprise_value,max_filing_46h_trade_date_22h,4,1,eligible_with_caveat,sign_flip|presence_rule|unguarded_zero|coverage_bias,Enterprise value is non-positive for net-cash firms and then flips the yield sign; its debt is zero only for an issuer that has never tagged a mapped debt alias (a switch to an unmapped alias has no value) and missing preferred stock and minority interest read as zero.,factor:valuation_operating_cash_flow_enterprise_yield
ebit_to_ev,seed_metric,ebit_to_ev,daily,,,value,Trailing twelve-month operating income over enterprise value.,+1,The inverse enterprise multiple is a capital-structure-neutral value ratio.,Loughran and Wellman 2011 (Journal of Financial and Quantitative Analysis),published_analogue,enterprise_value_yield,yield,rank_normal,positive_denominator_required:metric:enterprise_value,max_filing_46h_trade_date_22h,4,1,eligible_with_caveat,sign_flip|presence_rule|unguarded_zero|coverage_bias,Enterprise value is non-positive for net-cash firms and then flips the yield sign; its debt is zero only for an issuer that has never tagged a mapped debt alias (a switch to an unmapped alias has no value) and missing preferred stock and minority interest read as zero.,factor:valuation_enterprise_yield_ebit
sales_to_ev,seed_metric,sales_to_ev,daily,,,value,Trailing twelve-month revenue over enterprise value.,+1,Sales relative to firm value is a value ratio that stays defined for loss-making firms.,Barbee Mukherji and Raines 1996 (Financial Analysts Journal); Loughran and Wellman 2011 (Journal of Financial and Quantitative Analysis),published_analogue,enterprise_value_yield,yield,rank_normal,positive_denominator_required:metric:enterprise_value,max_filing_46h_trade_date_22h,4,1,eligible_with_caveat,sign_flip|presence_rule|unguarded_zero|coverage_bias,Enterprise value is non-positive for net-cash firms and then flips the yield sign; its debt is zero only for an issuer that has never tagged a mapped debt alias (a switch to an unmapped alias has no value) and missing preferred stock and minority interest read as zero.,factor:valuation_enterprise_yield_sales
sales_to_price,composition,,,metric:revenue_ttm,metric:market_cap,value,Trailing twelve-month revenue over market capitalization (S/P); the monotone inverse of ps_ttm.,+1,Cheap sales relative to price predict higher returns and stay defined through losses.,Barbee Mukherji and Raines 1996 (Financial Analysts Journal); Lakonishok Shleifer and Vishny 1994 (Journal of Finance),published_anomaly,sales_to_price,yield,winsor_z,unrestricted,max_filing_46h_trade_date_22h,4,1,eligible,,,
cfo_to_price,composition,,,metric:cfo_ttm,metric:market_cap,value,Trailing twelve-month operating cash flow over market capitalization (C/P); the monotone inverse of pcf_ttm.,+1,Cash flow to price is a classic value ratio in the contrarian-extrapolation evidence.,Lakonishok Shleifer and Vishny 1994 (Journal of Finance); Hou Xue and Zhang 2020 (Review of Financial Studies),published_anomaly,cash_flow_to_price,yield,winsor_z,loss_firms_separate,max_filing_46h_trade_date_22h,4,1,eligible_with_caveat,non_monotone,Negative operating cash flow leaves the ranked domain and is carried as a separate indicator.,
ebitda_to_ev,composition,,,metric:ebitda_ttm,metric:enterprise_value,value,Trailing twelve-month EBITDA over enterprise value; the monotone inverse of ev_ebitda (the enterprise multiple).,+1,Firms with low enterprise multiples earn higher returns.,Loughran and Wellman 2011 (Journal of Financial and Quantitative Analysis),published_anomaly,enterprise_value_yield,yield,rank_normal,positive_denominator_required:metric:enterprise_value,max_filing_46h_trade_date_22h,4,1,eligible_with_caveat,sign_flip|presence_rule|unguarded_zero|coverage_bias,Enterprise value is non-positive for net-cash firms and then flips the yield sign; its debt is zero only for an issuer that has never tagged a mapped debt alias (a switch to an unmapped alias has no value) and missing preferred stock and minority interest read as zero.,
gross_margin,seed_metric,gross_margin,ttm,,,profitability,Trailing twelve-month gross profit over trailing revenue.,+1,High margins reflect pricing power and profitable firms earn higher returns.,Novy-Marx 2013 (Journal of Financial Economics); Fama and French 2015 (Journal of Financial Economics),economic_conjecture,gross_margin,ratio,winsor_z,unrestricted,conservative_filing_46h,4,0,eligible,,,
operating_margin,seed_metric,operating_margin,ttm,,,profitability,Trailing twelve-month operating income over trailing revenue.,+1,Operating profitability predicts higher returns.,Fama and French 2015 (Journal of Financial Economics); Ball Gerakos Linnainmaa and Nikolaev 2015 (Journal of Financial Economics),published_analogue,operating_margin,ratio,winsor_z,unrestricted,conservative_filing_46h,4,0,eligible,,,
net_margin,seed_metric,net_margin,ttm,,,profitability,Trailing twelve-month net income over trailing revenue.,+1,Bottom-line profitability predicts higher returns.,Haugen and Baker 1996 (Journal of Financial Economics); Fama and French 2015 (Journal of Financial Economics),published_analogue,net_margin,ratio,winsor_z,unrestricted,conservative_filing_46h,4,0,eligible,,,
ebitda_margin,seed_metric,ebitda_margin,ttm,,,profitability,Trailing twelve-month EBITDA over trailing revenue.,+1,Pre-depreciation operating profitability predicts higher returns.,Fama and French 2015 (Journal of Financial Economics); Ball Gerakos Linnainmaa and Nikolaev 2015 (Journal of Financial Economics),published_analogue,operating_margin,ratio,winsor_z,unrestricted,conservative_filing_46h,4,0,eligible,,,
gross_margin_q,seed_metric,gross_margin_q,q,,,profitability,Single-quarter gross profit over single-quarter revenue.,+1,The most recent quarter's margin carries the profitability premium with less staleness than a trailing sum.,Novy-Marx 2013 (Journal of Financial Economics); Hou Xue and Zhang 2015 (Review of Financial Studies),economic_conjecture,gross_margin,ratio,winsor_z,unrestricted,conservative_filing_46h,1,0,eligible_with_caveat,fiscal_seasonality,A single-quarter level carries fiscal seasonality.,
operating_margin_q,seed_metric,operating_margin_q,q,,,profitability,Single-quarter operating income over single-quarter revenue.,+1,The most recent quarter's operating profitability carries the profitability premium.,Fama and French 2015 (Journal of Financial Economics); Hou Xue and Zhang 2015 (Review of Financial Studies),published_analogue,operating_margin,ratio,winsor_z,unrestricted,conservative_filing_46h,1,0,eligible_with_caveat,fiscal_seasonality,A single-quarter level carries fiscal seasonality.,
net_margin_q,seed_metric,net_margin_q,q,,,profitability,Single-quarter net income over single-quarter revenue.,+1,The most recent quarter's net profitability carries the profitability premium.,Haugen and Baker 1996 (Journal of Financial Economics); Hou Xue and Zhang 2015 (Review of Financial Studies),published_analogue,net_margin,ratio,winsor_z,unrestricted,conservative_filing_46h,1,0,eligible_with_caveat,fiscal_seasonality,A single-quarter level carries fiscal seasonality.,
roa,seed_metric,roa,ttm,,,profitability,Trailing twelve-month net income over average total assets.,+1,More profitable firms earn higher returns (profitability premium).,Haugen and Baker 1996 (Journal of Financial Economics); Hou Xue and Zhang 2020 (Review of Financial Studies),published_anomaly,return_on_assets,ratio,winsor_z,unrestricted,conservative_filing_46h,5,0,eligible,,,factor:profitability_roa
roe,seed_metric,roe,ttm,,,profitability,Trailing twelve-month net income to common over average common equity.,+1,High return on equity predicts higher returns (q-factor ROE).,Hou Xue and Zhang 2015 (Review of Financial Studies); Haugen and Baker 1996 (Journal of Financial Economics),published_analogue,return_on_equity,ratio,rank_normal,negative_book_excluded:metric:common_equity_avg2,conservative_filing_46h,5,0,eligible_with_caveat,sign_flip,Negative average common equity inverts the ratio so a loss can read as a positive return.,factor:profitability_roe
roic,seed_metric,roic,ttm,,,profitability,Trailing twelve-month NOPAT over average invested capital net of cash.,+1,High returns on operating capital signal durable profitability independent of leverage.,Fama and French 2015 (Journal of Financial Economics); Hou Xue and Zhang 2015 (Review of Financial Studies),published_analogue,return_on_invested_capital,ratio,rank_normal,positive_denominator_required:metric:invested_capital_avg2,conservative_filing_46h,5,0,eligible_with_caveat,sign_flip|presence_rule|unguarded_zero|coverage_bias,Invested capital net of cash can be non-positive for cash-rich firms and then flips the sign; its debt is zero only for an issuer that has never tagged a mapped debt alias (a switch to an unmapped alias has no value) and missing minority interest reads as zero.,
roic_ex_goodwill,seed_metric,roic_ex_goodwill,ttm,,,profitability,Trailing twelve-month NOPAT over average invested capital net of cash and goodwill.,+1,Returns on organic operating capital strip acquisition premia from the profitability signal.,Fama and French 2015 (Journal of Financial Economics); Hou Xue and Zhang 2015 (Review of Financial Studies),published_analogue,return_on_invested_capital,ratio,rank_normal,positive_denominator_required:metric:invested_capital_ex_goodwill_avg2,conservative_filing_46h,5,0,eligible_with_caveat,sign_flip|presence_rule|unguarded_zero|coverage_bias,Invested capital net of cash and goodwill can be non-positive and then flips the sign; its debt is zero only for an issuer that has never tagged a mapped debt alias (a switch to an unmapped alias has no value) and missing minority interest and goodwill read as zero.,
gross_profitability,seed_metric,gross_profitability,ttm,,,profitability,Trailing twelve-month gross profit over average total assets.,+1,Gross profits-to-assets is the cleanest accounting measure of economic profitability and predicts higher returns.,Novy-Marx 2013 (Journal of Financial Economics),published_anomaly,gross_profitability,ratio,winsor_z,unrestricted,conservative_filing_46h,5,0,eligible,,,factor:profitability_gross_profitability
operating_profitability,seed_metric,operating_profitability,ttm,,,profitability,Trailing twelve-month operating income over average total assets.,+1,Operating profitability scaled by assets predicts higher returns.,Ball Gerakos Linnainmaa and Nikolaev 2015 (Journal of Financial Economics); Fama and French 2015 (Journal of Financial Economics),published_anomaly,operating_profitability,ratio,winsor_z,unrestricted,conservative_filing_46h,5,0,eligible,,,factor:profitability_ball_operating_profitability
cash_profitability,seed_metric,cash_profitability,ttm,,,profitability,Trailing operating income plus depreciation less working-capital accrual changes over average total assets.,+1,Cash-based operating profitability predicts returns and subsumes the accrual anomaly.,Ball Gerakos Linnainmaa and Nikolaev 2016 (Journal of Financial Economics),published_analogue,cash_profitability,ratio,winsor_z,unrestricted,conservative_filing_46h,5,0,eligible_with_caveat,construct_deviation|presence_rule,Ball Gerakos Linnainmaa and Nikolaev add R&D back to operating profit and this construction does not; an issuer that has never tagged a mapped inventory alias has zero inventory change.,factor:profitability_cash_operating_profitability
cfo_to_assets,seed_metric,cfo_to_assets,ttm,,,profitability,Trailing twelve-month operating cash flow over average total assets.,+1,Operating cash profitability predicts higher returns.,Ball Gerakos Linnainmaa and Nikolaev 2016 (Journal of Financial Economics); Piotroski 2000 (Journal of Accounting Research),published_analogue,cash_profitability,ratio,winsor_z,unrestricted,conservative_filing_46h,5,0,eligible,,,factor:quality_operating_cash_flow_to_assets|factor:profitability_operating_cash_flow_to_assets
piotroski_f,seed_metric,piotroski_f,ttm,,,quality,Nine binary signals of profitability and its change and of liquidity and leverage and issuance and efficiency (0 to 9).,+1,Financially strong firms outperform weak ones especially among value stocks.,Piotroski 2000 (Journal of Accounting Research),published_anomaly,piotroski_f_score,score,winsor_z,unrestricted,conservative_filing_46h,9,0,eligible_with_caveat,split_basis|presence_rule|coverage_bias,The equity-offering signal compares period-end share counts a year apart and is comparable only where daily-bar split epochs (R1d) rebase both counts and labeled incomparable otherwise (piotroski_f_cash_issuance reads issuance from cash proceeds instead); long-term debt missing beside reported short-term debt is absent within the reported total and is zero for an issuer that has never tagged a mapped debt alias while a switch to an unmapped alias leaves the leverage signal and so the score without a value.,factor:quality_piotroski_f_score
piotroski_f_cash_issuance,seed_metric,piotroski_f_cash_issuance,ttm,,,quality,Nine binary Piotroski signals (0 to 9) with the no-equity-issuance signal read from trailing cash proceeds of equity issuance.,+1,Financially strong firms outperform weak ones; cash-flow issuance keeps the score free of share-count splits.,Piotroski 2000 (Journal of Accounting Research),published_analogue,piotroski_f_score,score,winsor_z,unrestricted,conservative_filing_46h,9,0,eligible_with_caveat,presence_rule|coverage_bias,Equity issuance is read from cash proceeds (option exercises included) only when tagged in every quarter of the trailing year (the fiscal-year bucket falls back to the annual value) and is never imputed as none since an absent discrete quarter cannot prove absence from a year-to-date or annual fact (non-issuers that never tag the concept have no score); long-term debt missing beside reported short-term debt is absent within the reported total and is zero for an issuer that has never tagged a mapped debt alias while a switch to an unmapped alias leaves the leverage signal and so the score without a value.,
altman_z_book,seed_metric,altman_z_book,ttm,,,quality,Altman Z-score with book equity in the equity-to-liabilities term.,+1,A higher Z means lower bankruptcy risk and distressed firms earn anomalously low returns.,Altman 1968 (Journal of Finance); Dichev 1998 (Journal of Finance),published_analogue,distress_risk,score,rank_normal,unrestricted,conservative_filing_46h,4,0,eligible,,,
altman_z,seed_metric,altman_z,daily,,,quality,Altman Z-score with market equity in the equity-to-liabilities term.,+1,A higher Z means lower bankruptcy risk and high-distress firms earn anomalously low returns.,Dichev 1998 (Journal of Finance); Altman 1968 (Journal of Finance),published_anomaly,distress_risk,score,rank_normal,unrestricted,max_filing_46h_trade_date_22h,4,1,eligible,,,factor:distress_altman_z_score
beneish_m,seed_metric,beneish_m,ttm,,,quality,Beneish eight-variable earnings-manipulation M-score.,-1,A higher probability of earnings manipulation predicts lower returns.,Beneish 1999 (Financial Analysts Journal); Beneish Lee and Nichols 2013 (Financial Analysts Journal),published_anomaly,earnings_manipulation,score,rank_normal,unrestricted,conservative_filing_46h,8,0,eligible,,,factor:quality_low_beneish_m_score
ohlson_o,seed_metric,ohlson_o,ttm,,,quality,Ohlson O-score bankruptcy index (no GNP deflator).,-1,Higher bankruptcy probability predicts lower returns (distress anomaly).,Ohlson 1980 (Journal of Accounting Research); Dichev 1998 (Journal of Finance); Griffin and Lemmon 2002 (Journal of Finance),published_anomaly,distress_risk,score,rank_normal,unrestricted,conservative_filing_46h,8,0,eligible,,,
tax_to_book_income,seed_metric,tax_to_book_income,ttm,,,quality,Trailing twelve-month income tax expense over trailing net income.,+1,Taxable income high relative to book income signals conservative persistent earnings and predicts higher returns.,Lev and Nissim 2004 (The Accounting Review),published_analogue,tax_to_book_income,ratio,rank_normal,positive_denominator_required:metric:net_income_ttm,conservative_filing_46h,4,0,eligible_with_caveat,sign_flip,Negative net income inverts the ratio.,factor:earnings_tax_to_book_income
revenue_growth_yoy,seed_metric,revenue_growth_yoy,ttm,,,growth,Year-over-year growth of trailing twelve-month revenue.,two_sided,The one-year sign is contested: multi-year sales growth is overextrapolated and predicts low returns (Lakonishok Shleifer and Vishny 1994) while recent revenue news drifts in its own direction (Jegadeesh and Livnat 2006); pre-registered two-sided.,Lakonishok Shleifer and Vishny 1994 (Journal of Finance); Jegadeesh and Livnat 2006 (Journal of Accounting and Economics); Hou Xue and Zhang 2020 (Review of Financial Studies),published_analogue,revenue_growth_1y,growth_rate,rank_normal,unrestricted,conservative_filing_46h,8,0,eligible_with_caveat,mixed_evidence,Mixed one-year evidence: the trailing growth rate averages four seasonal quarterly growth rates whose freshest component is the positively signed revenue_q_growth_yoy.,factor:growth_revenue_yoy
revenue_cagr_3y,seed_metric,revenue_cagr_3y,ttm,,,growth,Three-year compound annual growth of trailing revenue with positive endpoints required.,-1,Multi-year sales growth is overextrapolated and mean-reverts so glamour firms underperform.,Lakonishok Shleifer and Vishny 1994 (Journal of Finance); Chan Karceski and Lakonishok 2003 (Journal of Finance),published_analogue,revenue_growth_multi_year,growth_rate,rank_normal,guarded_in_definition,conservative_filing_46h,16,0,eligible,,,factor:growth_revenue_cagr_3y
gross_profit_growth_yoy,seed_metric,gross_profit_growth_yoy,ttm,,,growth,Year-over-year growth of trailing twelve-month gross profit.,+1,Profit growth is fundamental momentum that markets underreact to.,Novy-Marx 2015 (NBER Working Paper 20984); Chan Jegadeesh and Lakonishok 1996 (Journal of Finance),economic_conjecture,gross_profit_growth,growth_rate,rank_normal,unrestricted,conservative_filing_46h,8,0,eligible,,,
operating_income_growth_yoy,seed_metric,operating_income_growth_yoy,ttm,,,growth,Year-over-year growth of trailing twelve-month operating income.,+1,Earnings growth is fundamental momentum that markets underreact to.,Chan Jegadeesh and Lakonishok 1996 (Journal of Finance); Novy-Marx 2015 (NBER Working Paper 20984),published_analogue,earnings_growth_1y,growth_rate,rank_normal,unrestricted,conservative_filing_46h,8,0,eligible,,,
net_income_growth_yoy,seed_metric,net_income_growth_yoy,ttm,,,growth,Year-over-year growth of trailing twelve-month net income over the absolute prior base.,+1,Earnings growth is fundamental momentum that markets underreact to.,Chan Jegadeesh and Lakonishok 1996 (Journal of Finance); Foster Olsen and Shevlin 1984 (The Accounting Review),published_analogue,earnings_growth_1y,growth_rate,rank_normal,unrestricted,conservative_filing_46h,8,0,eligible,,,
eps_diluted_growth_yoy,seed_metric,eps_diluted_growth_yoy,ttm,,,growth,Year-over-year growth of trailing twelve-month diluted EPS over the absolute prior base.,+1,Earnings-per-share growth is the unscaled numerator of standardized unexpected earnings and drifts.,Bernard and Thomas 1989 (Journal of Accounting Research); Chan Jegadeesh and Lakonishok 1996 (Journal of Finance),published_analogue,earnings_growth_1y,growth_rate,rank_normal,unrestricted,conservative_filing_46h,8,0,eligible_with_caveat,split_basis,Trailing diluted EPS sums four quarters each filed on its own split basis and is comparable only where the quarters share one filing clock or daily-bar split epochs (R1d) rebase them and labeled incomparable otherwise.,
cfo_growth_yoy,seed_metric,cfo_growth_yoy,ttm,,,growth,Year-over-year growth of trailing twelve-month operating cash flow.,+1,Cash-flow growth is fundamental momentum that markets underreact to.,Novy-Marx 2015 (NBER Working Paper 20984),economic_conjecture,cash_flow_growth_1y,growth_rate,rank_normal,unrestricted,conservative_filing_46h,8,0,eligible,,,
fcf_growth_yoy,seed_metric,fcf_growth_yoy,ttm,,,growth,Year-over-year growth of trailing twelve-month free cash flow.,+1,Free-cash-flow growth is fundamental momentum that markets underreact to.,Novy-Marx 2015 (NBER Working Paper 20984),economic_conjecture,cash_flow_growth_1y,growth_rate,rank_normal,unrestricted,conservative_filing_46h,8,0,eligible,,,
tax_expense_change_yoy,seed_metric,tax_expense_change_yoy,ttm,,,growth,Year-over-year growth of trailing twelve-month income tax expense.,+1,Rising tax expense signals rising taxable earnings that markets underreact to (tax expense momentum).,Thomas and Zhang 2011 (Journal of Accounting Research),published_analogue,tax_expense_growth,growth_rate,rank_normal,unrestricted,conservative_filing_46h,8,0,eligible,,,factor:earnings_tax_expense_momentum
revenue_growth_qoq,seed_metric,revenue_growth_qoq,ttm,,,growth,Quarter-over-quarter growth of trailing twelve-month revenue.,+1,Sequential improvement in trailing sales is recent fundamental news that markets underreact to.,Jegadeesh and Livnat 2006 (Journal of Accounting and Economics),economic_conjecture,revenue_growth_sequential,growth_rate,rank_normal,unrestricted,conservative_filing_46h,5,0,blocked_incomparable_origin,trailing_span_overlap,A one-quarter change of a trailing sum compares overlapping 365-day spans; the engine labels every value incomparable.,
eps_diluted_growth_qoq,seed_metric,eps_diluted_growth_qoq,ttm,,,growth,Quarter-over-quarter growth of trailing twelve-month diluted EPS.,+1,Sequential improvement in trailing EPS is recent earnings news that markets underreact to.,Bernard and Thomas 1989 (Journal of Accounting Research),economic_conjecture,profit_growth_sequential,growth_rate,rank_normal,unrestricted,conservative_filing_46h,5,0,blocked_incomparable_origin,trailing_span_overlap|split_basis,A one-quarter change of trailing EPS compares overlapping 365-day spans so the engine labels every value incomparable (its split basis would also be gated per row).,
eps_cagr_3y,seed_metric,eps_cagr_3y,ttm,,,growth,Three-year compound annual growth of trailing diluted EPS with positive endpoints required.,-1,Long-horizon earnings growth does not persist but is extrapolated into prices so high past growth underperforms.,Lakonishok Shleifer and Vishny 1994 (Journal of Finance); Chan Karceski and Lakonishok 2003 (Journal of Finance),economic_conjecture,profit_growth_multi_year,growth_rate,rank_normal,guarded_in_definition,conservative_filing_46h,16,0,eligible_with_caveat,split_basis,Per-share trailing EPS twelve quarters apart is comparable only where daily-bar split epochs (R1d) rebase both ends to one split basis and labeled incomparable otherwise.,
cfo_cagr_3y,seed_metric,cfo_cagr_3y,ttm,,,growth,Three-year compound annual growth of trailing operating cash flow with positive endpoints required.,-1,Long-horizon cash-flow growth mean-reverts but is extrapolated into prices.,Lakonishok Shleifer and Vishny 1994 (Journal of Finance); Chan Karceski and Lakonishok 2003 (Journal of Finance),economic_conjecture,cash_flow_growth_multi_year,growth_rate,rank_normal,guarded_in_definition,conservative_filing_46h,16,0,eligible,,,
gross_profit_cagr_3y,seed_metric,gross_profit_cagr_3y,ttm,,,growth,Three-year compound annual growth of trailing gross profit with positive endpoints required.,-1,Long-horizon profit growth mean-reverts but is extrapolated into prices.,Lakonishok Shleifer and Vishny 1994 (Journal of Finance); Chan Karceski and Lakonishok 2003 (Journal of Finance),economic_conjecture,profit_growth_multi_year,growth_rate,rank_normal,guarded_in_definition,conservative_filing_46h,16,0,eligible,,,
operating_income_cagr_3y,seed_metric,operating_income_cagr_3y,ttm,,,growth,Three-year compound annual growth of trailing operating income with positive endpoints required.,-1,Long-horizon profit growth mean-reverts but is extrapolated into prices.,Lakonishok Shleifer and Vishny 1994 (Journal of Finance); Chan Karceski and Lakonishok 2003 (Journal of Finance),economic_conjecture,profit_growth_multi_year,growth_rate,rank_normal,guarded_in_definition,conservative_filing_46h,16,0,eligible,,,
ebitda_cagr_3y,seed_metric,ebitda_cagr_3y,ttm,,,growth,Three-year compound annual growth of trailing EBITDA with positive endpoints required.,-1,Long-horizon profit growth mean-reverts but is extrapolated into prices.,Lakonishok Shleifer and Vishny 1994 (Journal of Finance); Chan Karceski and Lakonishok 2003 (Journal of Finance),economic_conjecture,profit_growth_multi_year,growth_rate,rank_normal,guarded_in_definition,conservative_filing_46h,16,0,eligible,,,
fcf_cagr_3y,seed_metric,fcf_cagr_3y,ttm,,,growth,Three-year compound annual growth of trailing free cash flow with positive endpoints required.,-1,Long-horizon cash-flow growth mean-reverts but is extrapolated into prices.,Lakonishok Shleifer and Vishny 1994 (Journal of Finance); Chan Karceski and Lakonishok 2003 (Journal of Finance),economic_conjecture,cash_flow_growth_multi_year,growth_rate,rank_normal,guarded_in_definition,conservative_filing_46h,16,0,eligible,,,
gross_margin_change_yoy,seed_metric,gross_margin_change_yoy,ttm,,,growth,Year-over-year change in trailing gross margin in fraction points.,+1,Gross-margin improvement is a fundamental signal of future earnings that prices underreact to.,Abarbanell and Bushee 1998 (The Accounting Review); Piotroski 2000 (Journal of Accounting Research),published_anomaly,gross_margin_change,ratio_change,rank_normal,unrestricted,conservative_filing_46h,8,0,eligible,,,factor:profitability_annual_gross_margin_change
operating_margin_change_yoy,seed_metric,operating_margin_change_yoy,ttm,,,growth,Year-over-year change in trailing operating margin in fraction points.,+1,Operating-margin improvement signals future earnings that prices underreact to.,Abarbanell and Bushee 1998 (The Accounting Review); Akbas Jiang and Koch 2017 (The Accounting Review),published_analogue,operating_margin_change,ratio_change,rank_normal,unrestricted,conservative_filing_46h,8,0,eligible,,,factor:profitability_annual_operating_margin_change
net_margin_change_yoy,seed_metric,net_margin_change_yoy,ttm,,,growth,Year-over-year change in trailing net margin in fraction points.,+1,Profit-margin improvement signals future earnings that prices underreact to.,Soliman 2008 (The Accounting Review); Abarbanell and Bushee 1998 (The Accounting Review),published_analogue,net_margin_change,ratio_change,rank_normal,unrestricted,conservative_filing_46h,8,0,eligible,,,factor:profitability_annual_net_margin_change
operating_profitability_change_yoy,seed_metric,operating_profitability_change_yoy,ttm,,,growth,Year-over-year change in operating income over average assets.,+1,A rising profitability trend predicts higher returns.,Akbas Jiang and Koch 2017 (The Accounting Review); Hou Xue and Zhang 2020 (Review of Financial Studies),published_analogue,profitability_change,ratio_change,rank_normal,unrestricted,conservative_filing_46h,9,0,eligible,,,factor:profitability_quarterly_operating_profitability_change_yoy
roe_change_yoy,seed_metric,roe_change_yoy,ttm,,,growth,Year-over-year change in trailing return on average common equity.,+1,Rising ROE signals higher expected investment returns (q5 expected growth; dRoe anomaly).,Hou Xue and Zhang 2020 (Review of Financial Studies); Hou Mo Xue and Zhang 2021 (Review of Finance),published_analogue,profitability_change,ratio_change,rank_normal,guarded_in_definition,conservative_filing_46h,9,0,eligible,,,factor:profitability_q_factor_delta_roe
gross_margin_q_change_yoy,seed_metric,gross_margin_q_change_yoy,q,,,growth,Single-quarter gross margin less the same fiscal quarter's margin a year earlier.,+1,Seasonally differenced gross-margin improvement is fresh fundamental news that prices underreact to.,Abarbanell and Bushee 1998 (The Accounting Review),published_analogue,gross_margin_change,ratio_change,rank_normal,unrestricted,conservative_filing_46h,5,0,eligible,,,factor:profitability_quarterly_gross_margin_change_yoy
operating_margin_q_change_yoy,seed_metric,operating_margin_q_change_yoy,q,,,growth,Single-quarter operating margin less the same fiscal quarter's margin a year earlier.,+1,Seasonally differenced operating-margin improvement is fresh fundamental news.,Abarbanell and Bushee 1998 (The Accounting Review); Akbas Jiang and Koch 2017 (The Accounting Review),published_analogue,operating_margin_change,ratio_change,rank_normal,unrestricted,conservative_filing_46h,5,0,eligible,,,
net_margin_q_change_yoy,seed_metric,net_margin_q_change_yoy,q,,,growth,Single-quarter net margin less the same fiscal quarter's margin a year earlier.,+1,Seasonally differenced net-margin improvement is fresh fundamental news.,Soliman 2008 (The Accounting Review); Abarbanell and Bushee 1998 (The Accounting Review),published_analogue,net_margin_change,ratio_change,rank_normal,unrestricted,conservative_filing_46h,5,0,eligible,,,
revenue_q_growth_yoy,seed_metric,revenue_q_growth_yoy,q,,,growth,Single-quarter revenue growth over the same fiscal quarter a year earlier.,+1,Seasonal-random-walk revenue surprises predict drift in the same direction.,Jegadeesh and Livnat 2006 (Journal of Accounting and Economics),published_analogue,revenue_surprise,growth_rate,rank_normal,unrestricted,conservative_filing_46h,5,0,eligible_with_caveat,filing_clock_lag,Filing-clocked (10-Q plus 46 hours) so the value arrives weeks after the earnings release and misses the announcement return and early drift.,factor:growth_quarterly_revenue_yoy
gross_profit_q_growth_yoy,seed_metric,gross_profit_q_growth_yoy,q,,,growth,Single-quarter gross-profit growth over the same fiscal quarter a year earlier.,+1,Seasonally differenced profit growth is fresh fundamental news that prices underreact to.,Novy-Marx 2015 (NBER Working Paper 20984); Jegadeesh and Livnat 2006 (Journal of Accounting and Economics),economic_conjecture,gross_profit_growth,growth_rate,rank_normal,unrestricted,conservative_filing_46h,5,0,eligible,,,
operating_income_q_growth_yoy,seed_metric,operating_income_q_growth_yoy,q,,,growth,Single-quarter operating-income growth over the same fiscal quarter a year earlier.,+1,Seasonal-random-walk earnings surprises drift (post-earnings-announcement drift).,Foster Olsen and Shevlin 1984 (The Accounting Review); Bernard and Thomas 1989 (Journal of Accounting Research),published_analogue,earnings_surprise,growth_rate,rank_normal,unrestricted,conservative_filing_46h,5,0,eligible_with_caveat,filing_clock_lag,Filing-clocked (10-Q plus 46 hours) so the value arrives weeks after the earnings release and misses the announcement return and early drift.,
net_income_q_growth_yoy,seed_metric,net_income_q_growth_yoy,q,,,growth,Single-quarter net-income growth over the same fiscal quarter a year earlier.,+1,Seasonal-random-walk earnings surprises drift (post-earnings-announcement drift).,Foster Olsen and Shevlin 1984 (The Accounting Review); Bernard and Thomas 1989 (Journal of Accounting Research),published_analogue,earnings_surprise,growth_rate,rank_normal,unrestricted,conservative_filing_46h,5,0,eligible_with_caveat,filing_clock_lag,Filing-clocked (10-Q plus 46 hours) so the value arrives weeks after the earnings release and misses the announcement return and early drift.,
eps_diluted_q_growth_yoy,seed_metric,eps_diluted_q_growth_yoy,q,,,growth,Single-quarter diluted-EPS growth over the same fiscal quarter a year earlier.,+1,The seasonal EPS change is the numerator of standardized unexpected earnings and drifts.,Foster Olsen and Shevlin 1984 (The Accounting Review); Bernard and Thomas 1989 (Journal of Accounting Research),published_analogue,earnings_surprise,growth_rate,rank_normal,unrestricted,conservative_filing_46h,5,0,eligible_with_caveat,split_basis|filing_clock_lag,Per-share quarters a year apart are comparable on one filing's restated comparative or daily-bar split epochs (R1d) and labeled incomparable otherwise; filing-clocked (10-Q plus 46 hours) so the value arrives weeks after the earnings release.,
eps_basic_q_growth_yoy,seed_metric,eps_basic_q_growth_yoy,q,,,growth,Single-quarter basic-EPS growth over the same fiscal quarter a year earlier.,+1,The seasonal EPS change is the numerator of standardized unexpected earnings and drifts.,Foster Olsen and Shevlin 1984 (The Accounting Review); Bernard and Thomas 1989 (Journal of Accounting Research),published_analogue,earnings_surprise,growth_rate,rank_normal,unrestricted,conservative_filing_46h,5,0,eligible_with_caveat,split_basis|filing_clock_lag,Per-share quarters a year apart are comparable on one filing's restated comparative or daily-bar split epochs (R1d) and labeled incomparable otherwise; filing-clocked (10-Q plus 46 hours) so the value arrives weeks after the earnings release.,
cfo_q_growth_yoy,seed_metric,cfo_q_growth_yoy,q,,,growth,Single-quarter operating-cash-flow growth over the same fiscal quarter a year earlier.,+1,Seasonally differenced cash-flow growth is fresh fundamental news that prices underreact to.,Novy-Marx 2015 (NBER Working Paper 20984),economic_conjecture,cash_flow_growth_1y,growth_rate,rank_normal,unrestricted,conservative_filing_46h,5,0,eligible,,,
fcf_q_growth_yoy,seed_metric,fcf_q_growth_yoy,q,,,growth,Single-quarter free-cash-flow growth over the same fiscal quarter a year earlier.,+1,Seasonally differenced free-cash-flow growth is fresh fundamental news that prices underreact to.,Novy-Marx 2015 (NBER Working Paper 20984),economic_conjecture,cash_flow_growth_1y,growth_rate,rank_normal,unrestricted,conservative_filing_46h,5,0,eligible,,,
revenue_q_growth_qoq,seed_metric,revenue_q_growth_qoq,q,,,growth,Single-quarter revenue growth over the immediately preceding fiscal quarter.,+1,Sequential sales improvement is the most recent fundamental news.,Jegadeesh and Livnat 2006 (Journal of Accounting and Economics),economic_conjecture,revenue_growth_sequential,growth_rate,rank_normal,unrestricted,conservative_filing_46h,2,0,eligible_with_caveat,sequential_quarter,Sequential quarters carry fiscal seasonality and unequal quarter lengths; quarterly origin only when adjacency is proven.,
gross_profit_q_growth_qoq,seed_metric,gross_profit_q_growth_qoq,q,,,growth,Single-quarter gross-profit growth over the immediately preceding fiscal quarter.,+1,Sequential profit improvement is the most recent fundamental news.,Novy-Marx 2015 (NBER Working Paper 20984),economic_conjecture,profit_growth_sequential,growth_rate,rank_normal,unrestricted,conservative_filing_46h,2,0,eligible_with_caveat,sequential_quarter,Sequential quarters carry fiscal seasonality and unequal quarter lengths; quarterly origin only when adjacency is proven.,
operating_income_q_growth_qoq,seed_metric,operating_income_q_growth_qoq,q,,,growth,Single-quarter operating-income growth over the immediately preceding fiscal quarter.,+1,Sequential earnings improvement is the most recent fundamental news.,Chan Jegadeesh and Lakonishok 1996 (Journal of Finance),economic_conjecture,profit_growth_sequential,growth_rate,rank_normal,unrestricted,conservative_filing_46h,2,0,eligible_with_caveat,sequential_quarter,Sequential quarters carry fiscal seasonality and unequal quarter lengths; quarterly origin only when adjacency is proven.,
net_income_q_growth_qoq,seed_metric,net_income_q_growth_qoq,q,,,growth,Single-quarter net-income growth over the immediately preceding fiscal quarter.,+1,Sequential earnings improvement is the most recent fundamental news.,Chan Jegadeesh and Lakonishok 1996 (Journal of Finance),economic_conjecture,profit_growth_sequential,growth_rate,rank_normal,unrestricted,conservative_filing_46h,2,0,eligible_with_caveat,sequential_quarter,Sequential quarters carry fiscal seasonality and unequal quarter lengths; quarterly origin only when adjacency is proven.,
cfo_q_growth_qoq,seed_metric,cfo_q_growth_qoq,q,,,growth,Single-quarter operating-cash-flow growth over the immediately preceding fiscal quarter.,+1,Sequential cash-flow improvement is the most recent fundamental news.,Novy-Marx 2015 (NBER Working Paper 20984),economic_conjecture,cash_flow_growth_sequential,growth_rate,rank_normal,unrestricted,conservative_filing_46h,2,0,eligible_with_caveat,sequential_quarter,Sequential quarters carry fiscal seasonality and unequal quarter lengths; quarterly origin only when adjacency is proven.,
fcf_q_growth_qoq,seed_metric,fcf_q_growth_qoq,q,,,growth,Single-quarter free-cash-flow growth over the immediately preceding fiscal quarter.,+1,Sequential free-cash-flow improvement is the most recent fundamental news.,Novy-Marx 2015 (NBER Working Paper 20984),economic_conjecture,cash_flow_growth_sequential,growth_rate,rank_normal,unrestricted,conservative_filing_46h,2,0,eligible_with_caveat,sequential_quarter,Sequential quarters carry fiscal seasonality and unequal quarter lengths; quarterly origin only when adjacency is proven.,
eps_diluted_q_growth_qoq,seed_metric,eps_diluted_q_growth_qoq,q,,,growth,Single-quarter diluted-EPS growth over the immediately preceding fiscal quarter.,+1,Sequential EPS improvement is the most recent earnings news.,Bernard and Thomas 1989 (Journal of Accounting Research),economic_conjecture,profit_growth_sequential,growth_rate,rank_normal,unrestricted,conservative_filing_46h,2,0,eligible_with_caveat,sequential_quarter|split_basis,Adjacent quarters come from different filings so the per-share pair is comparable only where daily-bar split epochs (R1d) rebase it and labeled incomparable otherwise; sequential quarters also carry fiscal seasonality and unequal quarter lengths.,
eps_basic_q_growth_qoq,seed_metric,eps_basic_q_growth_qoq,q,,,growth,Single-quarter basic-EPS growth over the immediately preceding fiscal quarter.,+1,Sequential EPS improvement is the most recent earnings news.,Bernard and Thomas 1989 (Journal of Accounting Research),economic_conjecture,profit_growth_sequential,growth_rate,rank_normal,unrestricted,conservative_filing_46h,2,0,eligible_with_caveat,sequential_quarter|split_basis,Adjacent quarters come from different filings so the per-share pair is comparable only where daily-bar split epochs (R1d) rebase it and labeled incomparable otherwise; sequential quarters also carry fiscal seasonality and unequal quarter lengths.,
eps_diluted_q_growth_yoy_accel,seed_metric,eps_diluted_q_growth_yoy_accel,q,,,growth,This quarter's seasonal diluted-EPS growth less the previous quarter's seasonal growth.,+1,Earnings acceleration is underreacted news beyond the level of earnings growth.,He and Narayanamoorthy 2020 (Journal of Accounting and Economics),published_anomaly,earnings_acceleration,ratio_change,rank_normal,unrestricted,conservative_filing_46h,6,0,eligible_with_caveat,split_basis|filing_clock_lag,Built from per-share seasonal growth: comparable only where each EPS pair shares a filing clock or daily-bar split epochs (R1d) and labeled incomparable otherwise; filing-clocked (10-Q plus 46 hours) so the value arrives weeks after the earnings release.,factor:earnings_quarterly_acceleration
revenue_q_growth_yoy_accel,seed_metric,revenue_q_growth_yoy_accel,q,,,growth,This quarter's seasonal revenue growth less the previous quarter's seasonal growth.,+1,Revenue acceleration is underreacted news in the spirit of earnings acceleration.,He and Narayanamoorthy 2020 (Journal of Accounting and Economics); Jegadeesh and Livnat 2006 (Journal of Accounting and Economics),published_analogue,revenue_acceleration,ratio_change,rank_normal,unrestricted,conservative_filing_46h,6,0,eligible_with_caveat,filing_clock_lag,Filing-clocked (10-Q plus 46 hours) so the value arrives weeks after the earnings release and misses the announcement return and early drift.,
gross_margin_q_change_yoy_accel,seed_metric,gross_margin_q_change_yoy_accel,q,,,growth,This quarter's seasonal gross-margin change less the previous quarter's seasonal change.,+1,Accelerating margin improvement is underreacted fundamental news.,He and Narayanamoorthy 2020 (Journal of Accounting and Economics); Abarbanell and Bushee 1998 (The Accounting Review),economic_conjecture,margin_acceleration,ratio_change,rank_normal,unrestricted,conservative_filing_46h,6,0,eligible_with_caveat,filing_clock_lag,Filing-clocked (10-Q plus 46 hours) so the value arrives weeks after the earnings release and misses the announcement return and early drift.,
operating_margin_q_change_yoy_accel,seed_metric,operating_margin_q_change_yoy_accel,q,,,growth,This quarter's seasonal operating-margin change less the previous quarter's seasonal change.,+1,Accelerating margin improvement is underreacted fundamental news.,He and Narayanamoorthy 2020 (Journal of Accounting and Economics); Abarbanell and Bushee 1998 (The Accounting Review),economic_conjecture,margin_acceleration,ratio_change,rank_normal,unrestricted,conservative_filing_46h,6,0,eligible_with_caveat,filing_clock_lag,Filing-clocked (10-Q plus 46 hours) so the value arrives weeks after the earnings release and misses the announcement return and early drift.,
asset_growth,seed_metric,asset_growth,q,,,investment,Year-over-year growth of total assets.,-1,Firms that grow assets fastest earn low subsequent returns (investment effect).,Cooper Gulen and Schill 2008 (Journal of Finance); Fama and French 2015 (Journal of Financial Economics),published_anomaly,asset_growth,growth_rate,rank_normal,unrestricted,conservative_filing_46h,5,0,eligible,,,factor:investment_asset_growth|factor:investment_conservative_asset_growth
total_assets_cagr_3y,seed_metric,total_assets_cagr_3y,q,,,investment,Three-year compound annual growth of total assets with positive endpoints required.,-1,Sustained asset expansion predicts low returns (investment effect).,Cooper Gulen and Schill 2008 (Journal of Finance); Hou Xue and Zhang 2015 (Review of Financial Studies),published_analogue,asset_growth,growth_rate,rank_normal,guarded_in_definition,conservative_filing_46h,13,0,eligible,,,
book_value_growth_yoy,seed_metric,book_value_growth_yoy,q,,,investment,Year-over-year growth of common book equity.,-1,Equity-financed balance-sheet expansion behaves like investment and predicts lower returns.,Cooper Gulen and Schill 2008 (Journal of Finance); Fama and French 2015 (Journal of Financial Economics),economic_conjecture,book_equity_growth,growth_rate,rank_normal,unrestricted,conservative_filing_46h,5,0,eligible,,,
common_equity_cagr_3y,seed_metric,common_equity_cagr_3y,q,,,investment,Three-year compound annual growth of common equity with positive endpoints required.,-1,Sustained equity expansion behaves like investment and predicts lower returns.,Cooper Gulen and Schill 2008 (Journal of Finance); Fama and French 2015 (Journal of Financial Economics),economic_conjecture,book_equity_growth,growth_rate,rank_normal,guarded_in_definition,conservative_filing_46h,13,0,eligible,,,
delta_noa,seed_metric,delta_noa,q,,,investment,Year-over-year change in net operating assets over lagged total assets.,-1,Growth in net operating assets is investment and accrual build-up that predicts lower returns.,Hirshleifer Hou Teoh and Zhang 2004 (Journal of Accounting and Economics); Hou Xue and Zhang 2020 (Review of Financial Studies),published_anomaly,noa_growth,ratio,winsor_z,unrestricted,conservative_filing_46h,5,0,eligible_with_caveat,presence_rule|coverage_bias,Net operating assets net out debt; debt is zero only for an issuer that has never tagged a mapped debt alias (a switch to an unmapped alias has no value) and a component missing beside a reported one is absent within the reported total.,
capex_growth_yoy,seed_metric,capex_growth_yoy,ttm,,,investment,Year-over-year growth of trailing twelve-month capital expenditure.,-1,Capital-investment growth predicts lower returns as growth options convert to assets in place.,Anderson and Garcia-Feijoo 2006 (Journal of Finance); Xing 2008 (Review of Financial Studies),published_anomaly,capex_growth,growth_rate,rank_normal,unrestricted,conservative_filing_46h,8,0,eligible,,,
capex_q_growth_yoy,seed_metric,capex_q_growth_yoy,q,,,investment,Single-quarter capital-expenditure growth over the same fiscal quarter a year earlier.,-1,Capital-investment growth predicts lower returns.,Anderson and Garcia-Feijoo 2006 (Journal of Finance); Xing 2008 (Review of Financial Studies),published_analogue,capex_growth,growth_rate,rank_normal,unrestricted,conservative_filing_46h,5,0,eligible,,,
capex_q_growth_qoq,seed_metric,capex_q_growth_qoq,q,,,investment,Single-quarter capital-expenditure growth over the immediately preceding fiscal quarter.,-1,Capital-investment growth predicts lower returns.,Anderson and Garcia-Feijoo 2006 (Journal of Finance),economic_conjecture,capex_growth,growth_rate,rank_normal,unrestricted,conservative_filing_46h,2,0,eligible_with_caveat,sequential_quarter,Sequential quarters carry fiscal seasonality and unequal quarter lengths; quarterly origin only when adjacency is proven.,
capex_to_depreciation,seed_metric,capex_to_depreciation,ttm,,,investment,Trailing capital expenditure over trailing depreciation and amortization.,-1,Investment well above replacement signals empire building or overinvestment that predicts lower returns.,Titman Wei and Xie 2004 (Journal of Financial and Quantitative Analysis),economic_conjecture,capex_intensity,ratio,rank_normal,unrestricted,conservative_filing_46h,4,0,eligible,,,
capex_to_sales,seed_metric,capex_to_sales,ttm,,,investment,Trailing capital expenditure over trailing revenue.,-1,High capital investment relative to sales predicts lower returns.,Titman Wei and Xie 2004 (Journal of Financial and Quantitative Analysis),economic_conjecture,capex_intensity,ratio,winsor_z,unrestricted,conservative_filing_46h,4,0,eligible,,,
rd_intensity_sales,seed_metric,rd_intensity_sales,ttm,,,investment,Trailing research and development expense over trailing revenue.,+1,Expensed intangible investment is underpriced; the published sales-scaled evidence is weaker than the market-scaled one.,Chan Lakonishok and Sougiannis 2001 (Journal of Finance); Lev and Sougiannis 1996 (Journal of Accounting and Economics),economic_conjecture,rd_intensity,ratio,rank_normal,unrestricted,conservative_filing_46h,4,0,eligible,,,
rd_expense_growth_yoy,seed_metric,rd_expense_growth_yoy,ttm,,,investment,Year-over-year growth of trailing twelve-month research and development expense.,+1,Markets underreact to the benefits of R&D increases.,Eberhart Maxwell and Siddique 2004 (Journal of Finance),published_analogue,rd_growth,growth_rate,rank_normal,unrestricted,conservative_filing_46h,8,0,eligible,,,factor:intangibles_large_rd_increase
rd_expense_q_growth_yoy,seed_metric,rd_expense_q_growth_yoy,q,,,investment,Single-quarter R&D expense growth over the same fiscal quarter a year earlier.,+1,Markets underreact to the benefits of R&D increases.,Eberhart Maxwell and Siddique 2004 (Journal of Finance),economic_conjecture,rd_growth,growth_rate,rank_normal,unrestricted,conservative_filing_46h,5,0,eligible,,,
rd_expense_q_growth_qoq,seed_metric,rd_expense_q_growth_qoq,q,,,investment,Single-quarter R&D expense growth over the immediately preceding fiscal quarter.,+1,Markets underreact to the benefits of R&D increases.,Eberhart Maxwell and Siddique 2004 (Journal of Finance),economic_conjecture,rd_growth,growth_rate,rank_normal,unrestricted,conservative_filing_46h,2,0,eligible_with_caveat,sequential_quarter,Sequential quarters carry fiscal seasonality and unequal quarter lengths; quarterly origin only when adjacency is proven.,
total_accruals,seed_metric,total_accruals,ttm,,,accruals,Trailing net income less operating cash flow over average total assets.,-1,Accrual-heavy earnings are less persistent than cash earnings and investors overweight them.,Sloan 1996 (The Accounting Review),published_anomaly,accruals,ratio,winsor_z,unrestricted,conservative_filing_46h,5,0,eligible,,,factor:quality_low_total_accruals|factor:quality_cash_earnings
percent_accruals,seed_metric,percent_accruals,ttm,,,accruals,Trailing net income less operating cash flow over absolute trailing net income.,-1,Accruals scaled by earnings identify firms whose earnings are mostly accruals and predict lower returns.,Hafzalla Lundholm and Van Winkle 2011 (The Accounting Review),published_anomaly,accruals,ratio,rank_normal,unrestricted,conservative_filing_46h,4,0,eligible,,,
working_capital_accruals,seed_metric,working_capital_accruals,ttm,,,accruals,Year-over-year change in operating working capital over average total assets.,-1,Working-capital accruals mean-revert and predict lower returns.,Sloan 1996 (The Accounting Review),published_anomaly,accruals,ratio,winsor_z,unrestricted,conservative_filing_46h,5,0,eligible_with_caveat,presence_rule|coverage_bias,Short-term debt missing beside reported long-term debt is absent within the reported total (an intermittent revolver or current portion keeps the value) and is zero for an issuer that has never tagged a mapped debt alias; otherwise missing short-term debt has no value rather than a spurious accrual.,factor:accruals_sloan_working_capital|factor:quality_low_operating_working_capital_accruals
rsst_accruals,seed_metric,rsst_accruals,ttm,,,accruals,Change in net operating assets less debt (total assets less cash and short-term investments less total liabilities) over average total assets (broad accruals: the change in book equity less the change in cash and short-term investments).,-1,Less reliable accruals are less persistent and predict lower returns.,Richardson Sloan Soliman and Tuna 2005 (Journal of Accounting and Economics),published_anomaly,accruals,ratio,winsor_z,unrestricted,conservative_filing_46h,5,0,eligible_with_caveat,construct_deviation,Debt cancels (net operating assets less debt equals total assets less cash and short-term investments less total liabilities) so no debt concept is read; Richardson Sloan Soliman and Tuna net short-term investments against financial assets separately and keep preferred stock and minority interest outside common equity while here they sit in the residual.,factor:quality_low_rsst_accruals
noa_to_assets,seed_metric,noa_to_assets,q,,,accruals,Net operating assets over lagged total assets (cumulative accruals).,-1,Balance-sheet bloat from cumulative accruals predicts lower returns.,Hirshleifer Hou Teoh and Zhang 2004 (Journal of Accounting and Economics),published_anomaly,noa_level,ratio,winsor_z,unrestricted,conservative_filing_46h,5,0,eligible_with_caveat,presence_rule|coverage_bias,Net operating assets net out debt; debt is zero only for an issuer that has never tagged a mapped debt alias (a switch to an unmapped alias has no value) and a component missing beside a reported one is absent within the reported total.,factor:quality_net_operating_assets
debt_to_equity,seed_metric,debt_to_equity,q,,,leverage,Interest-bearing debt over stockholders equity (book leverage).,-1,Low-leverage firms earn higher returns (leverage puzzle).,George and Hwang 2010 (Journal of Financial Economics); Penman Richardson and Tuna 2007 (Journal of Accounting Research),published_analogue,book_leverage,ratio,rank_normal,negative_book_excluded:item:stockholders_equity,conservative_filing_46h,1,0,eligible_with_caveat,sign_flip|presence_rule|coverage_bias,Negative stockholders equity inverts the ratio so the most levered firms read as unlevered; debt is zero only for an issuer that has never tagged a mapped debt alias (a switch to an unmapped alias has no value) and a component missing beside a reported one is absent within the reported total.,factor:leverage_debt_to_equity
debt_to_assets,seed_metric,debt_to_assets,q,,,leverage,Interest-bearing debt over total assets.,-1,Low-leverage firms earn higher returns (leverage puzzle).,George and Hwang 2010 (Journal of Financial Economics); Penman Richardson and Tuna 2007 (Journal of Accounting Research),published_analogue,book_leverage,ratio,winsor_z,unrestricted,conservative_filing_46h,1,0,eligible_with_caveat,presence_rule|coverage_bias,Debt is zero only for an issuer that has never tagged a mapped debt alias (a switch to an unmapped alias has no value) and a component missing beside a reported one is absent within the reported total.,factor:leverage_debt_to_assets
long_term_debt_to_assets,seed_metric,long_term_debt_to_assets,q,,,leverage,Long-term debt over total assets.,-1,Low-leverage firms earn higher returns (leverage puzzle).,George and Hwang 2010 (Journal of Financial Economics),published_analogue,book_leverage,ratio,winsor_z,unrestricted,conservative_filing_46h,1,0,eligible_with_caveat,presence_rule|coverage_bias,Long-term debt missing beside reported short-term debt is absent within the reported total and is zero for an issuer that has never tagged a mapped debt alias; otherwise (a switch to an unmapped alias) missing long-term debt has no value.,
net_debt_ebitda,seed_metric,net_debt_ebitda,ttm,,,leverage,Debt net of cash over trailing EBITDA.,-1,Heavier debt service burdens proxy for distress and low-leverage firms earn higher returns.,George and Hwang 2010 (Journal of Financial Economics); Campbell Hilscher and Szilagyi 2008 (Journal of Finance),economic_conjecture,debt_service,ratio,rank_normal,positive_denominator_required:metric:ebitda_ttm,conservative_filing_46h,4,0,eligible_with_caveat,sign_flip|presence_rule|coverage_bias,Non-positive trailing EBITDA inverts the ratio; debt is zero only for an issuer that has never tagged a mapped debt alias (a switch to an unmapped alias has no value) and a component missing beside a reported one is absent within the reported total.,
interest_coverage,seed_metric,interest_coverage,ttm,,,leverage,Trailing operating income over absolute trailing interest expense.,+1,Better debt-service capacity means lower distress risk and distressed firms earn low returns.,Campbell Hilscher and Szilagyi 2008 (Journal of Finance); Dichev 1998 (Journal of Finance),economic_conjecture,debt_service,ratio,rank_normal,unrestricted,conservative_filing_46h,4,0,eligible,,,
current_ratio,seed_metric,current_ratio,q,,,leverage,Current assets over current liabilities.,+1,Liquidity strength lowers distress risk and is a Piotroski strength signal.,Piotroski 2000 (Journal of Accounting Research); Campbell Hilscher and Szilagyi 2008 (Journal of Finance),economic_conjecture,liquidity,ratio,rank_normal,unrestricted,conservative_filing_46h,1,0,eligible,,,
quick_ratio,seed_metric,quick_ratio,q,,,leverage,Current assets less inventory over current liabilities.,+1,Liquidity strength lowers distress risk.,Piotroski 2000 (Journal of Accounting Research); Campbell Hilscher and Szilagyi 2008 (Journal of Finance),economic_conjecture,liquidity,ratio,rank_normal,unrestricted,conservative_filing_46h,1,0,eligible_with_caveat,presence_rule,Inventory is zero only for an issuer that reports total assets and has never tagged a mapped inventory alias; a switch to an unmapped alias or a skipped quarter has no value rather than the current ratio.,
cash_ratio,seed_metric,cash_ratio,q,,,leverage,Cash and short-term investments over current liabilities.,+1,Cash holdings are positively related to expected returns and lower distress risk.,Palazzo 2012 (Journal of Financial Economics); Campbell Hilscher and Szilagyi 2008 (Journal of Finance),published_analogue,cash_holdings,ratio,rank_normal,unrestricted,conservative_filing_46h,1,0,eligible,,,
debt_to_market,composition,,,metric:total_debt_q,metric:market_cap,leverage,Interest-bearing debt over market capitalization (market leverage).,two_sided,Market leverage is largely the value effect (the A/ME and A/BE effects are equal and opposite and sum to B/M in Fama and French 1992) and net financial leverage is negatively priced after operating B/P (Penman Richardson and Tuna 2007); pre-registered two-sided.,Bhandari 1988 (Journal of Finance); Fama and French 1992 (Journal of Finance); Penman Richardson and Tuna 2007 (Journal of Accounting Research),published_analogue,market_leverage,ratio,rank_normal,unrestricted,max_filing_46h_trade_date_22h,1,1,eligible_with_caveat,mixed_evidence|presence_rule|coverage_bias,Mixed evidence and largely subsumed by B/M: report it controlled for book_to_market; debt is zero only for an issuer that has never tagged a mapped debt alias (a switch to an unmapped alias has no value) and a component missing beside a reported one is absent within the reported total.,
assets_to_market,composition,,,item:total_assets,metric:market_cap,leverage,Total assets over market capitalization (A/ME market leverage).,two_sided,A/ME is B/M times A/BE: its positive premium in Fama and French 1992 is the value effect net of an equal and opposite book-leverage effect and net financial leverage is negatively priced after operating B/P (Penman Richardson and Tuna 2007); pre-registered two-sided.,Fama and French 1992 (Journal of Finance); Penman Richardson and Tuna 2007 (Journal of Accounting Research),published_analogue,market_leverage,ratio,rank_normal,unrestricted,max_filing_46h_trade_date_22h,1,1,eligible_with_caveat,mixed_evidence,Mixed evidence and largely subsumed by B/M: report it controlled for book_to_market.,
net_equity_issuance,seed_metric,net_equity_issuance,ttm,,,payout_issuance,Trailing equity issued less repurchased over average total assets.,-1,Firms issue equity when overvalued and repurchase when undervalued so net issuers underperform.,Pontiff and Woodgate 2008 (Journal of Finance); Bradshaw Richardson and Sloan 2006 (Journal of Accounting and Economics),published_anomaly,equity_issuance,ratio,winsor_z,unrestricted,conservative_filing_46h,5,0,eligible_with_caveat,coverage_bias,Issuance and repurchases are read only when tagged in every quarter of the trailing year (the fiscal-year bucket falls back to the annual value) and never imputed as zero since an absent discrete quarter cannot prove absence from a year-to-date or annual fact; firms that never repurchase or never issue have no value so the heavy-issuer short leg is thinned.,factor:financing_low_net_share_issuance
net_debt_issuance,seed_metric,net_debt_issuance,ttm,,,payout_issuance,Trailing long-term debt issued less repaid over average total assets.,-1,Net debt financing predicts lower returns (external financing anomaly).,Bradshaw Richardson and Sloan 2006 (Journal of Accounting and Economics); Spiess and Affleck-Graves 1999 (Journal of Financial Economics),published_anomaly,net_debt_issuance,ratio,winsor_z,unrestricted,conservative_filing_46h,5,0,eligible_with_caveat,coverage_bias,Debt issuance and repayment are read only when tagged in every quarter of the trailing year (the fiscal-year bucket falls back to the annual value) and never imputed as zero; firms without one of the flows have no value.,factor:financing_low_net_debt_financing
external_financing,seed_metric,external_financing,ttm,,,payout_issuance,Net equity plus net debt financing over average total assets.,-1,Total net external financing predicts lower returns.,Bradshaw Richardson and Sloan 2006 (Journal of Accounting and Economics),published_anomaly,external_financing,ratio,winsor_z,unrestricted,conservative_filing_46h,5,0,eligible_with_caveat,coverage_bias,Each financing flow is read only when tagged in every quarter of the trailing year (the fiscal-year bucket falls back to the annual value) and never imputed as zero; firms missing any flow (often non-repurchasers) have no value.,factor:financing_low_external_financing
shares_growth_yoy,seed_metric,shares_growth_yoy,q,,,payout_issuance,Year-over-year growth of period-end shares outstanding.,-1,Net share issuance predicts lower returns.,Pontiff and Woodgate 2008 (Journal of Finance); Daniel and Titman 2006 (Journal of Finance),published_anomaly,equity_issuance,growth_rate,rank_normal,unrestricted,conservative_filing_46h,5,0,eligible_with_caveat,split_basis,Period-end share counts are balances that no filing restates for a split and are comparable only where daily-bar split epochs (R1d) rebase both counts to one split basis and labeled incomparable otherwise.,
payout_ratio,seed_metric,payout_ratio,ttm,,,payout_issuance,Trailing common dividends over trailing earnings available to common.,+1,A high payout signals management confidence in earnings persistence.,Arnott and Asness 2003 (Financial Analysts Journal),economic_conjecture,payout_ratio,ratio,rank_normal,positive_denominator_required:metric:net_income_common_ttm,conservative_filing_46h,4,0,eligible_with_caveat,sign_flip|coverage_bias,Negative earnings invert the ratio; dividends are read only when tagged in every quarter of the trailing year (the fiscal-year bucket falls back to the annual value) and never imputed as zero so non-payers that never tag a dividend have no value.,
buyback_yield,seed_metric,buyback_yield,daily,,,payout_issuance,Trailing repurchases less issuance over market capitalization.,+1,Net repurchase yield predicts higher returns.,Boudoukh Michaely Richardson and Roberts 2007 (Journal of Finance); Ikenberry Lakonishok and Vermaelen 1995 (Journal of Financial Economics),published_anomaly,equity_issuance,yield,winsor_z,unrestricted,max_filing_46h_trade_date_22h,4,1,eligible_with_caveat,coverage_bias,Repurchases and issuance are read only when tagged in every quarter of the trailing year (the fiscal-year bucket falls back to the annual value) and never imputed as zero; firms without one of the flows have no value.,
net_payout_yield,seed_metric,net_payout_yield,daily,,,payout_issuance,Trailing dividends plus repurchases less issuance over market capitalization.,+1,Net payout yield predicts returns better than dividend yield.,Boudoukh Michaely Richardson and Roberts 2007 (Journal of Finance),published_anomaly,payout_yield,yield,winsor_z,unrestricted,max_filing_46h_trade_date_22h,4,1,eligible_with_caveat,coverage_bias,Dividends repurchases and issuance are each read only when tagged in every quarter of the trailing year (the fiscal-year bucket falls back to the annual value) and never imputed as zero so buyback-only and dividend-only firms that never tag the other flow have no value.,factor:financing_net_payout_yield
total_payout_yield,seed_metric,total_payout_yield,daily,,,payout_issuance,Trailing gross dividends plus gross repurchases over market capitalization.,+1,Total payout yield predicts higher returns.,Boudoukh Michaely Richardson and Roberts 2007 (Journal of Finance),published_anomaly,payout_yield,yield,winsor_z,unrestricted,max_filing_46h_trade_date_22h,4,1,eligible_with_caveat,coverage_bias,Dividends and repurchases are each read only when tagged in every quarter of the trailing year (the fiscal-year bucket falls back to the annual value) and never imputed as zero so buyback-only and dividend-only firms that never tag the other flow have no value.,
shareholder_yield,seed_metric,shareholder_yield,daily,,,payout_issuance,Trailing net payout plus net debt paydown over market capitalization.,+1,Cash returned to all capital providers extends the net payout yield effect.,Boudoukh Michaely Richardson and Roberts 2007 (Journal of Finance); Bradshaw Richardson and Sloan 2006 (Journal of Accounting and Economics),published_analogue,payout_yield,yield,winsor_z,unrestricted,max_filing_46h_trade_date_22h,4,1,eligible_with_caveat,coverage_bias,Each payout and debt flow is read only when tagged in every quarter of the trailing year (the fiscal-year bucket falls back to the annual value) and never imputed as zero; firms missing any flow have no value.,
asset_turnover,seed_metric,asset_turnover,ttm,,,efficiency,Trailing revenue over average total assets.,+1,Efficient asset use predicts higher future profitability and returns.,Soliman 2008 (The Accounting Review); Hou Xue and Zhang 2020 (Review of Financial Studies),published_anomaly,asset_turnover,ratio,winsor_z,unrestricted,conservative_filing_46h,5,0,eligible,,,
asset_turnover_change_yoy,seed_metric,asset_turnover_change_yoy,ttm,,,efficiency,Year-over-year change in revenue over average total assets.,+1,Rising asset turnover predicts higher future earnings that prices underreact to.,Soliman 2008 (The Accounting Review),published_anomaly,asset_turnover_change,ratio_change,winsor_z,unrestricted,conservative_filing_46h,9,0,eligible,,,factor:efficiency_annual_asset_turnover_change
dso_days,seed_metric,dso_days,ttm,,,efficiency,Days sales outstanding: average receivables times 365 over trailing revenue.,-1,A longer collection period lengthens the cash conversion cycle which predicts lower returns.,Wang 2019 (Journal of Financial Economics),published_analogue,cash_conversion_cycle,days,rank_normal,unrestricted,conservative_filing_46h,5,0,eligible,,,
dio_days,seed_metric,dio_days,ttm,,,efficiency,Days inventory outstanding: average inventory times 365 over trailing cost of revenue.,-1,Inventory build-up lengthens the cash conversion cycle and predicts lower returns.,Wang 2019 (Journal of Financial Economics); Thomas and Zhang 2002 (Review of Accounting Studies),published_analogue,cash_conversion_cycle,days,rank_normal,unrestricted,conservative_filing_46h,5,0,eligible,,,
dpo_days,seed_metric,dpo_days,ttm,,,efficiency,Days payables outstanding: average payables times 365 over trailing cost of revenue.,+1,Longer supplier financing shortens the cash conversion cycle.,Wang 2019 (Journal of Financial Economics),published_analogue,cash_conversion_cycle,days,rank_normal,unrestricted,conservative_filing_46h,5,0,eligible,,,
cash_conversion_cycle,seed_metric,cash_conversion_cycle,ttm,,,efficiency,DSO plus DIO less DPO in days.,-1,Firms with long cash conversion cycles earn lower returns.,Wang 2019 (Journal of Financial Economics),published_anomaly,cash_conversion_cycle,days,rank_normal,unrestricted,conservative_filing_46h,5,0,eligible,,,
earnings_variability,seed_metric,earnings_variability,ttm,,,earnings_stability,Twelve-quarter standard deviation of year-over-year trailing diluted-EPS growth.,-1,Volatile earnings are less persistent and firms with volatile fundamentals earn lower returns.,Huang 2009 (Journal of Empirical Finance); Dichev and Tang 2009 (Journal of Accounting and Economics),published_analogue,earnings_variability,dispersion,rank_normal,unrestricted,conservative_filing_46h,19,0,blocked_incomparable_origin,trailing_span_overlap|split_basis,Its elements are trailing-twelve-month growth rates whose 365-day spans never pass the stdev_q single-quarter chain proof so every value is labeled incomparable.,
market_cap,seed_metric,market_cap,daily,,,size,Price times point-in-time shares outstanding.,-1,Small firms earn higher average returns (size effect).,Banz 1981 (Journal of Financial Economics); Fama and French 1992 (Journal of Finance),published_anomaly,size,dollar_level,log_winsor_z,positive_value_required,max_filing_46h_trade_date_22h,0,1,eligible,,,
dollar_volume_20d,seed_metric,dollar_volume_20d,daily,,,size,Twenty-day average daily dollar trading volume.,-1,Thinly traded stocks earn a liquidity premium; dollar volume also proxies size.,Brennan Chordia and Subrahmanyam 1998 (Journal of Financial Economics); Amihud 2002 (Journal of Financial Markets),published_anomaly,trading_liquidity,dollar_level,log_winsor_z,positive_value_required,modeled_trade_date_22h,0,20,eligible,,,
amihud_illiquidity_21d,panel_native,amihud_illiquidity_21d,daily,,,size,Mean absolute daily return per dollar traded (x 1e9) over the positive-volume days of the last 21 XNYS sessions.,+1,Illiquid stocks earn a premium for their price impact.,Amihud 2002 (Journal of Financial Markets),published_anomaly,trading_liquidity,ratio,rank_normal,unrestricted,modeled_trade_date_22h,0,22,eligible_with_caveat,coverage_bias,A line with fewer than 19 positive-volume days or observed returns in the window has no value (zero_volume_in_window or window_gaps) so the most thinly traded names of the illiquid tail are missing.,
turnover_21d,panel_native,turnover_21d,daily,,,size,Mean daily share volume over the last 21 XNYS sessions divided by the verified DEI shares outstanding.,-1,High-turnover stocks earn lower returns: a liquidity premium on low turnover.,Datar Naik and Radcliffe 1998 (Journal of Financial Markets),published_anomaly,trading_liquidity,ratio,rank_normal,unrestricted,max_filing_46h_trade_date_22h,0,21,eligible_with_caveat,coverage_bias,Only lines with a verified DEI share count have a value: multi-class and ADR and unlinked lines and withheld counts are missing and a window holding an exact split or stock-dividend ratio (R1d classifier) has no value.,
momentum_12_1,seed_metric,momentum_12_1,daily,,,momentum,Total return from 252 to 21 trading days before formation (skips the latest month).,+1,Past winners keep outperforming past losers over 3 to 12 months.,Jegadeesh and Titman 1993 (Journal of Finance); Carhart 1997 (Journal of Finance),published_anomaly,momentum,return,winsor_z,unrestricted,modeled_trade_date_22h,0,253,eligible,,,
total_return_12m,seed_metric,total_return_12m,daily,,,momentum,Total return over the last 252 trading days.,+1,Twelve-month winners keep outperforming; the latest month adds a reversal component.,Jegadeesh and Titman 1993 (Journal of Finance),published_analogue,momentum,return,winsor_z,unrestricted,modeled_trade_date_22h,0,253,eligible,,,
total_return_6m,seed_metric,total_return_6m,daily,,,momentum,Total return over the last 126 trading days.,+1,Six-month winners keep outperforming six-month losers.,Jegadeesh and Titman 1993 (Journal of Finance),published_anomaly,momentum,return,winsor_z,unrestricted,modeled_trade_date_22h,0,127,eligible,,,
total_return_3m,seed_metric,total_return_3m,daily,,,momentum,Total return over the last 63 trading days.,+1,Short-formation momentum is positive but weaker than six to twelve months.,Jegadeesh and Titman 1993 (Journal of Finance),published_analogue,momentum,return,winsor_z,unrestricted,modeled_trade_date_22h,0,64,eligible,,,
pct_from_high_252d,panel_native,pct_from_high_252d,daily,,,momentum,Adjusted close over its highest adjusted close in the last 252 XNYS sessions minus one.,+1,Stocks near their 52-week high keep outperforming because investors anchor on the high.,George and Hwang 2004 (Journal of Finance),published_anomaly,momentum,return,winsor_z,unrestricted,modeled_trade_date_22h,0,252,eligible,,,
total_return_1m,seed_metric,total_return_1m,daily,,,reversal,Total return over the last 21 trading days.,-1,Last month's winners reverse next month (short-term reversal from liquidity provision).,Jegadeesh 1990 (Journal of Finance); Lehmann 1990 (Quarterly Journal of Economics),published_anomaly,short_term_reversal,return,winsor_z,unrestricted,modeled_trade_date_22h,0,22,eligible,,,
realized_vol_60d,seed_metric,realized_vol_60d,daily,,,volatility,Annualized 60-day realized volatility of daily log returns.,-1,High-volatility stocks earn anomalously low returns.,Ang Hodrick Xing and Zhang 2006 (Journal of Finance); Baker Bradley and Wurgler 2011 (Financial Analysts Journal),published_analogue,volatility,volatility,log_winsor_z,positive_value_required,modeled_trade_date_22h,0,61,eligible,,,
realized_vol_252d,seed_metric,realized_vol_252d,daily,,,volatility,Annualized 252-day realized volatility of daily log returns.,-1,High-volatility stocks earn anomalously low returns (low-volatility anomaly).,Baker Bradley and Wurgler 2011 (Financial Analysts Journal); Ang Hodrick Xing and Zhang 2006 (Journal of Finance),published_analogue,volatility,volatility,log_winsor_z,positive_value_required,modeled_trade_date_22h,0,253,eligible,,,
max_daily_return_21d,panel_native,max_daily_return_21d,daily,,,volatility,Largest daily return over the last 21 XNYS sessions.,-1,Lottery-like stocks with extreme positive daily returns are overpriced and earn low future returns.,Bali Cakici and Whitelaw 2011 (Journal of Financial Economics),published_anomaly,volatility,return,winsor_z,unrestricted,modeled_trade_date_22h,0,22,eligible,,,
downside_deviation_60d,panel_native,downside_deviation_60d,daily,,,volatility,Annualized zero-target semideviation (root mean square of the negative daily returns) over the last 60 XNYS sessions.,two_sided,Semideviation is downside volatility: low-volatility evidence implies lower returns while downside-risk evidence implies a premium.,Ang Chen and Xing 2006 (Review of Financial Studies); Ang Hodrick Xing and Zhang 2006 (Journal of Finance),published_analogue,volatility,volatility,log_winsor_z,positive_value_required,modeled_trade_date_22h,0,61,eligible_with_caveat,mixed_evidence,Published evidence disagrees on the sign: Ang Chen and Xing price downside beta positively while the low-volatility literature prices total volatility negatively; tested two-sided.,
roe_q,seed_metric,roe_q,q,,,profitability,Single-quarter net income over common equity at the prior quarter end (q-factor ROE).,+1,High current profitability signals high expected investment returns and predicts higher returns.,Hou Xue and Zhang 2015 (Review of Financial Studies); Hou Xue and Zhang 2020 (Review of Financial Studies),published_anomaly,return_on_equity,ratio,rank_normal,guarded_in_definition,conservative_filing_46h,2,0,eligible_with_caveat,fiscal_seasonality|construct_deviation,A single-quarter level carries fiscal seasonality; the value is labeled quarterly only when the opening balance is proven to be the prior quarter end; the numerator is net income including discontinued and extraordinary items where Hou Xue and Zhang use income before extraordinary items.,factor:profitability_q_factor_roe
roa_q,seed_metric,roa_q,q,,,profitability,Single-quarter net income over total assets at the prior quarter end.,+1,Firms with high current profitability earn higher returns and quarterly ROA is its timely form.,Balakrishnan Bartov and Faurel 2010 (Journal of Accounting and Economics); Hou Xue and Zhang 2020 (Review of Financial Studies),published_anomaly,return_on_assets,ratio,winsor_z,guarded_in_definition,conservative_filing_46h,2,0,eligible_with_caveat,fiscal_seasonality|construct_deviation,A single-quarter level carries fiscal seasonality; the value is labeled quarterly only when the opening balance is proven to be the prior quarter end; the numerator is net income including discontinued and extraordinary items where the published constructions use income before extraordinary items.,
rnoa_q,seed_metric,rnoa_q,q,,,profitability,Single-quarter operating income over net operating assets at the prior quarter end.,+1,Core operating profitability on net operating assets predicts higher returns.,Soliman 2008 (The Accounting Review); Hou Xue and Zhang 2020 (Review of Financial Studies),published_anomaly,return_on_net_operating_assets,ratio,rank_normal,guarded_in_definition,conservative_filing_46h,2,0,eligible_with_caveat,fiscal_seasonality|presence_rule|coverage_bias,A single-quarter level carries fiscal seasonality; the value is labeled quarterly only when the opening balance is proven to be the prior quarter end; net operating assets net out debt which is zero only for an issuer that has never tagged a mapped debt alias (a switch to an unmapped alias has no value).,
rnoa,seed_metric,rnoa,ttm,,,profitability,Trailing twelve-month operating income over net operating assets at the start of the trailing year.,+1,Core operating profitability on net operating assets predicts higher returns.,Soliman 2008 (The Accounting Review); Hou Xue and Zhang 2020 (Review of Financial Studies),published_anomaly,return_on_net_operating_assets,ratio,rank_normal,guarded_in_definition,conservative_filing_46h,5,0,eligible_with_caveat,presence_rule|coverage_bias,Net operating assets net out debt; debt is zero only for an issuer that has never tagged a mapped debt alias (a switch to an unmapped alias has no value) and a component missing beside a reported one is absent within the reported total.,
gross_profitability_q,seed_metric,gross_profitability_q,q,,,profitability,Single-quarter gross profit over total assets at the prior quarter end.,+1,Gross profits-to-assets is the cleanest accounting measure of economic profitability and predicts higher returns.,Novy-Marx 2013 (Journal of Financial Economics); Hou Xue and Zhang 2020 (Review of Financial Studies),published_anomaly,gross_profitability,ratio,winsor_z,guarded_in_definition,conservative_filing_46h,2,0,eligible_with_caveat,fiscal_seasonality,A single-quarter level carries fiscal seasonality; the value is labeled quarterly only when the opening balance is proven to be the prior quarter end.,factor:profitability_quarterly_gross_profitability_lagged_assets
operating_profitability_q,seed_metric,operating_profitability_q,q,,,profitability,Single-quarter gross profit less SG&A (before R&D; selling plus general and administrative expense when no SG&A total is tagged) over total assets at the prior quarter end.,+1,Operating profitability before R&D predicts higher returns and subsumes gross profitability.,Ball Gerakos Linnainmaa and Nikolaev 2015 (Journal of Financial Economics); Hou Xue and Zhang 2020 (Review of Financial Studies),published_anomaly,operating_profitability,ratio,winsor_z,guarded_in_definition,conservative_filing_46h,2,0,eligible_with_caveat,fiscal_seasonality,A single-quarter level carries fiscal seasonality; the value is labeled quarterly only when the opening balance is proven to be the prior quarter end.,factor:profitability_quarterly_operating_profitability_lagged_assets
cfo_to_assets_q,seed_metric,cfo_to_assets_q,q,,,profitability,Single-quarter operating cash flow over total assets at the prior quarter end.,+1,Cash profitability predicts higher returns and is less exposed to accrual reversal than earnings.,Ball Gerakos Linnainmaa and Nikolaev 2016 (Journal of Financial Economics); Sloan 1996 (The Accounting Review),published_analogue,cash_profitability,ratio,winsor_z,guarded_in_definition,conservative_filing_46h,2,0,eligible_with_caveat,fiscal_seasonality,A single-quarter level carries fiscal seasonality; the value is labeled quarterly only when the opening balance is proven to be the prior quarter end.,
fcf_to_assets,seed_metric,fcf_to_assets,ttm,,,profitability,Trailing twelve-month free cash flow over average total assets.,+1,Cash flow after investment is the quality-minus-junk cash profitability measure and predicts higher returns.,Asness Frazzini and Pedersen 2019 (Review of Accounting Studies),published_analogue,cash_profitability,ratio,winsor_z,unrestricted,conservative_filing_46h,5,0,eligible,,,
sue_ni,seed_metric,sue_ni,q,,,growth,Seasonal change in quarterly net income over the sample standard deviation of the eight preceding seasonal changes (standardized unexpected earnings on net income).,+1,Prices underreact to earnings news so firms with high standardized surprises drift upward (post-earnings-announcement drift).,Foster Olsen and Shevlin 1984 (The Accounting Review); Bernard and Thomas 1989 (Journal of Accounting Research); Chan Jegadeesh and Lakonishok 1996 (Journal of Finance),published_analogue,earnings_surprise,ratio,rank_normal,unrestricted,conservative_filing_46h,13,0,eligible_with_caveat,filing_clock_lag|construct_deviation,Filing-clocked (10-Q plus 46 hours) so the value arrives weeks after the earnings release and misses the announcement return and early drift; net income replaces EPS before extraordinary items to stay share-basis-free.,
sue_revenue,seed_metric,sue_revenue,q,,,growth,Seasonal change in quarterly revenue over the sample standard deviation of the eight preceding seasonal changes (standardized unexpected revenue).,+1,Revenue surprises carry information beyond earnings surprises and prices drift in their direction.,Jegadeesh and Livnat 2006 (Journal of Accounting and Economics),published_analogue,revenue_surprise,ratio,rank_normal,unrestricted,conservative_filing_46h,13,0,eligible_with_caveat,filing_clock_lag,Filing-clocked (10-Q plus 46 hours) so the value arrives weeks after the earnings release and misses the announcement return and early drift.,
earnings_surprise_to_market,composition,,,metric:ni_q_change_yoy,metric:market_cap,growth,Seasonal change in quarterly net income over market capitalization (price-scaled earnings surprise).,+1,Price-deflated seasonal earnings surprises predict post-announcement drift in the surprise direction.,Livnat and Mendenhall 2006 (Journal of Accounting Research); Bernard and Thomas 1989 (Journal of Accounting Research),published_analogue,earnings_surprise,yield,rank_normal,unrestricted,max_filing_46h_trade_date_22h,5,1,eligible_with_caveat,filing_clock_lag,Filing-clocked (10-Q plus 46 hours) so the value arrives weeks after the earnings release and misses the announcement return and early drift.,
roe_q_change_yoy,seed_metric,roe_q_change_yoy,q,,,growth,Single-quarter ROE less the same fiscal quarter's ROE a year earlier (dRoe).,+1,Rising profitability signals higher expected investment returns (q5 expected-growth channel).,Hou Xue and Zhang 2020 (Review of Financial Studies); Hou Mo Xue and Zhang 2021 (Review of Finance),published_anomaly,profitability_change,ratio_change,rank_normal,guarded_in_definition,conservative_filing_46h,6,0,eligible,,,
roa_q_change_yoy,seed_metric,roa_q_change_yoy,q,,,growth,Single-quarter ROA less the same fiscal quarter's ROA a year earlier (dRoa).,+1,Improving profitability is underreacted fundamental news that predicts higher returns.,Balakrishnan Bartov and Faurel 2010 (Journal of Accounting and Economics); Hou Xue and Zhang 2020 (Review of Financial Studies),published_anomaly,profitability_change,ratio_change,rank_normal,guarded_in_definition,conservative_filing_46h,6,0,eligible,,,
sga_to_sales,seed_metric,sga_to_sales,ttm,,,efficiency,Trailing twelve-month SG&A over trailing revenue.,two_sided,SG&A builds organization capital that markets may underprice (positive) but is also operating cost that lowers the margins the profitability rows sign positive; pre-registered two-sided.,Eisfeldt and Papanikolaou 2013 (Journal of Finance); Novy-Marx 2013 (Journal of Financial Economics),economic_conjecture,sga_intensity,ratio,winsor_z,unrestricted,conservative_filing_46h,4,0,eligible_with_caveat,mixed_evidence|construct_deviation,Eisfeldt and Papanikolaou capitalize SG&A into an organization-capital stock over assets within industries; a flow over sales is a conjecture.,
sga_growth_less_sales_growth,seed_metric,sga_growth_less_sales_growth,q,,,efficiency,Year-over-year quarterly SG&A growth less year-over-year quarterly revenue growth.,-1,SG&A growing faster than sales signals cost inefficiency or weakening demand and predicts lower returns.,Lev and Thiagarajan 1993 (Journal of Accounting Research); Abarbanell and Bushee 1998 (The Accounting Review),published_analogue,fundamental_signals,growth_rate,rank_normal,unrestricted,conservative_filing_46h,5,0,eligible,,,
inventory_growth_less_sales_growth,seed_metric,inventory_growth_less_sales_growth,q,,,efficiency,Year-over-year inventory growth less year-over-year quarterly revenue growth.,-1,Inventory growing faster than sales signals demand weakness or earnings management and predicts lower returns.,Lev and Thiagarajan 1993 (Journal of Accounting Research); Abarbanell and Bushee 1998 (The Accounting Review),published_analogue,fundamental_signals,growth_rate,rank_normal,unrestricted,conservative_filing_46h,5,0,eligible,,,factor:investment_low_abnormal_inventory_growth
receivables_growth_less_sales_growth,seed_metric,receivables_growth_less_sales_growth,q,,,efficiency,Year-over-year receivables growth less year-over-year quarterly revenue growth.,-1,Receivables growing faster than sales signal aggressive revenue recognition or collection problems and predict lower returns.,Lev and Thiagarajan 1993 (Journal of Accounting Research); Abarbanell and Bushee 1998 (The Accounting Review),published_analogue,fundamental_signals,growth_rate,rank_normal,unrestricted,conservative_filing_46h,5,0,eligible,,,factor:quality_low_abnormal_receivables_growth
sales_growth_less_gross_profit_growth,seed_metric,sales_growth_less_gross_profit_growth,q,,,efficiency,Year-over-year quarterly revenue growth less year-over-year quarterly gross-profit growth.,-1,Gross profit lagging sales signals margin pressure and predicts lower returns.,Lev and Thiagarajan 1993 (Journal of Accounting Research); Abarbanell and Bushee 1998 (The Accounting Review),published_analogue,gross_margin_change,growth_rate,rank_normal,unrestricted,conservative_filing_46h,5,0,eligible,,,
noa_turnover,seed_metric,noa_turnover,ttm,,,efficiency,Trailing twelve-month revenue over net operating assets at the start of the trailing year (ATO).,+1,Efficient use of net operating assets predicts higher future profitability and returns.,Soliman 2008 (The Accounting Review); Hou Xue and Zhang 2020 (Review of Financial Studies),published_anomaly,asset_turnover,ratio,rank_normal,guarded_in_definition,conservative_filing_46h,5,0,eligible_with_caveat,presence_rule|coverage_bias,Net operating assets net out debt; debt is zero only for an issuer that has never tagged a mapped debt alias (a switch to an unmapped alias has no value) and a component missing beside a reported one is absent within the reported total.,
noa_turnover_change_yoy,seed_metric,noa_turnover_change_yoy,ttm,,,efficiency,Year-over-year change in trailing revenue over opening net operating assets.,+1,Rising asset turnover predicts higher future earnings that prices underreact to.,Soliman 2008 (The Accounting Review),published_anomaly,asset_turnover_change,ratio_change,rank_normal,guarded_in_definition,conservative_filing_46h,9,0,eligible_with_caveat,presence_rule|coverage_bias,Net operating assets net out debt; debt is zero only for an issuer that has never tagged a mapped debt alias (a switch to an unmapped alias has no value) and a component missing beside a reported one is absent within the reported total.,factor:efficiency_annual_noa_proxy_turnover_change
roe_variability_8q,seed_metric,roe_variability_8q,q,,,earnings_stability,Eight-quarter sample standard deviation of single-quarter ROE.,-1,Volatile profitability is junk; firms with stable ROE earn higher risk-adjusted returns.,Asness Frazzini and Pedersen 2019 (Review of Accounting Studies); Mohanram 2005 (Review of Accounting Studies),published_analogue,profitability_variability,dispersion,rank_normal,unrestricted,conservative_filing_46h,9,0,eligible_with_caveat,fiscal_seasonality,Fiscal seasonality in single-quarter ROE inflates the dispersion of seasonal businesses.,
roa_variability_8q,seed_metric,roa_variability_8q,q,,,earnings_stability,Eight-quarter sample standard deviation of single-quarter ROA.,-1,Stable earnings are more persistent and low earnings variability predicts higher returns.,Mohanram 2005 (Review of Accounting Studies); Dichev and Tang 2009 (Journal of Accounting and Economics),published_analogue,profitability_variability,dispersion,rank_normal,unrestricted,conservative_filing_46h,9,0,eligible_with_caveat,fiscal_seasonality,Fiscal seasonality in single-quarter ROA inflates the dispersion of seasonal businesses.,
cfo_variability_8q,seed_metric,cfo_variability_8q,q,,,earnings_stability,Eight-quarter sample standard deviation of single-quarter operating cash flow over opening total assets.,-1,Firms with volatile cash flows earn lower returns.,Huang 2009 (Journal of Empirical Finance),published_analogue,cash_flow_variability,dispersion,rank_normal,unrestricted,conservative_filing_46h,9,0,eligible_with_caveat,fiscal_seasonality,Fiscal seasonality in single-quarter operating cash flow inflates the dispersion of seasonal businesses.,
sales_growth_variability_8q,seed_metric,sales_growth_variability_8q,q,,,earnings_stability,Eight-quarter sample standard deviation of year-over-year quarterly revenue growth.,-1,Volatile sales growth is less predictable and low sales-growth variability predicts higher returns.,Mohanram 2005 (Review of Accounting Studies),published_analogue,sales_growth_variability,dispersion,rank_normal,unrestricted,conservative_filing_46h,12,0,eligible,,,
investment_to_assets,seed_metric,investment_to_assets,q,,,investment,Year-over-year change in net PP&E plus the year-over-year change in inventory over total assets four quarters earlier (I/A).,-1,Firms that invest more relative to their assets have lower expected returns (q-theory investment effect).,Lyandres Sun and Zhang 2008 (Review of Financial Studies); Hou Xue and Zhang 2020 (Review of Financial Studies),published_anomaly,investment_to_assets,ratio,winsor_z,guarded_in_definition,conservative_filing_46h,5,0,eligible_with_caveat,construct_deviation|presence_rule,Net PP&E replaces the gross PP&E of Lyandres Sun and Zhang so one PP&E basis spans every issuer and fiscal quarter (gross PP&E is often reported only in the annual note and would jump each fiscal fourth quarter by the year's depreciation); a filer moving to the combined PP&E and finance-lease right-of-use alias at ASC 842 adoption shows a one-time change equal to that asset; an issuer that has never tagged a mapped inventory alias has zero inventory change and otherwise missing inventory has no value.,
inventory_change_to_assets,seed_metric,inventory_change_to_assets,q,,,investment,Year-over-year change in inventory over average total assets.,-1,Inventory build-ups signal slowing demand and accrual reversal and predict lower returns.,Thomas and Zhang 2002 (Review of Accounting Studies); Hou Xue and Zhang 2020 (Review of Financial Studies),published_anomaly,inventory_change,ratio,winsor_z,unrestricted,conservative_filing_46h,5,0,eligible_with_caveat,presence_rule,An issuer that has never tagged a mapped inventory alias has zero inventory change; otherwise (a switch to an unmapped alias included) missing inventory has no value.,
capex_to_assets,seed_metric,capex_to_assets,ttm,,,investment,Trailing twelve-month capital expenditure over average total assets.,-1,High capital investment relative to assets predicts lower returns.,Titman Wei and Xie 2004 (Journal of Financial and Quantitative Analysis); Polk and Sapienza 2009 (Review of Financial Studies),published_analogue,capex_intensity,ratio,winsor_z,unrestricted,conservative_filing_46h,5,0,eligible,,,factor:investment_capex_to_assets
capex_growth_2y,seed_metric,capex_growth_2y,ttm,,,investment,Two-year growth of trailing twelve-month capital expenditure.,-1,Capital-investment growth predicts lower returns as growth options convert into assets in place.,Anderson and Garcia-Feijoo 2006 (Journal of Finance); Hou Xue and Zhang 2020 (Review of Financial Studies),published_anomaly,capex_growth,growth_rate,rank_normal,unrestricted,conservative_filing_46h,12,0,eligible,,,
capex_growth_3y,seed_metric,capex_growth_3y,ttm,,,investment,Three-year growth of trailing twelve-month capital expenditure.,-1,Capital-investment growth predicts lower returns as growth options convert into assets in place.,Anderson and Garcia-Feijoo 2006 (Journal of Finance); Hou Xue and Zhang 2020 (Review of Financial Studies),published_anomaly,capex_growth,growth_rate,rank_normal,unrestricted,conservative_filing_46h,16,0,eligible,,,
rd_to_assets,seed_metric,rd_to_assets,ttm,,,investment,Trailing twelve-month R&D expense over average total assets.,+1,R&D-intensive firms earn higher returns because markets underprice intangible investment and its risk.,Li 2011 (Review of Financial Studies); Chan Lakonishok and Sougiannis 2001 (Journal of Finance),published_analogue,rd_intensity,ratio,winsor_z,unrestricted,conservative_filing_46h,5,0,eligible,,,
share_issuance_1y,seed_metric,share_issuance_1y,q,,,payout_issuance,Log change in quarterly weighted-average basic shares over the same fiscal quarter a year earlier (a weighted-share analogue of split-adjusted shares outstanding).,-1,Firms issue shares when overvalued and repurchase when undervalued so net issuers underperform.,Pontiff and Woodgate 2008 (Journal of Finance); Daniel and Titman 2006 (Journal of Finance),published_analogue,equity_issuance,growth_rate,rank_normal,unrestricted,conservative_filing_46h,5,0,eligible_with_caveat,split_basis|coverage_bias,Fiscal fourth quarters have no value where only annual weighted shares are reported; the two counts are comparable on one filing's restated comparative or daily-bar split epochs (R1d) and labeled incomparable otherwise.,
share_issuance_3y,seed_metric,share_issuance_3y,q,,,payout_issuance,Three-year log change in period-end shares outstanding.,-1,Sustained net issuance predicts lower returns (composite issuance effect).,Daniel and Titman 2006 (Journal of Finance); Pontiff and Woodgate 2008 (Journal of Finance),published_anomaly,equity_issuance,growth_rate,rank_normal,unrestricted,conservative_filing_46h,13,0,eligible_with_caveat,split_basis,Period-end share counts twelve quarters apart are never restated for splits and are comparable only where daily-bar split epochs (R1d) rebase both counts to one split basis and labeled incomparable otherwise.,
debt_to_assets_change_yoy,seed_metric,debt_to_assets_change_yoy,q,,,leverage,Year-over-year change in total debt over total assets.,-1,Rising leverage signals deteriorating financial strength (Piotroski leverage signal).,Piotroski 2000 (Journal of Accounting Research),published_analogue,leverage_change,ratio_change,rank_normal,unrestricted,conservative_filing_46h,5,0,eligible_with_caveat,presence_rule|coverage_bias,Debt is zero only for an issuer that has never tagged a mapped debt alias and a component missing beside a reported one is absent within the reported total; a switch to an unmapped alias has no value and never reads as a deleveraging change.,
net_debt_to_book_equity,seed_metric,net_debt_to_book_equity,q,,,leverage,Total debt less cash and short-term investments over common equity (financing leverage).,-1,Net financial leverage relative to book equity predicts lower returns once operating liability leverage is separated.,Penman Richardson and Tuna 2007 (Journal of Accounting Research),published_analogue,book_leverage,ratio,rank_normal,guarded_in_definition,conservative_filing_46h,1,0,eligible_with_caveat,presence_rule|coverage_bias,Debt is zero only for an issuer that has never tagged a mapped debt alias and a component missing beside a reported one is absent within the reported total; a switch to an unmapped alias has no value (never a spurious net-cash reading).,
current_ratio_change_yoy,seed_metric,current_ratio_change_yoy,q,,,leverage,Year-over-year change in current assets over current liabilities.,+1,Improving liquidity is a Piotroski financial-strength signal.,Piotroski 2000 (Journal of Accounting Research),published_analogue,liquidity_change,ratio_change,rank_normal,unrestricted,conservative_filing_46h,5,0,eligible,,,
operating_leverage,seed_metric,operating_leverage,ttm,,,leverage,Trailing cost of revenue plus trailing SG&A over average total assets.,+1,Firms with high operating costs relative to assets carry operating leverage risk and earn higher returns.,Novy-Marx 2011 (Review of Finance),published_anomaly,operating_leverage,ratio,winsor_z,unrestricted,conservative_filing_46h,5,0,eligible_with_caveat,construct_deviation,XBRL SG&A excludes separately reported R&D which the Compustat XSGA of Novy-Marx includes.,
cash_to_assets,seed_metric,cash_to_assets,q,,,quality,Cash and short-term investments over total assets.,+1,Cash holdings hedge the future investment needs of risky firms and are positively related to expected returns.,Palazzo 2012 (Journal of Financial Economics),published_anomaly,cash_holdings,ratio,winsor_z,guarded_in_definition,conservative_filing_46h,1,0,eligible,,,
